Time,LD_position(m),position(m),LD_speed(m/s),speed(m/s),LD_acc(m/s^2),acc(m/s^2),No. of Trajectory,spacing (m)
0.1,26.654,0,14.054,14.484,1.0973,-0.03048,1,26.654
0.2,28.06,1.4484,14.164,14.481,-1.0058,-0.03048,1,26.6116
0.3,29.476,2.8965,14.063,14.478,-2.286,0.06096,1,26.5795
0.4,30.882,4.3443,13.835,14.484,-0.88392,-0.03048,1,26.5377
0.5,32.266,5.7927,13.746,14.481,0.85344,1.78E-13,1,26.4733
0.6,33.64,7.2408,13.832,14.481,2.1641,0.36576,1,26.3992
0.7,35.024,8.6889,14.048,14.518,1.0058,-0.73152,1,26.3351
0.8,36.428,10.141,14.149,14.444,-0.51816,-1.4326,1,26.287
0.9,37.843,11.585,14.097,14.301,-7.11E-13,-0.57912,1,26.258
1,39.253,13.015,14.097,14.243,0,0.54864,1,26.238
1.1,40.663,14.44,14.097,14.298,-0.03048,1.463,1,26.223
1.2,42.072,15.869,14.094,14.444,0.03048,0.70104,1,26.203
1.3,43.482,17.314,14.097,14.515,-0.03048,-0.33528,1,26.168
1.4,44.892,18.765,14.094,14.481,0.06096,-0.03048,1,26.127
1.5,46.301,20.213,14.1,14.478,0.1524,0.03048,1,26.088
1.6,47.711,21.661,14.115,14.481,0.03048,-0.03048,1,26.05
1.7,49.122,23.109,14.118,14.478,-0.48768,0.03048,1,26.013
1.8,50.534,24.557,14.07,14.481,-0.73152,-0.03048,1,25.977
1.9,51.941,26.005,13.996,14.478,-2.4689,0.03048,1,25.936
2,53.341,27.453,13.75,14.481,-2.987,0.4572,1,25.888
2.1,54.716,28.901,13.451,14.527,-1.1582,-0.94488,1,25.815
2.2,56.061,30.354,13.335,14.432,0.73152,-2.0117,1,25.707
2.3,57.394,31.797,13.408,14.231,1.9507,-0.73152,1,25.597
2.4,58.735,33.22,13.603,14.158,0.85344,0.73152,1,25.515
2.5,60.096,34.636,13.689,14.231,-0.39624,2.0117,1,25.46
2.6,61.464,36.059,13.649,14.432,-0.03048,0.9144,1,25.405
2.7,62.829,37.502,13.646,14.524,-2.13E-12,-0.4572,1,25.327
2.8,64.194,38.955,13.646,14.478,1.42E-12,-0.03048,1,25.239
2.9,65.559,40.402,13.646,14.475,0.03048,0.03048,1,25.157
3,66.923,41.85,13.649,14.478,-0.03048,-0.03048,1,25.073
3.1,68.288,43.298,13.646,14.475,0,0.03048,1,24.99
3.2,69.653,44.745,13.646,14.478,0,0,1,24.908
3.3,71.017,46.193,13.646,14.478,1.2192,-0.03048,1,24.824
3.4,72.382,47.641,13.768,14.475,-2.4689,0,1,24.741
3.5,73.759,49.088,13.521,14.475,-4.8158,0.06096,1,24.671
3.6,75.111,50.536,13.039,14.481,-1.524,0.6096,1,24.575
3.7,76.415,51.984,12.887,14.542,1.463,-0.73152,1,24.431
3.8,77.703,53.438,13.033,14.469,2.7432,-2.4079,1,24.265
3.9,79.007,54.885,13.308,14.228,-1.7069,-2.4994,1,24.122
4,80.337,56.308,13.137,13.978,-4.7549,-1.7678,1,24.029
4.1,81.651,57.706,12.661,13.801,-0.70104,-0.09144,1,23.945
4.2,82.917,59.086,12.591,13.792,1.585,0.12192,1,23.831
4.3,84.176,60.465,12.75,13.804,1.7069,-0.33528,1,23.711
4.4,85.451,61.845,12.92,13.771,0.762,0.21336,1,23.606
4.5,86.743,63.223,12.997,13.792,0,0.06096,1,23.52
4.6,88.043,64.602,12.997,13.798,-0.42672,-0.03048,1,23.441
4.7,89.343,65.982,12.954,13.795,-1.4021,0.03048,1,23.361
4.8,90.638,67.361,12.814,13.798,-2.1641,-0.06096,1,23.277
4.9,91.919,68.741,12.597,13.792,-1.0668,0.03048,1,23.178
5,93.179,70.12,12.491,13.795,1.0973,1.1887,1,23.059
5.1,94.428,71.5,12.6,13.914,2.1336,-2.3165,1,22.928
5.2,95.688,72.891,12.814,13.682,1.463,-4.8463,1,22.797
5.3,96.97,74.259,12.96,13.198,0.21336,-1.8898,1,22.711
5.4,98.266,75.579,12.981,13.009,-0.39624,1.7069,1,22.687
5.5,99.564,76.88,12.942,13.18,0.18288,5.4559,1,22.684
5.6,100.86,78.198,12.96,13.725,0.6096,2.7432,1,22.662
5.7,102.15,79.57,13.021,13.999,-0.79248,-6.157,1,22.58
5.8,103.46,80.97,12.942,13.384,-4.4806,-6.157,1,22.49
5.9,104.75,82.309,12.494,12.768,-4.5415,-7.1323,1,22.441
6,106,83.586,12.04,12.055,-4.6939,-7.681,1,22.414
6.1,107.2,84.791,11.57,11.287,-4.6025,-5.9131,1,22.409
6.2,108.36,85.92,11.11,10.695,-4.3282,-7.7724,1,22.44
6.3,109.47,86.989,10.677,9.9182,-4.9378,1.2497,1,22.481
6.4,110.54,87.981,10.183,10.043,-0.73152,4.572,1,22.559
6.5,111.56,88.985,10.11,10.5,1.585,3.3223,1,22.575
6.6,112.57,90.035,10.269,10.833,3.2004,0.24384,1,22.535
6.7,113.6,91.119,10.589,10.857,1.585,-1.4935,1,22.481
6.8,114.65,92.204,10.747,10.708,-0.79248,-1.0668,1,22.446
6.9,115.73,93.275,10.668,10.601,-0.03048,1.2192,1,22.455
7,116.8,94.335,10.665,10.723,0.03048,1.4021,1,22.465
7.1,117.86,95.408,10.668,10.863,0,-1.7678,1,22.452
7.2,118.93,96.494,10.668,10.686,0,-5.334,1,22.436
7.3,120,97.563,10.668,10.153,0,-4.2367,1,22.437
7.4,121.06,98.578,10.668,9.7292,-0.06096,-4.2977,1,22.482
7.5,122.13,99.551,10.662,9.2994,0.12192,-5.3035,1,22.579
7.6,123.2,100.48,10.674,8.7691,0.36576,-1.6764,1,22.72
7.7,124.26,101.36,10.711,8.6015,-0.06096,1.3411,1,22.9
7.8,125.33,102.22,10.705,8.7356,-1.4326,2.4689,1,23.11
7.9,126.4,103.09,10.561,8.9825,-3.2004,1.7069,1,23.31
8,127.46,103.99,10.241,9.1531,-4.1453,0.33528,1,23.47
8.1,128.49,104.9,9.8268,9.1867,-3.1699,-0.36576,1,23.59
8.2,129.47,105.82,9.5098,9.1501,-1.463,0.1524,1,23.65
8.3,130.42,106.74,9.3635,9.1653,-0.03048,0.39624,1,23.68
8.4,131.36,107.66,9.3604,9.205,0.33528,-0.97536,1,23.7
8.5,132.29,108.58,9.3939,9.1074,0.12192,-4.4806,1,23.71
8.6,133.23,109.49,9.4061,8.6594,-0.03048,-4.7854,1,23.74
8.7,134.17,110.35,9.4031,8.1808,2.84E-12,-4.9073,1,23.82
8.8,135.11,111.17,9.4031,7.6901,-2.84E-12,-4.0843,1,23.94
8.9,136.05,111.94,9.4031,7.2817,-0.03048,3.8405,1,24.11
9,136.99,112.67,9.4,7.6657,0.03048,4.6634,1,24.32
9.1,137.93,113.43,9.4031,8.1321,2.84E-12,2.987,1,24.5
9.2,138.87,114.25,9.4031,8.4308,-2.84E-12,-1.0363,1,24.62
9.3,139.81,115.09,9.4031,8.3271,-0.03048,-0.27432,1,24.72
9.4,140.75,115.92,9.4,8.2997,0.03048,0.06096,1,24.83
9.5,141.69,116.75,9.4031,8.3058,2.84E-12,-1.42E-12,1,24.94
9.6,142.63,117.58,9.4031,8.3058,-2.84E-12,0,1,25.05
9.7,143.57,118.41,9.4031,8.3058,0,1.42E-12,1,25.16
9.8,144.51,119.24,9.4031,8.3058,2.84E-12,-2.84E-12,1,25.27
9.9,145.45,120.08,9.4031,8.3058,-0.03048,2.84E-12,1,25.37
10,146.39,120.91,9.4,8.3058,0.03048,-2.84E-12,1,25.48
10.1,147.33,121.74,9.4031,8.3058,-0.03048,2.84E-12,1,25.59
10.2,148.27,122.57,9.4,8.3058,0.06096,0.03048,1,25.7
10.3,149.21,123.4,9.4061,8.3088,-0.03048,-0.1524,1,25.81
10.4,150.16,124.23,9.4031,8.2936,-0.09144,-0.33528,1,25.93
10.5,151.1,125.06,9.3939,8.2601,0.54864,0.21336,1,26.04
10.6,152.04,125.88,9.4488,8.2814,0.79248,1.7069,1,26.16
10.7,152.98,126.71,9.528,8.4521,-5.6388,3.4138,1,26.27
10.8,153.93,127.56,8.9642,8.7935,-5.0292,3.9624,1,26.37
10.9,154.83,128.44,8.4612,9.1897,-4.8463,3.4442,1,26.39
11,155.68,129.36,7.9766,9.5341,-6.5837,1.6764,1,26.32
11.1,156.47,130.31,7.3182,9.7018,-1.8898,0.21336,1,26.16
11.2,157.2,131.28,7.1293,9.7231,2.0726,-0.33528,1,25.92
11.3,157.92,132.25,7.3365,9.6896,2.1641,-0.1524,1,25.67
11.4,158.65,133.22,7.5529,9.6744,1.3106,0.03048,1,25.43
11.5,159.41,134.19,7.684,9.6774,-0.4572,0.03048,1,25.22
11.6,160.18,135.16,7.6383,9.6804,-0.3048,-0.03048,1,25.02
11.7,160.94,136.12,7.6078,9.6774,0.06096,0.03048,1,24.82
11.8,161.7,137.09,7.6139,9.6804,0.03048,-0.03048,1,24.61
11.9,162.46,138.06,7.617,9.6774,-0.03048,-2.84E-12,1,24.4
12,163.22,139.03,7.6139,9.6774,0.03048,0.03048,1,24.19
12.1,163.98,139.99,7.617,9.6804,-0.03048,-0.03048,1,23.99
12.2,164.75,140.96,7.6139,9.6774,0.06096,0,1,23.79
12.3,165.51,141.93,7.62,9.6774,-0.18288,0.03048,1,23.58
12.4,166.27,142.9,7.6017,9.6804,-0.27432,0.09144,1,23.37
12.5,167.03,143.87,7.5743,9.6896,0.27432,0.06096,1,23.16
12.6,167.79,144.84,7.6017,9.6957,1.4021,-0.39624,1,22.95
12.7,168.55,145.81,7.7419,9.6561,2.5908,-0.94488,1,22.74
12.8,169.32,146.77,8.001,9.5616,2.3774,-1.3411,1,22.55
12.9,170.12,147.73,8.2387,9.4275,1.0668,-0.97536,1,22.39
13,170.95,148.67,8.3454,9.3299,0.6096,-0.42672,1,22.28
13.1,171.78,149.6,8.4064,9.2873,1.2497,0.06096,1,22.18
13.2,172.62,150.53,8.5314,9.2934,2.3774,0.09144,1,22.09
13.3,173.47,151.46,8.7691,9.3025,2.1946,0.67056,1,22.01
13.4,174.35,152.39,8.9886,9.3696,0.1524,-0.54864,1,21.96
13.5,175.25,153.33,9.0038,9.3147,-1.9812,-2.3774,1,21.92
13.6,176.15,154.26,8.8057,9.0769,-3.0785,-2.7127,1,21.89
13.7,177.03,155.17,8.4978,8.8057,-2.5603,-4.0843,1,21.86
13.8,177.88,156.05,8.2418,8.3972,-0.88392,-4.1453,1,21.83
13.9,178.7,156.89,8.1534,7.9827,0.97536,-3.7795,1,21.81
14,179.52,157.69,8.2509,7.6048,1.9812,-4.8768,1,21.83
14.1,180.34,158.45,8.4491,7.1171,1.9202,-2.5298,1,21.89
14.2,181.19,159.16,8.6411,6.8641,1.6154,0.6096,1,22.03
14.3,182.05,159.84,8.8026,6.9251,1.4021,1.4021,1,22.21
14.4,182.93,160.54,8.9428,7.0653,1.2192,0.42672,1,22.39
14.5,183.83,161.24,9.0648,7.1079,0.97536,-0.03048,1,22.59
14.6,184.73,161.95,9.1623,7.1049,0.42672,1.1887,1,22.78
14.7,185.65,162.66,9.205,7.2238,-0.51816,2.0726,1,22.99
14.8,186.57,163.39,9.1531,7.431,-1.7374,1.9202,1,23.18
14.9,187.49,164.13,8.9794,7.623,-2.347,1.2802,1,23.36
15,188.38,164.89,8.7447,7.7511,-1.1278,0.54864,1,23.49
15.1,189.26,165.67,8.6319,7.8059,1.1278,0.3048,1,23.59
15.2,190.12,166.45,8.7447,7.8364,2.3165,0.09144,1,23.67
15.3,191,167.23,8.9764,7.8456,1.7069,-0.12192,1,23.77
15.4,191.89,168.02,9.147,7.8334,0.39624,-0.03048,1,23.87
15.5,192.81,168.8,9.1867,7.8303,-0.3048,0.03048,1,24.01
15.6,193.73,169.58,9.1562,7.8334,-0.18288,-2.84E-12,1,24.15
15.7,194.64,170.37,9.1379,7.8334,0.39624,0,1,24.27
15.8,195.56,171.15,9.1775,7.8334,-0.67056,-0.03048,1,24.41
15.9,196.47,171.93,9.1105,7.8303,-1.4021,0.03048,1,24.54
16,197.39,172.72,8.9703,7.8334,-0.51816,-0.03048,1,24.67
16.1,198.28,173.5,8.9184,7.8303,0.54864,0,1,24.78
16.2,199.17,174.28,8.9733,7.8303,1.3716,0.09144,1,24.89
16.3,200.07,175.06,9.1105,7.8395,0.70104,0.3048,1,25.01
16.4,200.98,175.85,9.1806,7.8699,-0.36576,-0.27432,1,25.13
16.5,201.9,176.64,9.144,7.8425,0,-1.3106,1,25.26
16.6,202.82,177.42,9.144,7.7114,0,-1.8593,1,25.4
16.7,203.73,178.19,9.144,7.5255,0,-0.51816,1,25.54
16.8,204.64,178.94,9.144,7.4737,-0.03048,1.9812,1,25.7
16.9,205.56,179.69,9.141,7.6718,0.03048,3.2309,1,25.87
17,206.47,180.46,9.144,7.9949,-2.84E-12,2.2555,1,26.01
17.1,207.39,181.26,9.144,8.2205,2.84E-12,0.6096,1,26.13
17.2,208.3,182.08,9.144,8.2814,0,-0.3048,1,26.22
17.3,209.22,182.91,9.144,8.2509,-0.06096,-0.21336,1,26.31
17.4,210.13,183.73,9.1379,8.2296,0.21336,0,1,26.4
17.5,211.04,184.56,9.1592,8.2296,0.24384,2.84E-12,1,26.48
17.6,211.96,185.38,9.1836,8.2296,-0.3048,-2.84E-12,1,26.58
17.7,212.88,186.2,9.1531,8.2296,-1.3411,0,1,26.68
17.8,213.79,187.02,9.019,8.2296,-2.3165,0,1,26.77
17.9,214.7,187.85,8.7874,8.2296,-2.7737,0,1,26.85
18,215.57,188.67,8.51,8.2296,-2.5908,2.84E-12,1,26.9
18.1,216.43,189.49,8.2509,8.2296,-2.7432,-2.84E-12,1,26.94
18.2,217.25,190.32,7.9766,8.2296,-2.3165,0,1,26.93
18.3,218.05,191.14,7.745,8.2296,-1.3106,0.03048,1,26.91
18.4,218.82,191.96,7.6139,8.2326,-0.36576,-0.09144,1,26.86
18.5,219.58,192.79,7.5773,8.2235,0.27432,-0.3048,1,26.79
18.6,220.34,193.61,7.6048,8.193,0.21336,0.12192,1,26.73
18.7,221.1,194.43,7.6261,8.2052,-0.06096,1.5545,1,26.67
18.8,221.87,195.25,7.62,8.3607,0.03048,2.0422,1,26.62
18.9,222.63,196.08,7.623,8.5649,-0.03048,2.0422,1,26.55
19,223.39,196.94,7.62,8.7691,0,2.1641,1,26.45
19.1,224.15,197.82,7.62,8.9855,-0.03048,1.7069,1,26.33
19.2,224.91,198.72,7.617,9.1562,0.03048,1.4326,1,26.19
19.3,225.68,199.63,7.62,9.2994,0,0.27432,1,26.05
19.4,226.44,200.56,7.62,9.3269,0,-0.39624,1,25.88
19.5,227.2,201.49,7.62,9.2873,0,0,1,25.71
19.6,227.96,202.42,7.62,9.2873,0,0.03048,1,25.54
19.7,228.72,203.35,7.62,9.2903,0,-2.84E-12,1,25.37
19.8,229.49,204.28,7.62,9.2903,0,-0.03048,1,25.21
19.9,230.25,205.21,7.62,9.2873,0,0.03048,1,25.04
20,231.01,206.14,7.62,9.2903,0,-2.84E-12,1,24.87
20.1,231.77,207.07,7.62,9.2903,-0.03048,2.84E-12,1,24.7
20.2,232.53,208,7.617,9.2903,0.03048,-0.03048,1,24.53
20.3,233.29,208.93,7.62,9.2873,0,5.68E-12,1,24.36
20.4,234.06,209.85,7.62,9.2873,0,-0.03048,1,24.21
20.5,234.82,210.78,7.62,9.2842,0,0.36576,1,24.04
20.6,235.58,211.71,7.62,9.3208,0.03048,0.42672,1,23.87
20.7,236.34,212.64,7.623,9.3635,-0.06096,-1.1278,1,23.7
20.8,237.11,213.58,7.617,9.2507,0.03048,-4.6634,1,23.53
20.9,237.87,214.51,7.62,8.7843,0,-4.1148,1,23.36
21,238.63,215.38,7.62,8.3729,0,-4.2062,1,23.25
21.1,239.39,216.22,7.62,7.9522,0,-4.572,1,23.17
21.2,240.15,217.02,7.62,7.495,-0.03048,-0.42672,1,23.13
21.3,240.91,217.77,7.617,7.4524,0.06096,1.1278,1,23.14
21.4,241.68,218.51,7.623,7.5651,0.21336,0.88392,1,23.17
21.5,242.44,219.27,7.6444,7.6535,-0.18288,-0.21336,1,23.17
21.6,243.2,220.03,7.6261,7.6322,-0.39624,-0.1524,1,23.17
21.7,243.97,220.8,7.5865,7.617,0.18288,0.03048,1,23.17
21.8,244.72,221.56,7.6048,7.62,1.8593,0,1,23.16
21.9,245.49,222.32,7.7907,7.62,4.3891,0,1,23.17
22,246.26,223.08,8.2296,7.62,3.5052,0,1,23.18
22.1,247.09,223.84,8.5801,7.62,4.2367,-2.84E-12,1,23.25
22.2,247.95,224.61,9.0038,7.62,1.6154,2.84E-12,1,23.34
22.3,248.85,225.37,9.1653,7.62,-0.18288,0,1,23.48
22.4,249.76,226.13,9.147,7.62,-0.64008,0,1,23.63
22.5,250.68,226.89,9.083,7.62,0.09144,0,1,23.79
22.6,251.58,227.65,9.0922,7.62,0.51816,0,1,23.93
22.7,252.49,228.42,9.144,7.62,0.48768,0,1,24.07
22.8,253.41,229.18,9.1928,7.62,0.33528,0.03048,1,24.23
22.9,254.33,229.94,9.2263,7.623,-0.51816,-0.3048,1,24.39
23,255.25,230.7,9.1745,7.5926,-1.9812,0.27432,1,24.55
23.1,256.17,231.46,8.9764,7.62,-4.2062,1.0058,1,24.71
23.2,257.07,232.22,8.5557,7.7206,-3.5357,-0.18288,1,24.85
23.3,257.92,233,8.2022,7.7023,-4.1453,-2.3774,1,24.92
23.4,258.74,233.77,7.7876,7.4646,-1.9507,-2.7127,1,24.97
23.5,259.52,234.51,7.5926,7.1933,-0.6096,0.9144,1,25.01
23.6,260.28,235.23,7.5316,7.2847,0.67056,5.9741,1,25.05
23.7,261.03,235.96,7.5987,7.8821,1.3716,4.1453,1,25.07
23.8,261.79,236.75,7.7358,8.2967,1.524,5.334,1,25.04
23.9,262.57,237.58,7.8882,8.8301,0.6096,-5.5474,1,24.99
24,263.35,238.46,7.9492,8.2753,-1.0973,-5.0597,1,24.89
24.1,264.15,239.29,7.8395,7.7694,-1.585,-5.1206,1,24.86
24.2,264.93,240.07,7.681,7.2573,-0.94488,-5.5474,1,24.86
24.3,265.7,240.79,7.5865,6.7026,0.03048,3.0175,1,24.91
24.4,266.46,241.46,7.5895,7.0043,0.3048,4.7244,1,25
24.5,267.22,242.16,7.62,7.4767,0.03048,4.2062,1,25.06
24.6,267.98,242.91,7.623,7.8974,-0.09144,3.4442,1,25.07
24.7,268.74,243.7,7.6139,8.2418,0.18288,1.4935,1,25.04
24.8,269.51,244.52,7.6322,8.3911,0.39624,1.4326,1,24.99
24.9,270.27,245.36,7.6718,8.5344,-0.3048,1.3716,1,24.91
25,271.04,246.22,7.6413,8.6716,-1.8593,0.94488,1,24.82
25.1,271.8,247.08,7.4554,8.766,-4.2062,0.18288,1,24.72
25.2,272.55,247.96,7.0348,8.7843,-3.5357,-0.54864,1,24.59
25.3,273.25,248.84,6.6812,8.7295,-4.2062,-0.70104,1,24.41
25.4,273.92,249.71,6.2606,8.6594,-1.8593,-0.09144,1,24.21
25.5,274.54,250.58,6.0747,8.6502,-0.27432,0.54864,1,23.96
25.6,275.15,251.44,6.0472,8.7051,0.33528,0.42672,1,23.71
25.7,275.75,252.31,6.0808,8.7478,0.18288,-1.0363,1,23.44
25.8,276.36,253.19,6.099,8.6441,-0.03048,-2.7127,1,23.17
25.9,276.97,254.05,6.096,8.3729,0,-3.6881,1,22.92
26,277.58,254.89,6.096,8.004,0,-2.6822,1,22.69
26.1,278.19,255.69,6.096,7.7358,0.03048,-0.9144,1,22.5
26.2,278.8,256.46,6.099,7.6444,-0.06096,-0.4572,1,22.34
26.3,279.41,257.23,6.093,7.5987,0.24384,-1.585,1,22.18
26.4,280.02,257.99,6.1173,7.4402,-0.39624,-4.0234,1,22.03
26.5,280.63,258.73,6.0777,7.0378,-0.82296,-3.5966,1,21.9
26.6,281.24,259.43,5.9954,6.6782,-0.3048,-4.511,1,21.81
26.7,281.84,260.1,5.9649,6.2271,0.27432,-1.6154,1,21.74
26.8,282.44,260.73,5.9924,6.0655,0.85344,1.0058,1,21.71
26.9,283.04,261.33,6.0777,6.1661,0.36576,2.1336,1,21.71
27,283.64,261.95,6.1143,6.3795,-0.18288,0.88392,1,21.69
27.1,284.25,262.59,6.096,6.4679,0,-1.2192,1,21.66
27.2,284.86,263.23,6.096,6.3459,0,-1.8288,1,21.63
27.3,285.47,263.87,6.096,6.1631,0,-1.0363,1,21.6
27.4,286.08,264.48,6.096,6.0594,0,0.12192,1,21.6
27.5,286.69,265.09,6.096,6.0716,0,0.73152,1,21.6
27.6,287.3,265.7,6.096,6.1448,-0.06096,-0.3048,1,21.6
27.7,287.91,266.31,6.0899,6.1143,0.18288,-1.8898,1,21.6
27.8,288.52,266.92,6.1082,5.9253,0.3048,-3.5052,1,21.6
27.9,289.13,267.52,6.1387,5.5748,-0.36576,-3.5662,1,21.61
28,289.75,268.07,6.1021,5.2182,-1.3106,-1.2192,1,21.68
28.1,290.36,268.59,5.971,5.0963,-2.286,1.0363,1,21.77
28.2,290.95,269.1,5.7424,5.1999,-2.7737,1.0363,1,21.85
28.3,291.53,269.62,5.4651,5.3035,-2.6213,-0.94488,1,21.91
28.4,292.07,270.15,5.2029,5.209,-2.7432,-2.5298,1,21.92
28.5,292.59,270.68,4.9286,4.956,-2.347,-1.0668,1,21.91
28.6,293.09,271.17,4.6939,4.8494,-1.2802,1.0363,1,21.92
28.7,293.56,271.66,4.5659,4.953,-0.36576,1.0058,1,21.9
28.8,294.01,272.15,4.5293,5.0536,0.27432,-0.88392,1,21.86
28.9,294.47,272.66,4.5568,4.9652,0.21336,-2.286,1,21.81
29,294.92,273.15,4.5781,4.7366,-0.06096,-1.6764,1,21.77
29.1,295.38,273.63,4.572,4.569,0,-0.42672,1,21.75
29.2,295.84,274.08,4.572,4.5263,0,0.3048,1,21.76
29.3,296.29,274.54,4.572,4.5568,0,0.21336,1,21.75
29.4,296.75,274.99,4.572,4.5781,0,-0.06096,1,21.76
29.5,297.21,275.45,4.572,4.572,-0.03048,0,1,21.76
29.6,297.67,275.91,4.569,4.572,0.06096,0,1,21.76
29.7,298.12,276.36,4.575,4.572,-0.03048,0,1,21.76
29.8,298.58,276.82,4.572,4.572,0,0,1,21.76
29.9,299.04,277.28,4.572,4.572,0,0,1,21.76
30,299.49,277.74,4.572,4.572,-0.06096,0,1,21.75
30.1,299.95,278.19,4.5659,4.572,0.03048,0,1,21.76
30.2,300.41,278.65,4.569,4.572,0.06096,0,1,21.76
30.3,300.87,279.11,4.575,4.572,0.27432,0,1,21.76
30.4,301.32,279.56,4.6025,4.572,0.36576,0,1,21.76
30.5,301.78,280.02,4.6391,4.572,0.21336,0,1,21.76
30.6,302.25,280.48,4.6604,4.572,0.09144,0.18288,1,21.77
30.7,302.71,280.94,4.6695,4.5903,0,-0.36576,1,21.77
30.8,303.18,281.4,4.6695,4.5537,-0.03048,-0.73152,1,21.78
30.9,303.65,281.85,4.6665,4.4806,-5.68E-12,-0.3048,1,21.8
31,304.11,282.3,4.6665,4.4501,-0.03048,0.3048,1,21.81
31.1,304.58,282.74,4.6634,4.4806,0.03048,0.73152,1,21.84
31.2,305.05,283.19,4.6665,4.5537,-5.68E-12,0.36576,1,21.86
31.3,305.51,283.65,4.6665,4.5903,5.68E-12,-0.21336,1,21.86
31.4,305.98,284.11,4.6665,4.569,-5.68E-12,0.03048,1,21.87
31.5,306.45,284.56,4.6665,4.572,0.03048,-0.03048,1,21.89
31.6,306.91,285.02,4.6695,4.569,-0.03048,0.1524,1,21.89
31.7,307.38,285.48,4.6665,4.5842,-0.03048,0.39624,1,21.9
31.8,307.85,285.94,4.6634,4.6238,-0.06096,-0.3048,1,21.91
31.9,308.31,286.4,4.6573,4.5933,-0.33528,-1.8898,1,21.91
32,308.78,286.86,4.6238,4.4044,-0.3048,-4.1453,1,21.92
32.1,309.24,287.3,4.5933,3.9898,-0.21336,-3.5966,1,21.94
32.2,309.7,287.7,4.572,3.6302,-0.06096,-4.1453,1,22
32.3,310.16,288.06,4.5659,3.2156,0.06096,-1.8898,1,22.1
32.4,310.61,288.38,4.572,3.0267,0,-0.3048,1,22.23
32.5,311.07,288.68,4.572,2.9962,0,0.39624,1,22.39
32.6,311.53,288.98,4.572,3.0358,0,0.1524,1,22.55
32.7,311.99,289.29,4.572,3.051,0,-0.03048,1,22.7
32.8,312.44,289.59,4.572,3.048,0,0,1,22.85
32.9,312.9,289.9,4.572,3.048,-0.03048,0,1,23
33,313.36,290.2,4.569,3.048,0.03048,0,1,23.16
33.1,313.81,290.51,4.572,3.048,0.03048,0,1,23.3
33.2,314.27,290.81,4.575,3.048,-0.06096,0,1,23.46
33.3,314.73,291.12,4.569,3.048,0.06096,0,1,23.61
33.4,315.19,291.42,4.575,3.048,-0.06096,0,1,23.77
33.5,315.64,291.73,4.569,3.048,0.06096,0,1,23.91
33.6,316.1,292.03,4.575,3.048,-0.06096,0,1,24.07
33.7,316.56,292.34,4.569,3.048,0.06096,0,1,24.22
33.8,317.01,292.64,4.575,3.048,-0.06096,0,1,24.37
33.9,317.47,292.95,4.569,3.048,0.06096,0,1,24.52
34,317.93,293.25,4.575,3.048,-0.06096,-0.03048,1,24.68
34.1,318.39,293.56,4.569,3.045,0.03048,0.03048,1,24.83
34.2,318.84,293.86,4.572,3.048,0.03048,0.03048,1,24.98
34.3,319.3,294.16,4.575,3.051,-0.03048,0,1,25.14
34.4,319.76,294.47,4.572,3.051,0,-0.1524,1,25.29
34.5,320.22,294.77,4.572,3.0358,0,-0.3048,1,25.45
34.6,320.67,295.08,4.572,3.0053,-0.03048,0.36576,1,25.59
34.7,321.13,295.38,4.569,3.0419,0.03048,1.3106,1,25.75
34.8,321.59,295.68,4.572,3.173,0.03048,2.286,1,25.91
34.9,322.04,296,4.575,3.4016,-0.06096,2.7737,1,26.04
35,322.5,296.34,4.569,3.6789,0.06096,2.6213,1,26.16
35.1,322.96,296.71,4.575,3.9411,-0.06096,2.7432,1,26.25
35.2,323.42,297.1,4.569,4.2154,0.06096,2.347,1,26.32
35.3,323.87,297.52,4.575,4.4501,-0.06096,1.2497,1,26.35
35.4,324.33,297.97,4.569,4.575,0.06096,0.4572,1,26.36
35.5,324.79,298.43,4.575,4.6208,-0.06096,0.09144,1,26.36
35.6,325.24,298.89,4.569,4.6299,0.06096,-0.39624,1,26.35
35.7,325.7,299.35,4.575,4.5903,-0.06096,-1.4326,1,26.35
35.8,326.16,299.81,4.569,4.447,0.06096,-2.8042,1,26.35
35.9,326.62,300.26,4.575,4.1666,-0.03048,-2.987,1,26.36
36,327.07,300.67,4.572,3.8679,-0.03048,-1.463,1,26.4
36.1,327.53,301.06,4.569,3.7216,0.03048,-0.03048,1,26.47
36.2,327.99,301.43,4.572,3.7186,0,0.6096,1,26.56
36.3,328.44,301.8,4.572,3.7795,0,0.36576,1,26.64
36.4,328.9,302.18,4.572,3.8161,0.03048,-0.06096,1,26.72
36.5,329.36,302.56,4.575,3.81,-0.03048,-0.09144,1,26.8
36.6,329.82,302.94,4.572,3.8009,0,0,1,26.88
36.7,330.27,303.32,4.572,3.8009,0,0.03048,1,26.95
36.8,330.73,303.7,4.572,3.8039,0,-0.03048,1,27.03
36.9,331.19,304.08,4.572,3.8009,0,0.03048,1,27.11
37,331.65,304.46,4.572,3.8039,0,-0.03048,1,27.19
37.1,332.1,304.84,4.572,3.8009,0,0.03048,1,27.26
37.2,332.56,305.22,4.572,3.8039,0,-0.03048,1,27.34
37.3,333.02,305.6,4.572,3.8009,0,0.03048,1,27.42
37.4,333.47,305.98,4.572,3.8039,0,0.06096,1,27.49
37.5,333.93,306.37,4.572,3.81,0,-0.27432,1,27.56
37.6,334.39,306.75,4.572,3.7826,0,-0.42672,1,27.64
37.7,334.85,307.12,4.572,3.7399,0,0.48768,1,27.73
37.8,335.3,307.5,4.572,3.7887,0,3.3223,1,27.8
37.9,335.76,307.88,4.572,4.1209,0,4.511,1,27.88
38,336.22,308.29,4.572,4.572,0,3.9929,1,27.93
38.1,336.67,308.75,4.572,4.9713,0,4.633,1,27.92
38.2,337.13,309.24,4.572,5.4346,0,2.9261,1,27.89
38.3,337.59,309.79,4.572,5.7272,0,0.4572,1,27.8
38.4,338.05,310.36,4.572,5.7729,0,-0.39624,1,27.69
38.5,338.5,310.94,4.572,5.7333,0,-0.24384,1,27.56
38.6,338.96,311.51,4.572,5.7089,0,0.06096,1,27.45
38.7,339.42,312.08,4.572,5.715,0,-5.68E-12,1,27.34
38.8,339.88,312.65,4.572,5.715,0,5.68E-12,1,27.23
38.9,340.33,313.22,4.572,5.715,0,0,1,27.11
39,340.79,313.8,4.572,5.715,0,0,1,26.99
39.1,341.25,314.37,4.572,5.715,0,-5.68E-12,1,26.88
39.2,341.7,314.94,4.572,5.715,0,5.68E-12,1,26.76
39.3,342.16,315.51,4.572,5.715,-0.03048,0,1,26.65
39.4,342.62,316.08,4.569,5.715,0.03048,0,1,26.54
39.5,343.08,316.65,4.572,5.715,0.03048,0.06096,1,26.43
39.6,343.53,317.22,4.575,5.7211,-0.06096,-0.3048,1,26.31
39.7,343.99,317.8,4.569,5.6906,0.06096,-0.33528,1,26.19
39.8,344.45,318.37,4.575,5.6571,-0.06096,0.82296,1,26.08
39.9,344.9,318.93,4.569,5.7394,0.06096,2.225,1,25.97
40,345.36,319.51,4.575,5.9619,-0.06096,2.8346,1,25.85
40.1,345.82,320.1,4.569,6.2454,0.03048,2.225,1,25.72
40.2,346.28,320.73,4.572,6.4679,0.03048,1.4326,1,25.55
40.3,346.73,321.37,4.575,6.6111,-0.03048,1.9202,1,25.36
40.4,347.19,322.03,4.572,6.8031,0,3.2004,1,25.16
40.5,347.65,322.71,4.572,7.1232,0,3.1699,1,24.94
40.6,348.1,323.43,4.572,7.4402,0,1.9202,1,24.67
40.7,348.56,324.17,4.572,7.6322,0,0.36576,1,24.39
40.8,349.02,324.93,4.572,7.6688,0,-0.39624,1,24.09
40.9,349.48,325.7,4.572,7.6291,0,-1.14E-11,1,23.78
41,349.93,326.46,4.572,7.6291,-0.03048,0.39624,1,23.47
41.1,350.39,327.23,4.569,7.6688,0.03048,-0.27432,1,23.16
41.2,350.85,327.99,4.572,7.6413,0.03048,-1.8898,1,22.86
41.3,351.3,328.76,4.575,7.4524,-0.06096,-4.1453,1,22.54
41.4,351.76,329.5,4.569,7.0378,0.06096,-3.6271,1,22.26
41.5,352.22,330.21,4.575,6.6751,-0.06096,-3.7795,1,22.01
41.6,352.68,330.87,4.569,6.2972,0.06096,-3.81,1,21.81
41.7,353.13,331.5,4.575,5.9162,-0.06096,-2.5298,1,21.63
41.8,353.59,332.1,4.569,5.6632,0.06096,-0.85344,1,21.49
41.9,354.05,332.66,4.575,5.5778,5.68E-12,1.2192,1,21.39
42,354.51,333.22,4.575,5.6998,-0.1524,2.286,1,21.29
42.1,354.96,333.79,4.5598,5.9284,-0.39624,1.8593,1,21.17
42.2,355.42,334.38,4.5202,6.1143,0.33528,0.67056,1,21.04
42.3,355.87,334.99,4.5537,6.1813,1.8288,-0.73152,1,20.88
42.4,356.33,335.61,4.7366,6.1082,4.2062,-1.7374,1,20.72
42.5,356.8,336.22,5.1572,5.9345,3.5357,-1.7983,1,20.58
42.6,357.32,336.82,5.5108,5.7546,4.0843,-1.2802,1,20.5
42.7,357.87,337.39,5.9192,5.6266,2.0726,-0.79248,1,20.48
42.8,358.46,337.95,6.1265,5.5474,0.70104,-1.1887,1,20.51
42.9,359.07,338.51,6.1966,5.4285,-0.24384,-1.9507,1,20.56
43,359.69,339.05,6.1722,5.2334,-0.3048,-1.585,1,20.64
43.1,360.31,339.58,6.1417,5.0749,-0.36576,-0.36576,1,20.73
43.2,360.92,340.08,6.1051,5.0383,-0.18288,0.39624,1,20.84
43.3,361.53,340.59,6.0869,5.078,0.09144,0.4572,1,20.94
43.4,362.14,341.09,6.096,5.1237,0,-0.36576,1,21.05
43.5,362.75,341.61,6.096,5.0871,0,-1.6154,1,21.14
43.6,363.36,342.12,6.096,4.9256,0,-2.0422,1,21.24
43.7,363.97,342.61,6.096,4.7214,-0.03048,-1.4935,1,21.36
43.8,364.58,343.08,6.093,4.572,0.03048,-0.42672,1,21.5
43.9,365.19,343.54,6.096,4.5293,0,0.33528,1,21.65
44,365.8,343.99,6.096,4.5629,0,-5.68E-12,1,21.81
44.1,366.41,344.45,6.096,4.5629,0,-0.39624,1,21.96
44.2,367.02,344.9,6.096,4.5232,0.03048,0.27432,1,22.12
44.3,367.63,345.36,6.099,4.5507,-0.03048,1.8898,1,22.27
44.4,368.24,345.81,6.096,4.7396,0,4.1758,1,22.43
44.5,368.85,346.28,6.096,5.1572,0,3.5357,1,22.57
44.6,369.46,346.8,6.096,5.5108,0,4.2062,1,22.66
44.7,370.07,347.35,6.096,5.9314,0,1.8593,1,22.72
44.8,370.68,347.94,6.096,6.1173,0,0.27432,1,22.74
44.9,371.29,348.56,6.096,6.1448,0,-0.33528,1,22.73
45,371.9,349.17,6.096,6.1112,0,-0.21336,1,22.73
45.1,372.5,349.78,6.096,6.0899,0,0.06096,1,22.72
45.2,373.11,350.39,6.096,6.096,-5.68E-12,0,1,22.72
45.3,373.72,351,6.096,6.096,5.68E-12,0,1,22.72
45.4,374.33,351.61,6.096,6.096,0,-0.03048,1,22.72
45.5,374.94,352.22,6.096,6.093,0,0.03048,1,22.72
45.6,375.55,352.83,6.096,6.096,0,0,1,22.72
45.7,376.16,353.44,6.096,6.096,0,0.03048,1,22.72
45.8,376.77,354.05,6.096,6.099,0,-0.03048,1,22.72
45.9,377.38,354.66,6.096,6.096,0,0,1,22.72
46,377.99,355.27,6.096,6.096,0,0,1,22.72
46.1,378.6,355.88,6.096,6.096,0,0,1,22.72
46.2,379.21,356.49,6.096,6.096,0,0,1,22.72
46.3,379.82,357.1,6.096,6.096,0.1524,-0.09144,1,22.72
46.4,380.43,357.71,6.1112,6.0869,0.03048,0.18288,1,22.72
46.5,381.04,358.31,6.1143,6.1051,-0.39624,0.39624,1,22.73
46.6,381.65,358.93,6.0747,6.1448,-0.94488,0.1524,1,22.72
46.7,382.26,359.54,5.9802,6.16,-1.3106,-0.1524,1,22.72
46.8,382.86,360.16,5.8491,6.1448,-0.94488,-0.39624,1,22.7
46.9,383.44,360.77,5.7546,6.1051,-0.39624,-0.18288,1,22.67
47,384.02,361.38,5.715,6.0869,0.03048,0.09144,1,22.64
47.1,384.59,361.99,5.718,6.096,0.1524,0,1,22.6
47.2,385.16,362.6,5.7333,6.096,0.03048,0,1,22.56
47.3,385.73,363.21,5.7363,6.096,-0.03048,0,1,22.52
47.4,386.31,363.82,5.7333,6.096,-0.12192,0,1,22.49
47.5,386.88,364.43,5.7211,6.096,-0.06096,0,1,22.45
47.6,387.45,365.04,5.715,6.096,0.36576,0,1,22.41
47.7,388.03,365.65,5.7516,6.096,1.0058,0,1,22.38
47.8,388.6,366.26,5.8522,6.096,1.2802,0,1,22.34
47.9,389.19,366.87,5.9802,6.096,0.9144,0,1,22.32
48,389.78,367.48,6.0716,6.096,0.54864,0,1,22.3
48.1,390.39,368.09,6.1265,6.096,0.33528,0,1,22.3
48.2,391,368.69,6.16,6.096,-0.42672,0,1,22.31
48.3,391.62,369.3,6.1173,6.096,-1.8898,0,1,22.32
48.4,392.23,369.91,5.9284,6.096,-4.1758,-0.06096,1,22.32
48.5,392.82,370.52,5.5108,6.0899,-3.5357,0.21336,1,22.3
48.6,393.38,371.13,5.1572,6.1112,-4.1758,0.24384,1,22.25
48.7,393.89,371.74,4.7396,6.1356,-1.8898,-0.3048,1,22.15
48.8,394.36,372.36,4.5507,6.1051,-0.3048,-1.4021,1,22
48.9,394.82,372.97,4.5202,5.9649,0.39624,-2.5603,1,21.85
49,395.27,373.56,4.5598,5.7089,0.1524,-2.3165,1,21.71
49.1,395.73,374.14,4.575,5.4773,0,-1.0973,1,21.59
49.2,396.19,374.68,4.575,5.3675,-0.06096,-0.67056,1,21.51
49.3,396.64,375.22,4.569,5.3005,0.03048,-1.0973,1,21.42
49.4,397.1,375.75,4.572,5.1907,0,-2.3165,1,21.35
49.5,397.56,376.27,4.572,4.9591,0,-2.5603,1,21.29
49.6,398.01,376.76,4.572,4.7031,0,-1.4021,1,21.25
49.7,398.47,377.24,4.572,4.5629,0,-0.3048,1,21.23
49.8,398.93,377.69,4.572,4.5324,-0.06096,0.24384,1,21.24
49.9,399.39,378.14,4.5659,4.5568,0.21336,0.21336,1,21.25
50,399.84,378.6,4.5872,4.5781,0.36576,-0.06096,1,21.24
50.1,400.3,379.06,4.6238,4.572,-0.3048,0,1,21.24
50.2,400.76,379.52,4.5933,4.572,-1.8898,0,1,21.24
50.3,401.22,379.97,4.4044,4.572,-4.1453,0,1,21.25
50.4,401.66,380.43,3.9898,4.572,-3.5966,0.03048,1,21.23
50.5,402.06,380.89,3.6302,4.575,-4.1453,0.06096,1,21.17
50.6,402.43,381.34,3.2156,4.5811,-1.8898,-0.18288,1,21.09
50.7,402.75,381.8,3.0267,4.5629,-0.18288,-0.42672,1,20.95
50.8,403.05,382.26,3.0084,4.5202,0.1524,-0.6096,1,20.79
50.9,403.35,382.71,3.0236,4.4592,-0.3048,-0.42672,1,20.64
51,403.65,383.16,2.9931,4.4166,-0.18288,-0.1524,1,20.49
51.1,403.95,383.6,2.9748,4.4013,0.18288,-5.68E-12,1,20.35
51.2,404.25,384.04,2.9931,4.4013,0.42672,0.06096,1,20.21
51.3,404.55,384.48,3.0358,4.4074,0.24384,1.14E-11,1,20.07
51.4,404.85,384.92,3.0602,4.4074,-0.12192,-1.14E-11,1,19.93
51.5,405.16,385.36,3.048,4.4074,0,0.03048,1,19.8
51.6,405.46,385.8,3.048,4.4105,0,-0.03048,1,19.66
51.7,405.77,386.24,3.048,4.4074,0,-0.03048,1,19.53
51.8,406.07,386.68,3.048,4.4044,0,0.1524,1,19.39
51.9,406.38,387.12,3.048,4.4196,0,0.33528,1,19.26
52,406.68,387.57,3.048,4.4531,0,-0.27432,1,19.11
52.1,406.99,388.01,3.048,4.4257,-0.03048,-1.6764,1,18.98
52.2,407.29,388.45,3.045,4.2581,0.03048,-3.2918,1,18.84
52.3,407.6,388.88,3.048,3.9289,0,-4.0234,1,18.72
52.4,407.9,389.27,3.048,3.5265,0,-3.2918,1,18.63
52.5,408.21,389.62,3.048,3.1974,0.03048,-1.6459,1,18.59
52.6,408.51,389.94,3.051,3.0328,-0.03048,-0.3048,1,18.57
52.7,408.82,390.25,3.048,3.0023,0,0.3048,1,18.57
52.8,409.12,390.55,3.048,3.0328,-0.03048,0.21336,1,18.57
52.9,409.43,390.85,3.045,3.0541,0.03048,-0.06096,1,18.58
53,409.73,391.16,3.048,3.048,0.03048,0,1,18.57
53.1,410.03,391.46,3.051,3.048,-0.03048,0,1,18.57
53.2,410.34,391.77,3.048,3.048,0,0,1,18.57
53.3,410.64,392.07,3.048,3.048,0,0,1,18.57
53.4,410.95,392.38,3.048,3.048,-0.03048,0,1,18.57
53.5,411.25,392.68,3.045,3.048,0.03048,0,1,18.57
53.6,411.56,392.99,3.048,3.048,0,0,1,18.57
53.7,411.86,393.29,3.048,3.048,0,0,1,18.57
53.8,412.17,393.59,3.048,3.048,0,0.03048,1,18.58
53.9,412.47,393.9,3.048,3.051,0.03048,-0.03048,1,18.57
54,412.78,394.2,3.051,3.048,-0.03048,-0.03048,1,18.58
54.1,413.08,394.51,3.048,3.045,0,0.03048,1,18.57
54.2,413.39,394.81,3.048,3.048,-0.03048,0,1,18.58
54.3,413.69,395.12,3.045,3.048,0.03048,0,1,18.57
54.4,414,395.42,3.048,3.048,0.03048,0,1,18.58
54.5,414.3,395.73,3.051,3.048,-0.03048,0,1,18.57
54.6,414.61,396.03,3.048,3.048,-0.06096,0,1,18.58
54.7,414.91,396.34,3.0419,3.048,0.18288,0.03048,1,18.57
54.8,415.22,396.64,3.0602,3.051,0.39624,-0.03048,1,18.58
54.9,415.52,396.95,3.0998,3.048,-0.33528,-0.03048,1,18.57
55,415.83,397.25,3.0663,3.045,-1.8288,0.03048,1,18.58
55.1,416.14,397.56,2.8834,3.048,-4.2062,0,1,18.58
55.2,416.43,397.86,2.4628,3.048,-3.5357,0,1,18.57
55.3,416.67,398.17,2.1092,3.048,-4.1758,0,1,18.5
55.4,416.88,398.47,1.6916,3.048,-1.8898,0,1,18.41
55.5,417.05,398.78,1.5027,3.048,-0.36576,0,1,18.27
55.6,417.2,399.08,1.4661,3.048,0.57912,0,1,18.12
55.7,417.35,399.39,1.524,3.048,0.57912,0,1,17.96
55.8,417.5,399.69,1.5819,3.048,-0.36576,0,1,17.81
55.9,417.66,400,1.5453,3.048,-1.8898,0,1,17.66
56,417.82,400.3,1.3564,3.048,-4.1453,0,1,17.52
56.1,417.95,400.61,0.94183,3.048,-3.5966,0.03048,1,17.34
56.2,418.05,400.91,0.58217,3.051,-3.9014,-0.03048,1,17.14
56.3,418.1,401.21,0.19202,3.048,-1.7678,0,1,16.89
56.4,418.12,401.52,0.01524,3.048,-0.1524,-0.03048,1,16.6
56.5,418.12,401.82,0,3.045,0,0.03048,1,16.3
56.6,418.12,402.13,0,3.048,0,0,1,15.99
56.7,418.12,402.43,0,3.048,0,0,1,15.69
56.8,418.12,402.74,0,3.048,0,0.12192,1,15.38
56.9,418.12,403.04,0,3.0602,0,-0.24384,1,15.08
57,418.12,403.35,0,3.0358,0,-0.42672,1,14.77
57.1,418.12,403.65,0,2.9931,0,-0.24384,1,14.47
57.2,418.12,403.95,0,2.9688,0,0.36576,1,14.17
57.3,418.12,404.25,0,3.0053,0,0.82296,1,13.87
57.4,418.12,404.55,0,3.0876,0,-0.09144,1,13.57
57.5,418.12,404.86,0,3.0785,0.18288,-1.9812,1,13.26
57.6,418.12,405.17,0.018288,2.8804,3.1699,-4.1453,1,12.95
57.7,418.13,405.45,0.33528,2.4658,2.5908,-3.5966,1,12.68
57.8,418.16,405.7,0.59436,2.1062,1.4021,-4.1453,1,12.46
57.9,418.22,405.91,0.73457,1.6916,0.64008,-1.8898,1,12.31
58,418.29,406.08,0.79858,1.5027,1.0668,-0.3048,1,12.21
58.1,418.37,406.23,0.90526,1.4722,2.3165,0.33528,1,12.14
58.2,418.46,406.38,1.1369,1.5057,2.5908,0.36576,1,12.08
58.3,418.58,406.53,1.396,1.5423,1.3716,0.24384,1,12.05
58.4,418.72,406.68,1.5331,1.5667,0.27432,-0.36576,1,12.04
58.5,418.87,406.84,1.5606,1.5301,-0.09144,-1.7069,1,12.03
58.6,419.03,406.99,1.5514,1.3594,0.06096,-2.3165,1,12.04
58.7,419.18,407.13,1.5575,1.1278,-0.27432,-1.1887,1,12.05
58.8,419.34,407.24,1.5301,1.0089,-1.3106,1.1887,1,12.1
58.9,419.49,407.34,1.399,1.1278,-2.3165,2.3165,1,12.15
59,419.63,407.46,1.1674,1.3594,-2.7432,1.7069,1,12.17
59.1,419.75,407.59,0.89306,1.5301,-2.6822,0.3048,1,12.16
59.2,419.84,407.74,0.62484,1.5606,-2.6213,-0.09144,1,12.1
59.3,419.9,407.9,0.36271,1.5514,-2.1336,0.09144,1,12
59.4,419.93,408.06,0.14935,1.5606,-1.2192,-0.3048,1,11.87
59.5,419.95,408.21,0.027432,1.5301,-0.27432,-1.7069,1,11.74
59.6,419.95,408.36,0,1.3594,0,-2.3165,1,11.59
59.7,419.95,408.5,0,1.1278,0,-1.2497,1,11.45
59.8,419.95,408.61,0,1.0028,0,1.3716,1,11.34
59.9,419.95,408.71,0,1.14,0,2.6213,1,11.24
60,419.95,408.83,0,1.4021,0,1.3411,1,11.12
60.1,419.95,408.97,0,1.5362,0,-0.9144,1,10.98
60.2,419.95,409.12,0,1.4448,0,-2.6518,1,10.83
60.3,419.95,409.27,0,1.1796,0,-2.9261,1,10.68
60.4,419.95,409.38,0,0.88697,0,-2.6213,1,10.57
60.5,419.95,409.47,0,0.62484,0,-2.6213,1,10.48
60.6,419.95,409.53,0,0.36271,0,-2.1336,1,10.42
60.7,419.95,409.57,0,0.14935,0,-1.2192,1,10.38
60.8,419.95,409.59,0,0.027432,0.4572,-0.27432,1,10.36
60.9,419.95,409.59,0.04572,0,5.0597,0,1,10.36
61,419.96,409.59,0.55169,0,3.4747,0,1,10.37
61.1,420.01,409.59,0.89916,0,4.6025,0,1,10.42
61.2,420.1,409.59,1.3594,0,1.9507,0,1,10.51
61.3,420.24,409.59,1.5545,0,0.06096,0,1,10.65
61.4,420.39,409.59,1.5606,0,-0.73152,0,1,10.8
61.5,420.55,409.59,1.4874,0,0.09144,0,1,10.96
61.6,420.7,409.59,1.4966,0,1.9507,0,1,11.11
61.7,420.85,409.59,1.6916,0,4.1758,0,1,11.26
61.8,421.02,409.59,2.1092,0,3.5357,0,1,11.43
61.9,421.23,409.59,2.4628,0,4.1758,0,1,11.64
62,421.47,409.59,2.8804,0,1.9202,0,1,11.88
62.1,421.76,409.59,3.0724,0,0.1524,0,1,12.17
62.2,422.07,409.59,3.0876,0,-0.79248,0,1,12.48
62.3,422.38,409.59,3.0084,0,0.1524,0,1,12.79
62.4,422.68,409.59,3.0236,0,1.9202,0,1,13.09
62.5,422.98,409.59,3.2156,0,4.1453,0,1,13.39
62.6,423.3,409.59,3.6302,0,3.5662,0,1,13.71
62.7,423.67,409.59,3.9868,0,4.1758,0,1,14.08
62.8,424.06,409.59,4.4044,0,1.8898,0.4572,1,14.47
62.9,424.5,409.59,4.5933,0.04572,0.3048,5.0902,1,14.91
63,424.96,409.59,4.6238,0.55474,-0.36576,3.4138,1,15.37
63.1,425.43,409.65,4.5872,0.89611,-0.21336,4.6634,1,15.78
63.2,425.89,409.74,4.5659,1.3625,0.06096,1.8288,1,16.15
63.3,426.34,409.87,4.572,1.5453,0,0.36576,1,16.47
63.4,426.8,410.03,4.572,1.5819,0,-0.57912,1,16.77
63.5,427.26,410.19,4.572,1.524,0,-0.57912,1,17.07
63.6,427.71,410.34,4.572,1.4661,0.06096,0.36576,1,17.37
63.7,428.17,410.49,4.5781,1.5027,-0.18288,1.8593,1,17.68
63.8,428.63,410.64,4.5598,1.6886,-0.39624,4.2062,1,17.99
63.9,429.08,410.81,4.5202,2.1092,0.3048,3.5662,1,18.27
64,429.54,411.02,4.5507,2.4658,1.8593,4.1758,1,18.52
64.1,429.99,411.26,4.7366,2.8834,4.2062,1.8898,1,18.73
64.2,430.47,411.55,5.1572,3.0724,3.5662,0.12192,1,18.92
64.3,430.98,411.86,5.5138,3.0846,4.1453,-0.762,1,19.12
64.4,431.53,412.17,5.9284,3.0084,1.8898,0.1524,1,19.36
64.5,432.13,412.47,6.1173,3.0236,0.33528,1.9202,1,19.66
64.6,432.74,412.77,6.1509,3.2156,-0.54864,4.1148,1,19.97
64.7,433.35,413.09,6.096,3.6271,-0.54864,3.5662,1,20.26
64.8,433.96,413.45,6.0411,3.9837,0.33528,3.7186,1,20.51
64.9,434.57,413.85,6.0747,4.3556,1.8898,2.1641,1,20.72
65,435.17,414.29,6.2636,4.572,4.1453,2.1641,1,20.88
65.1,435.8,414.75,6.6782,4.7884,3.5357,3.7186,1,21.05
65.2,436.47,415.22,7.0317,5.1603,4.2672,3.5357,1,21.25
65.3,437.17,415.74,7.4585,5.5138,2.7127,4.1758,1,21.43
65.4,437.92,416.29,7.7297,5.9314,0.64008,1.8593,1,21.63
65.5,438.69,416.89,7.7937,6.1173,-0.85344,0.3048,1,21.8
65.6,439.47,417.5,7.7084,6.1478,-1.2802,-0.39624,1,21.97
65.7,440.24,418.11,7.5804,6.1082,5.68E-12,-0.1524,1,22.13
65.8,441,418.72,7.5804,6.093,2.0422,0.03048,1,22.28
65.9,441.76,419.33,7.7846,6.096,4.2062,-0.03048,1,22.43
66,442.53,419.94,8.2052,6.093,3.5357,0.03048,1,22.59
66.1,443.35,420.55,8.5588,6.096,4.2062,0,1,22.8
66.2,444.21,421.16,8.9794,6.096,1.8593,0,1,23.05
66.3,445.11,421.77,9.1653,6.096,0.3048,0.03048,1,23.34
66.4,446.02,422.38,9.1958,6.099,-0.39624,-0.03048,1,23.64
66.5,446.94,422.99,9.1562,6.096,-0.18288,0.03048,1,23.95
66.6,447.86,423.6,9.1379,6.099,0.12192,-0.18288,1,24.26
66.7,448.77,424.21,9.1501,6.0808,-0.18288,-0.33528,1,24.56
66.8,449.69,424.82,9.1318,6.0472,-0.39624,0.27432,1,24.87
66.9,450.6,425.42,9.0922,6.0747,0.3048,1.8898,1,25.18
67,451.51,426.03,9.1227,6.2636,1.8898,4.1453,1,25.48
67.1,452.42,426.66,9.3116,6.6782,4.1453,3.5662,1,25.76
67.2,453.35,427.32,9.7262,7.0348,3.5966,4.2062,1,26.03
67.3,454.33,428.03,10.086,7.4554,4.1453,1.8898,1,26.3
67.4,455.34,428.77,10.5,7.6444,1.8898,0.1524,1,26.57
67.5,456.39,429.54,10.689,7.6596,0.3048,-0.79248,1,26.85
67.6,457.45,430.3,10.72,7.5804,-0.39624,0.1524,1,27.15
67.7,458.53,431.06,10.68,7.5956,-0.18288,1.9202,1,27.47
67.8,459.59,431.82,10.662,7.7876,0.06096,4.1453,1,27.77
67.9,460.66,432.6,10.668,8.2022,0,3.5966,1,28.06
68,461.73,433.42,10.668,8.5618,-0.03048,4.1453,1,28.31
68.1,462.79,434.28,10.665,8.9764,0.1524,1.8898,1,28.51
68.2,463.86,435.17,10.68,9.1653,0.3048,0.12192,1,28.69
68.3,464.93,436.09,10.711,9.1775,-0.42672,-5.68E-12,1,28.84
68.4,466,437.01,10.668,9.1775,-1.4935,0.39624,1,28.99
68.5,467.07,437.93,10.519,9.2172,-2.1031,-1.14E-11,1,29.14
68.6,468.12,438.85,10.308,9.2172,-1.4326,0.09144,1,29.27
68.7,469.15,439.77,10.165,9.2263,-0.03048,0.57912,1,29.38
68.8,470.17,440.69,10.162,9.2842,-0.09144,1.9812,1,29.48
68.9,471.18,441.62,10.153,9.4823,-1.1582,2.9566,1,29.56
69,472.2,442.57,10.037,9.778,-2.3165,2.5908,1,29.63
69.1,473.2,443.55,9.8054,10.037,-2.7737,2.7432,1,29.65
69.2,474.18,444.55,9.528,10.311,-3.0785,2.3165,1,29.63
69.3,475.13,445.58,9.2202,10.543,-2.347,1.3106,1,29.55
69.4,476.06,446.63,8.9855,10.674,-0.03048,0.36576,1,29.43
69.5,476.96,447.7,8.9825,10.711,2.4689,-0.3048,1,29.26
69.6,477.85,448.77,9.2293,10.68,3.5662,-0.18288,1,29.08
69.7,478.78,449.84,9.586,10.662,2.225,0.06096,1,28.94
69.8,479.74,450.91,9.8085,10.668,0.42672,0,1,28.83
69.9,480.72,451.97,9.8511,10.668,-0.06096,0,1,28.75
70,481.7,453.04,9.845,10.668,-0.24384,0,1,28.66
70.1,482.69,454.11,9.8207,10.668,0,0,1,28.58
70.2,483.67,455.17,9.8207,10.668,0.24384,0,1,28.5
70.3,484.65,456.24,9.845,10.668,0.09144,0,1,28.41
70.4,485.63,457.31,9.8542,10.668,-0.70104,0,1,28.32
70.5,486.62,458.38,9.7841,10.668,-1.7983,0,1,28.24
70.6,487.6,459.44,9.6042,10.668,-2.4384,0,1,28.16
70.7,488.56,460.51,9.3604,10.668,-1.7983,0,1,28.05
70.8,489.49,461.58,9.1806,10.668,-0.70104,0,1,27.91
70.9,490.41,462.64,9.1105,10.668,0.09144,0,1,27.77
71,491.32,463.71,9.1196,10.668,0.21336,0,1,27.61
71.1,492.24,464.78,9.141,10.668,0.06096,0,1,27.46
71.2,493.15,465.84,9.147,10.668,-0.03048,0,1,27.31
71.3,494.06,466.91,9.144,10.668,0,0,1,27.15
71.4,494.98,467.98,9.144,10.668,0,-0.03048,1,27
71.5,495.89,469.04,9.144,10.665,-5.68E-12,0.1524,1,26.85
71.6,496.81,470.11,9.144,10.68,5.68E-12,0.3048,1,26.7
71.7,497.72,471.18,9.144,10.711,0,-0.36576,1,26.54
71.8,498.64,472.25,9.144,10.674,0,-1.0668,1,26.39
71.9,499.55,473.32,9.144,10.567,0.06096,-2.7737,1,26.23
72,500.47,474.37,9.1501,10.29,-0.21336,-3.9319,1,26.1
72.1,501.38,475.4,9.1288,9.8969,-0.36576,-3.109,1,25.98
72.2,502.29,476.39,9.0922,9.586,0.33528,-1.4021,1,25.9
72.3,503.2,477.35,9.1257,9.4458,1.8593,1.463,1,25.85
72.4,504.11,478.29,9.3116,9.5921,4.5415,2.8956,1,25.82
72.5,505.05,479.25,9.7658,9.8816,4.3586,2.4384,1,25.8
72.6,506.02,480.24,10.202,10.125,4.2672,1.3716,1,25.78
72.7,507.04,481.25,10.628,10.263,4.3282,0.12192,1,25.79
72.8,508.11,482.28,11.061,10.275,-0.57912,-0.36576,1,25.83
72.9,509.21,483.31,11.003,10.238,-2.6822,-0.24384,1,25.9
73,510.31,484.33,10.735,10.214,-1.2802,0.03048,1,25.98
73.1,511.39,485.35,10.607,10.217,0.57912,0.4572,1,26.04
73.2,512.45,486.38,10.665,10.263,0.06096,1.1582,1,26.07
73.3,513.51,487.4,10.671,10.378,-0.18288,1.463,1,26.11
73.4,514.58,488.44,10.653,10.525,-0.36576,1.1582,1,26.14
73.5,515.65,489.49,10.616,10.641,0.3048,0.4572,1,26.16
73.6,516.71,490.56,10.647,10.686,1.8593,-0.03048,1,26.15
73.7,517.77,491.62,10.833,10.683,4.1758,-0.12192,1,26.15
73.8,518.85,492.69,11.25,10.671,3.5662,-0.06096,1,26.16
73.9,519.98,493.76,11.607,10.665,4.1758,0.03048,1,26.22
74,521.14,494.83,12.024,10.668,1.8593,0,1,26.31
74.1,522.34,495.89,12.21,10.668,0.3048,-5.68E-12,1,26.45
74.2,523.56,496.96,12.241,10.668,-0.36576,0.03048,1,26.6
74.3,524.79,498.03,12.204,10.671,-0.18288,-0.03048,1,26.76
74.4,526.01,499.09,12.186,10.668,0.70104,0,1,26.92
74.5,527.23,500.16,12.256,10.668,-1.2497,-0.03048,1,27.07
74.6,528.45,501.23,12.131,10.665,-2.8042,0.03048,1,27.22
74.7,529.67,502.29,11.851,10.668,-0.94488,0,1,27.38
74.8,530.85,503.36,11.756,10.668,0.85344,0,1,27.49
74.9,532.03,504.43,11.841,10.668,2.347,-0.4572,1,27.6
75,533.21,505.49,12.076,10.622,1.6154,0.82296,1,27.72
75.1,534.42,506.56,12.238,10.705,1.2192,2.0117,1,27.86
75.2,535.64,507.63,12.36,10.906,4.1758,1.1582,1,28.01
75.3,536.88,508.72,12.777,11.022,3.5357,0.48768,1,28.16
75.4,538.16,509.82,13.131,11.07,4.1758,0.06096,1,28.34
75.5,539.47,510.93,13.548,11.076,1.8593,1.6459,1,28.54
75.6,540.82,512.03,13.734,11.241,0.33528,3.2004,1,28.79
75.7,542.2,513.16,13.768,11.561,-0.36576,2.7432,1,29.04
75.8,543.57,514.31,13.731,11.835,-0.21336,2.286,1,29.26
75.9,544.95,515.5,13.71,12.064,0.06096,1.3411,1,29.45
76,546.32,516.7,13.716,12.198,-1.14E-11,0.33528,1,29.62
76.1,547.69,517.92,13.716,12.232,-0.21336,-0.27432,1,29.77
76.2,549.06,519.15,13.695,12.204,0.42672,-0.18288,1,29.91
76.3,550.43,520.37,13.737,12.186,0.9144,0.03048,1,30.06
76.4,551.8,521.59,13.829,12.189,0.33528,0.06096,1,30.21
76.5,553.19,522.81,13.862,12.195,-0.3048,-0.1524,1,30.38
76.6,554.57,524.02,13.832,12.18,-0.97536,-0.42672,1,30.55
76.7,555.96,525.24,13.734,12.137,-0.39624,0.97536,1,30.72
76.8,557.33,526.46,13.695,12.235,0.21336,0.64008,1,30.87
76.9,558.7,527.68,13.716,12.299,1.14E-11,0.97536,1,31.02
77,560.07,528.91,13.716,12.396,-1.14E-11,4.3282,1,31.16
77.1,561.44,530.15,13.716,12.829,1.14E-11,3.4138,1,31.29
77.2,562.81,531.43,13.716,13.17,-1.14E-11,4.7549,1,31.38
77.3,564.19,532.75,13.716,13.646,1.14E-11,1.8593,1,31.44
77.4,565.56,534.11,13.716,13.832,0.06096,-1.0058,1,31.45
77.5,566.93,535.5,13.722,13.731,-0.1524,-0.21336,1,31.43
77.6,568.3,536.87,13.707,13.71,-0.4572,0.03048,1,31.43
77.7,569.67,538.24,13.661,13.713,0.12192,0.06096,1,31.43
77.8,571.04,539.61,13.673,13.719,1.7678,-0.06096,1,31.43
77.9,572.41,540.98,13.85,13.713,3.9929,0.03048,1,31.43
78,573.79,542.36,14.249,13.716,3.6881,-1.14E-11,1,31.43
78.1,575.22,543.73,14.618,13.716,4.4806,-0.09144,1,31.49
78.2,576.68,545.1,15.066,13.707,1.1582,0.39624,1,31.58
78.3,578.18,546.47,15.182,13.746,-2.0422,0.39624,1,31.71
78.4,579.7,547.84,14.978,13.786,-4.6634,-1.1887,1,31.86
78.5,581.2,549.22,14.512,13.667,-4.3282,-3.3833,1,31.98
78.6,582.65,550.59,14.079,13.329,-4.9682,-4.2672,1,32.06
78.7,584.06,551.92,13.582,12.902,-4.633,-3.81,1,32.14
78.8,585.42,553.21,13.119,12.521,-4.7244,-4.572,1,32.21
78.9,586.73,554.47,12.646,12.064,-4.4501,-1.4935,1,32.26
79,587.99,555.67,12.201,11.915,-0.4572,0.48768,1,32.32
79.1,589.21,556.86,12.155,11.963,0.3048,1.0363,1,32.35
79.2,590.43,558.06,12.186,12.067,0.12192,-0.1524,1,32.37
79.3,591.65,559.27,12.198,12.052,-1.14E-11,-0.1524,1,32.38
79.4,592.87,560.47,12.198,12.037,-0.03048,0.03048,1,32.4
79.5,594.09,561.67,12.195,12.04,0.03048,0,1,32.42
79.6,595.31,562.88,12.198,12.04,0,-1.14E-11,1,32.43
79.7,596.53,564.08,12.198,12.04,1.14E-11,1.14E-11,1,32.45
79.8,597.75,565.29,12.198,12.04,-1.14E-11,-0.21336,1,32.46
79.9,598.97,566.49,12.198,12.018,1.14E-11,-1.1278,1,32.48
80,600.19,567.69,12.198,11.905,-1.14E-11,6.797,1,32.5
80.1,601.41,568.88,12.198,12.585,0,8.1077,1,32.53
80.2,602.63,570.14,12.198,13.396,0.70104,8.9916,1,32.49
80.3,603.85,571.48,12.268,14.295,-1.3716,8.0162,1,32.37
80.4,605.07,572.91,12.131,15.097,-3.1394,11.674,1,32.16
80.5,606.29,574.42,11.817,16.264,-1.1278,-10.424,1,31.87
80.6,607.47,576.05,11.704,15.222,2.1641,-7.2847,1,31.42
80.7,608.64,577.57,11.921,14.493,4.3586,-9.0221,1,31.07
80.8,609.83,579.02,12.357,13.591,4.2062,-7.5286,1,30.81
80.9,611.07,580.38,12.777,12.838,1.3411,-8.4734,1,30.69
81,612.34,581.66,12.911,11.991,0.79248,1.7374,1,30.68
81.1,613.63,582.86,12.991,12.165,-1.14E-11,2.0422,1,30.77
81.2,614.93,584.08,12.991,12.369,-0.3048,0.85344,1,30.85
81.3,616.23,585.31,12.96,12.454,-0.03048,-0.4572,1,30.92
81.4,617.53,586.56,12.957,12.408,0.03048,0.03048,1,30.97
81.5,618.82,587.8,12.96,12.411,-0.03048,-1.14E-11,1,31.02
81.6,620.12,589.04,12.957,12.411,0.03048,-0.03048,1,31.08
81.7,621.42,590.28,12.96,12.408,1.14E-11,0,1,31.14
81.8,622.71,591.52,12.96,12.408,-1.14E-11,0,1,31.19
81.9,624.01,592.76,12.96,12.408,2.27E-11,0.03048,1,31.25
82,625.3,594,12.96,12.411,-0.03048,-0.03048,1,31.3
82.1,626.6,595.25,12.957,12.408,0.03048,0.03048,1,31.35
82.2,627.9,596.49,12.96,12.411,0.39624,-0.03048,1,31.41
82.3,629.19,597.73,13,12.408,-0.79248,0.03048,1,31.46
82.4,630.49,598.97,12.92,12.411,-1.6764,-0.03048,1,31.52
82.5,631.78,600.21,12.753,12.408,-0.67056,0.09144,1,31.57
82.6,633.06,601.45,12.686,12.418,-0.3048,0,1,31.61
82.7,634.33,602.69,12.655,12.418,-0.4572,0.57912,1,31.64
82.8,635.59,603.93,12.61,12.475,-1.9202,-1.4935,1,31.66
82.9,636.85,605.18,12.418,12.326,-2.347,-3.871,1,31.67
83,638.1,606.41,12.183,11.939,-0.48768,-3.5052,1,31.69
83.1,639.31,607.61,12.134,11.588,0.33528,-3.0175,1,31.7
83.2,640.53,608.77,12.168,11.287,0.27432,-2.0726,1,31.76
83.3,641.74,609.9,12.195,11.079,-0.03048,-1.8898,1,31.84
83.4,642.96,611,12.192,10.891,0.03048,-0.70104,1,31.96
83.5,644.18,612.09,12.195,10.82,0.12192,3.9624,1,32.09
83.6,645.4,613.17,12.207,11.217,0.06096,4.1758,1,32.23
83.7,646.62,614.3,12.213,11.634,-0.09144,3.9014,1,32.32
83.8,647.84,615.46,12.204,12.024,-0.09144,0.18288,1,32.38
83.9,649.06,616.66,12.195,12.043,-0.03048,-1.9812,1,32.4
84,650.28,617.87,12.192,11.845,-0.03048,-1.0363,1,32.41
84.1,651.5,619.05,12.189,11.741,0.03048,0.73152,1,32.45
0.1,18.444,0,13.052,13.716,3.9624,-0.03048,2,18.444
0.2,19.75,1.3716,13.448,13.713,3.2918,0.06096,2,18.3784
0.3,21.094,2.7429,13.777,13.719,1.8288,-0.06096,2,18.3511
0.4,22.472,4.1148,13.96,13.713,0.94488,0.06096,2,18.3572
0.5,23.868,5.4861,14.054,13.719,-0.03048,-0.06096,2,18.3819
0.6,25.273,6.858,14.051,13.713,-0.27432,0.06096,2,18.415
0.7,26.679,8.2293,14.024,13.719,-0.06096,0.03048,2,18.4497
0.8,28.081,9.6012,14.018,13.722,0.03048,-0.03048,2,18.4798
0.9,29.483,10.973,14.021,13.719,3.55E-13,0.36576,2,18.51
1,30.885,12.345,14.021,13.756,-3.55E-13,-1.463,2,18.54
1.1,32.287,13.721,14.021,13.609,0,-2.6213,2,18.566
1.2,33.689,15.082,14.021,13.347,0.42672,-0.9144,2,18.607
1.3,35.091,16.417,14.063,13.256,-0.82296,0.9144,2,18.674
1.4,36.497,17.742,13.981,13.347,-1.8593,2.4079,2,18.755
1.5,37.895,19.077,13.795,13.588,-0.67056,1.0973,2,18.818
1.6,39.275,20.436,13.728,13.698,0.67056,-0.57912,2,18.839
1.7,40.648,21.805,13.795,13.64,1.7374,1.07E-12,2,18.843
1.8,42.027,23.169,13.969,13.64,0.73152,-1.07E-12,2,18.858
1.9,43.424,24.533,14.042,13.64,-0.24384,0,2,18.891
2,44.828,25.897,14.018,13.64,0.73152,0,2,18.931
2.1,46.23,27.261,14.091,13.64,1.2192,0,2,18.969
2.2,47.639,28.625,14.213,13.64,1.4935,1.07E-12,2,19.014
2.3,49.061,29.989,14.362,13.64,1.2802,-1.07E-12,2,19.072
2.4,50.497,31.353,14.49,13.64,0.73152,0,2,19.144
2.5,51.946,32.717,14.563,13.64,0.1524,-0.03048,2,19.229
2.6,53.402,34.081,14.579,13.637,1.0668,0.51816,2,19.321
2.7,54.86,35.445,14.685,13.689,-2.4994,-0.94488,2,19.415
2.8,56.329,36.814,14.435,13.594,-4.4806,-1.9812,2,19.515
2.9,57.772,38.173,13.987,13.396,-1.4326,-0.73152,2,19.599
3,59.171,39.513,13.844,13.323,0.3048,1.0973,2,19.658
3.1,60.555,40.845,13.874,13.433,-0.09144,2.6518,2,19.71
3.2,61.943,42.188,13.865,13.698,-5.8826,1.9507,2,19.755
3.3,63.329,43.558,13.277,13.893,-4.2672,0.33528,2,19.771
3.4,64.657,44.947,12.85,13.926,-5.6693,0.36576,2,19.71
3.5,65.942,46.34,12.283,13.963,-3.109,0.03048,2,19.602
3.6,67.17,47.736,11.973,13.966,1.8288,-0.12192,2,19.434
3.7,68.368,49.133,12.155,13.954,5.8217,-0.03048,2,19.235
3.8,69.583,50.528,12.738,13.951,4.6025,0,2,19.055
3.9,70.857,51.923,13.198,13.951,4.633,0,2,18.934
4,72.177,53.318,13.661,13.951,5.3035,0.09144,2,18.859
4.1,73.543,54.713,14.191,13.96,2.5908,1.0058,2,18.83
4.2,74.962,56.109,14.451,14.06,0.3048,-2.6213,2,18.853
4.3,76.407,57.515,14.481,13.798,0.42672,-4.9378,2,18.892
4.4,77.855,58.895,14.524,13.305,0.24384,-1.7069,2,18.96
4.5,79.307,60.226,14.548,13.134,-1.3716,2.1031,2,19.081
4.6,80.762,61.539,14.411,13.344,-3.0785,4.9378,2,19.223
4.7,82.203,62.874,14.103,13.838,-2.8346,2.3165,2,19.329
4.8,83.614,64.257,13.82,14.07,-1.3411,-0.762,2,19.357
4.9,84.996,65.664,13.686,13.993,-0.06096,-0.27432,2,19.332
5,86.364,67.064,13.679,13.966,0.3048,-1.7983,2,19.3
5.1,87.732,68.46,13.71,13.786,0.09144,-2.8346,2,19.272
5.2,89.103,69.839,13.719,13.503,-0.03048,-1.6764,2,19.264
5.3,90.475,71.189,13.716,13.335,0.762,1.0058,2,19.286
5.4,91.847,72.523,13.792,13.436,-1.4935,1.9507,2,19.324
5.5,93.226,73.866,13.643,13.631,-3.2004,0.48768,2,19.36
5.6,94.59,75.229,13.323,13.679,-1.1887,-1.4021,2,19.361
5.7,95.922,76.597,13.204,13.539,1.1582,-1.2497,2,19.325
5.8,97.243,77.951,13.32,13.414,3.2004,0.73152,2,19.292
5.9,98.575,79.293,13.64,13.487,1.4935,1.7983,2,19.282
6,99.939,80.641,13.789,13.667,-0.762,1.1887,2,19.298
6.1,101.32,82.008,13.713,13.786,2.84E-12,0.24384,2,19.312
6.2,102.69,83.387,13.713,13.81,0,-0.27432,2,19.303
6.3,104.06,84.768,13.713,13.783,0,-0.1524,2,19.292
6.4,105.43,86.146,13.713,13.768,0,0.06096,2,19.284
6.5,106.8,87.523,13.713,13.774,-2.84E-12,-0.03048,2,19.277
6.6,108.17,88.9,13.713,13.771,-0.06096,0.06096,2,19.27
6.7,109.55,90.277,13.707,13.777,0.18288,1.0058,2,19.273
6.8,110.92,91.655,13.725,13.878,0.33528,-1.4021,2,19.265
6.9,112.29,93.043,13.759,13.737,-0.48768,-4.0234,2,19.247
7,113.66,94.416,13.71,13.335,-1.4935,-3.3223,2,19.244
7.1,115.04,95.75,13.561,13.003,-2.1031,-1.585,2,19.29
7.2,116.39,97.05,13.35,12.844,-0.79248,1.1582,2,19.34
7.3,117.73,98.335,13.271,12.96,0.4572,0.73152,2,19.395
7.4,119.05,99.631,13.317,13.033,0.03048,-0.67056,2,19.419
7.5,120.39,100.93,13.32,12.966,-1.4021,0.24384,2,19.46
7.6,121.72,102.23,13.18,12.991,-2.3774,0.06096,2,19.49
7.7,123.04,103.53,12.942,12.997,-1.7069,-0.03048,2,19.51
7.8,124.33,104.83,12.771,12.994,-0.94488,-2.84E-12,2,19.5
7.9,125.61,106.13,12.677,12.994,-1.463,2.84E-12,2,19.48
8,126.87,107.43,12.53,12.994,-1.8288,0,2,19.44
8.1,128.13,108.73,12.347,12.994,-1.7374,0,2,19.4
8.2,129.36,110.03,12.174,12.994,-0.70104,-2.84E-12,2,19.33
8.3,130.58,111.33,12.104,12.994,0.64008,2.84E-12,2,19.25
8.4,131.79,112.63,12.168,12.994,1.4326,-0.03048,2,19.16
8.5,133.01,113.92,12.311,12.991,2.5603,0.03048,2,19.09
8.6,134.24,115.22,12.567,12.994,2.987,-0.06096,2,19.02
8.7,135.49,116.52,12.866,12.988,1.0058,0.24384,2,18.97
8.8,136.78,117.82,12.966,13.012,-0.3048,0.42672,2,18.96
8.9,138.08,119.12,12.936,13.055,-0.54864,-0.57912,2,18.96
9,139.37,120.43,12.881,12.997,-0.09144,-2.8651,2,18.94
9.1,140.66,121.73,12.872,12.71,0.88392,-3.749,2,18.93
9.2,141.95,123,12.96,12.335,1.3716,-1.2192,2,18.95
9.3,143.24,124.23,13.097,12.213,2.9261,3.5966,2,19.01
9.4,144.55,125.45,13.39,12.573,3.81,4.633,2,19.1
9.5,145.89,126.71,13.771,13.036,1.2802,3.4138,2,19.18
9.6,147.27,128.02,13.899,13.378,-3.4747,-1.5545,2,19.25
9.7,148.66,129.35,13.551,13.222,-4.4196,-4.4806,2,19.31
9.8,150.01,130.68,13.109,12.774,-4.6634,-4.1453,2,19.33
9.9,151.32,131.95,12.643,12.36,-2.8042,-1.8593,2,19.37
10,152.59,133.19,12.363,12.174,1.0363,-0.21336,2,19.4
10.1,153.82,134.41,12.466,12.152,3.2309,0.85344,2,19.41
10.2,155.07,135.62,12.789,12.238,3.5662,-0.97536,2,19.45
10.3,156.35,136.84,13.146,12.14,3.1394,-2.0117,2,19.51
10.4,157.66,138.06,13.46,11.939,2.1946,-0.79248,2,19.6
10.5,159.01,139.25,13.679,11.86,0.64008,0.73152,2,19.76
10.6,160.38,140.44,13.743,11.933,0,2.0422,2,19.94
10.7,161.75,141.63,13.743,12.137,0.27432,0.97536,2,20.12
10.8,163.13,142.85,13.771,12.235,0.39624,-0.51816,2,20.28
10.9,164.5,144.07,13.81,12.183,0.03048,-5.68E-12,2,20.43
11,165.89,145.29,13.814,12.183,-0.57912,0.03048,2,20.6
11.1,167.27,146.51,13.756,12.186,-0.51816,0.03048,2,20.76
11.2,168.64,147.72,13.704,12.189,-2.84E-12,-0.18288,2,20.92
11.3,170.01,148.94,13.704,12.171,0.09144,-0.33528,2,21.07
11.4,171.38,150.16,13.713,12.137,0.03048,0.4572,2,21.22
11.5,172.75,151.37,13.716,12.183,-0.03048,1.585,2,21.38
11.6,174.13,152.59,13.713,12.341,2.84E-12,1.9812,2,21.54
11.7,175.5,153.83,13.713,12.539,0.3048,1.0973,2,21.67
11.8,176.87,155.08,13.743,12.649,-0.48768,0.39624,2,21.79
11.9,178.24,156.35,13.695,12.689,-1.0973,1.1582,2,21.89
12,179.61,157.61,13.585,12.805,-0.9144,2.225,2,22
12.1,180.97,158.89,13.493,13.027,-0.762,1.6459,2,22.08
12.2,182.32,160.2,13.417,13.192,-0.9144,0.09144,2,22.12
12.3,183.66,161.52,13.326,13.201,-2.0726,-0.03048,2,22.14
12.4,184.99,162.84,13.119,13.198,-2.9566,0.79248,2,22.15
12.5,186.31,164.16,12.823,13.277,-2.7432,0.24384,2,22.15
12.6,187.59,165.48,12.549,13.301,-2.347,-1.9507,2,22.11
12.7,188.84,166.81,12.314,13.106,-1.2802,-4.0538,2,22.03
12.8,190.08,168.12,12.186,12.701,-0.33528,-3.6881,2,21.96
12.9,191.29,169.4,12.152,12.332,0.24384,-1.7069,2,21.89
13,192.51,170.63,12.177,12.162,0.21336,-0.21336,2,21.88
13.1,193.73,171.84,12.198,12.14,-0.06096,0.39624,2,21.89
13.2,194.95,173.06,12.192,12.18,0,0.1524,2,21.89
13.3,196.17,174.28,12.192,12.195,0,-0.06096,2,21.89
13.4,197.38,175.5,12.192,12.189,-0.03048,0.03048,2,21.88
13.5,198.6,176.71,12.189,12.192,0.03048,0.3048,2,21.89
13.6,199.82,177.93,12.192,12.222,0,-0.64008,2,21.89
13.7,201.04,179.16,12.192,12.158,0,-1.4021,2,21.88
13.8,202.26,180.37,12.192,12.018,0,-0.48768,2,21.89
13.9,203.48,181.57,12.192,11.969,0,0.48768,2,21.91
14,204.7,182.77,12.192,12.018,0,1.4021,2,21.93
14.1,205.92,183.97,12.192,12.158,-0.06096,0.67056,2,21.95
14.2,207.14,185.19,12.186,12.226,0.18288,-0.33528,2,21.95
14.3,208.36,186.41,12.204,12.192,0.39624,0,2,21.95
14.4,209.58,187.63,12.244,12.192,-0.33528,0,2,21.95
14.5,210.8,188.85,12.21,12.192,-1.8288,0,2,21.95
14.6,212.02,190.07,12.027,12.192,-4.2062,-0.06096,2,21.95
14.7,213.23,191.29,11.607,12.186,-3.5357,0.21336,2,21.94
14.8,214.39,192.51,11.253,12.207,-4.1758,0.36576,2,21.88
14.9,215.51,193.73,10.836,12.244,-1.8898,-0.3048,2,21.78
15,216.59,194.95,10.647,12.213,-0.3048,-1.8898,2,21.64
15.1,217.66,196.17,10.616,12.024,0.33528,-4.1758,2,21.49
15.2,218.72,197.38,10.65,11.607,0.36576,-3.5662,2,21.34
15.3,219.79,198.54,10.686,11.25,0.33528,-4.1453,2,21.25
15.4,220.85,199.66,10.72,10.836,-0.3048,-1.8898,2,21.19
15.5,221.93,200.74,10.689,10.647,-1.8593,-0.3048,2,21.19
15.6,223,201.81,10.503,10.616,-4.6939,0.39624,2,21.19
15.7,224.05,202.87,10.034,10.656,-3.6576,0.1524,2,21.18
15.8,225.05,203.94,9.6683,10.671,-4.0234,-0.06096,2,21.11
15.9,226.02,205,9.2659,10.665,-3.749,0.1524,2,21.02
16,226.94,206.07,8.891,10.68,-1.5545,0.39624,2,20.87
16.1,227.83,207.14,8.7356,10.72,-0.33528,-0.33528,2,20.69
16.2,228.71,208.21,8.702,10.686,0.09144,-1.8593,2,20.5
16.3,229.58,209.28,8.7112,10.5,0.24384,-4.1758,2,20.3
16.4,230.45,210.33,8.7356,10.083,-0.03048,-3.5357,2,20.12
16.5,231.32,211.34,8.7325,9.7292,-0.27432,-4.1758,2,19.98
16.6,232.19,212.31,8.7051,9.3116,-0.42672,-1.8898,2,19.88
16.7,233.06,213.24,8.6624,9.1227,-0.24384,-0.27432,2,19.82
16.8,233.93,214.15,8.638,9.0952,0.51816,0.3048,2,19.78
16.9,234.79,215.06,8.6898,9.1257,0.9144,0.33528,2,19.73
17,235.66,215.98,8.7813,9.1592,-0.73152,0.24384,2,19.68
17.1,236.54,216.89,8.7081,9.1836,-5.6693,-0.33528,2,19.65
17.2,237.41,217.81,8.1412,9.1501,-4.633,-1.2802,2,19.6
17.3,238.23,218.72,7.6779,9.0221,-5.3035,-2.347,2,19.51
17.4,238.99,219.63,7.1476,8.7874,-4.6025,-2.7432,2,19.36
17.5,239.71,220.51,6.6873,8.5131,-5.6693,-2.6213,2,19.2
17.6,240.38,221.36,6.1204,8.2509,-1.0058,-2.7432,2,19.02
17.7,240.99,222.18,6.0198,7.9766,0.42672,-2.3774,2,18.81
17.8,241.59,222.98,6.0625,7.7389,0.06096,-1.1887,2,18.61
17.9,242.2,223.75,6.0686,7.62,0.21336,-0.09144,2,18.45
18,242.8,224.52,6.0899,7.6109,1.0668,0.3048,2,18.28
18.1,243.41,225.28,6.1966,7.6413,1.4935,-0.82296,2,18.13
18.2,244.03,226.04,6.3459,7.559,0.48768,-2.5603,2,17.99
18.3,244.67,226.8,6.3947,7.303,-0.88392,-3.2918,2,17.87
18.4,245.31,227.53,6.3063,6.9738,-1.1582,-2.6822,2,17.78
18.5,245.94,228.22,6.1905,6.7056,-1.0668,-1.2192,2,17.72
18.6,246.56,228.9,6.0838,6.5837,-1.8288,-0.03048,2,17.66
18.7,247.17,229.55,5.9009,6.5806,-3.81,0.33528,2,17.62
18.8,247.76,230.21,5.5199,6.6142,-3.5662,0.03048,2,17.55
18.9,248.31,230.87,5.1633,6.6172,-4.2977,0.03048,2,17.44
19,248.82,231.53,4.7335,6.6203,-1.7983,0.06096,2,17.29
19.1,249.3,232.2,4.5537,6.6264,-0.33528,-0.06096,2,17.1
19.2,249.75,232.86,4.5202,6.6203,0.39624,-0.27432,2,16.89
19.3,250.2,233.52,4.5598,6.5928,0.1524,-0.4572,2,16.68
19.4,250.66,234.18,4.575,6.5471,-0.03048,-0.24384,2,16.48
19.5,251.12,234.84,4.572,6.5227,0,0.18288,2,16.28
19.6,251.58,235.49,4.572,6.541,0,0.70104,2,16.09
19.7,252.03,236.14,4.572,6.6111,0,0.64008,2,15.89
19.8,252.49,236.8,4.572,6.6751,0,-0.51816,2,15.69
19.9,252.95,237.47,4.572,6.6233,0,-2.0117,2,15.48
20,253.4,238.13,4.572,6.4221,0,-3.9319,2,15.27
20.1,253.86,238.77,4.572,6.0289,0,-3.6271,2,15.09
20.2,254.32,239.38,4.572,5.6662,-0.03048,-3.6576,2,14.94
20.3,254.78,239.94,4.569,5.3005,0.09144,-3.7186,2,14.84
20.4,255.23,240.47,4.5781,4.9286,0.03048,-2.7432,2,14.76
20.5,255.69,240.97,4.5811,4.6543,-0.06096,-1.0058,2,14.72
20.6,256.15,241.43,4.575,4.5537,-0.12192,0.85344,2,14.72
20.7,256.61,241.89,4.5629,4.6391,0,1.8593,2,14.72
20.8,257.06,242.35,4.5629,4.825,0.3048,0.79248,2,14.71
20.9,257.52,242.83,4.5933,4.9042,-0.12192,-1.1278,2,14.69
21,257.98,243.32,4.5811,4.7915,-1.1887,-1.6154,2,14.66
21.1,258.44,243.8,4.4623,4.6299,-2.6518,-0.9144,2,14.64
21.2,258.88,244.27,4.1971,4.5385,-2.9566,0.03048,2,14.61
21.3,259.3,244.72,3.9014,4.5415,-1.1278,0.3048,2,14.58
21.4,259.69,245.18,3.7887,4.572,1.0973,0.03048,2,14.51
21.5,260.07,245.63,3.8984,4.575,2.8042,-0.03048,2,14.44
21.6,260.46,246.09,4.1788,4.572,2.6822,0,2,14.37
21.7,260.88,246.55,4.447,4.572,1.3411,-2.84E-12,2,14.33
21.8,261.32,247,4.5811,4.572,0.33528,2.84E-12,2,14.32
21.9,261.78,247.46,4.6147,4.572,-0.3048,0,2,14.32
22,262.24,247.92,4.5842,4.572,-0.18288,0,2,14.32
22.1,262.7,248.38,4.5659,4.572,0.06096,0,2,14.32
22.2,263.16,248.83,4.572,4.572,0,0,2,14.33
22.3,263.62,249.29,4.572,4.572,0,0,2,14.33
22.4,264.07,249.75,4.572,4.572,0.18288,0,2,14.32
22.5,264.53,250.2,4.5903,4.572,-0.33528,0,2,14.33
22.6,264.99,250.66,4.5568,4.572,-0.85344,0,2,14.33
22.7,265.44,251.12,4.4714,4.572,-0.3048,-0.03048,2,14.32
22.8,265.89,251.58,4.4409,4.569,0.3048,0.03048,2,14.31
22.9,266.34,252.03,4.4714,4.572,0.82296,0.03048,2,14.31
23,266.78,252.49,4.5537,4.575,0.36576,-0.03048,2,14.29
23.1,267.24,252.95,4.5903,4.572,-0.18288,0,2,14.29
23.2,267.7,253.4,4.572,4.572,-0.03048,0,2,14.3
23.3,268.15,253.86,4.569,4.572,0.12192,0,2,14.29
23.4,268.61,254.32,4.5811,4.572,0.33528,0,2,14.29
23.5,269.07,254.78,4.6147,4.572,-0.3048,0,2,14.29
23.6,269.53,255.23,4.5842,4.572,-1.463,0,2,14.3
23.7,269.99,255.69,4.4379,4.572,-2.3165,0,2,14.3
23.8,270.43,256.15,4.2062,4.572,-1.463,0,2,14.28
23.9,270.85,256.61,4.0599,4.572,0.54864,0,2,14.24
24,271.26,257.06,4.1148,4.572,1.7374,0,2,14.2
24.1,271.67,257.52,4.2885,4.572,1.3716,0,2,14.15
24.2,272.1,257.98,4.4257,4.572,0.3048,0,2,14.12
24.3,272.54,258.43,4.4562,4.572,-0.27432,0,2,14.11
24.4,272.99,258.89,4.4287,4.572,-0.3048,-0.06096,2,14.1
24.5,273.43,259.35,4.3983,4.5659,-0.3048,0.21336,2,14.08
24.6,273.87,259.81,4.3678,4.5872,0.4572,0.21336,2,14.06
24.7,274.31,260.26,4.4135,4.6086,1.9202,-0.79248,2,14.05
24.8,274.75,260.72,4.6055,4.5293,3.9014,-1.2802,2,14.03
24.9,275.21,261.18,4.9957,4.4013,3.6881,-0.12192,2,14.03
25,275.71,261.62,5.3645,4.3891,3.9014,3.2004,2,14.09
25.1,276.25,262.06,5.7546,4.7092,1.9202,4.3891,2,14.19
25.2,276.82,262.53,5.9466,5.1481,0.4572,4.0234,2,14.29
25.3,277.42,263.04,5.9924,5.5504,-0.27432,3.9624,2,14.38
25.4,278.01,263.6,5.9649,5.9466,-0.39624,0.4572,2,14.41
25.5,278.61,264.19,5.9253,5.9924,-0.36576,-1.2192,2,14.42
25.6,279.2,264.79,5.8887,5.8704,0.21336,-0.57912,2,14.41
25.7,279.79,265.38,5.9101,5.8125,2.0422,0.6096,2,14.41
25.8,280.38,265.96,6.1143,5.8735,4.6025,0.73152,2,14.42
25.9,281,266.55,6.5745,5.9466,3.3833,-0.54864,2,14.45
26,281.65,267.14,6.9129,5.8918,4.3282,-2.0726,2,14.51
26.1,282.34,267.73,7.3457,5.6845,2.4384,-2.4384,2,14.61
26.2,283.08,268.3,7.5895,5.4407,1.585,-1.9202,2,14.78
26.3,283.84,268.84,7.748,5.2487,1.7983,-0.88392,2,15
26.4,284.61,269.37,7.9278,5.1603,2.3774,-0.09144,2,15.24
26.5,285.4,269.88,8.1656,5.1511,2.0726,0.27432,2,15.52
26.6,286.22,270.4,8.3729,5.1786,1.0058,0.03048,2,15.82
26.7,287.06,270.92,8.4734,5.1816,0.1524,-0.33528,2,16.14
26.8,287.91,271.44,8.4887,5.1481,-0.27432,-5.68E-12,2,16.47
26.9,288.76,271.95,8.4612,5.1481,-0.51816,0.94488,2,16.81
27,289.6,272.46,8.4094,5.2426,-0.06096,2.1031,2,17.14
27.1,290.44,272.99,8.4033,5.4529,1.7069,2.7737,2,17.45
27.2,291.28,273.53,8.574,5.7302,4.9987,2.3165,2,17.75
27.3,292.14,274.11,9.0739,5.9619,4.1758,1.2497,2,18.03
27.4,293.05,274.7,9.4915,6.0869,4.2977,0.39624,2,18.35
27.5,294,275.31,9.9212,6.1265,4.7549,-0.12192,2,18.69
27.6,294.99,275.93,10.397,6.1143,2.987,-0.33528,2,19.06
27.7,296.03,276.54,10.695,6.0808,0.33528,-0.39624,2,19.49
27.8,297.1,277.14,10.729,6.0411,-0.48768,0.33528,2,19.96
27.9,298.17,277.75,10.68,6.0747,-0.18288,1.8898,2,20.42
28,299.24,278.36,10.662,6.2636,0.06096,4.1758,2,20.88
28.1,300.3,278.98,10.668,6.6812,0,3.5357,2,21.32
28.2,301.37,279.65,10.668,7.0348,0,4.2367,2,21.72
28.3,302.44,280.35,10.668,7.4585,0,1.7678,2,22.09
28.4,303.51,281.1,10.668,7.6352,0,0.09144,2,22.41
28.5,304.57,281.86,10.668,7.6444,0.06096,-0.3048,2,22.71
28.6,305.64,282.63,10.674,7.6139,-0.21336,0.70104,2,23.01
28.7,306.71,283.39,10.653,7.684,-0.33528,1.9202,2,23.32
28.8,307.77,284.16,10.619,7.876,0.27432,2.4079,2,23.61
28.9,308.83,284.95,10.647,8.1168,1.8898,1.8288,2,23.88
29,309.9,285.76,10.836,8.2997,4.1453,0.88392,2,24.14
29.1,310.98,286.59,11.25,8.3881,3.5966,0.12192,2,24.39
29.2,312.11,287.43,11.61,8.4003,4.1453,-0.24384,2,24.68
29.3,313.27,288.27,12.024,8.3759,1.8898,-0.09144,2,25
29.4,314.47,289.1,12.213,8.3668,0.27432,-0.27432,2,25.37
29.5,315.69,289.94,12.241,8.3393,-0.36576,0.03048,2,25.75
29.6,316.92,290.77,12.204,8.3424,-0.18288,0.97536,2,26.15
29.7,318.14,291.61,12.186,8.4399,0.06096,2.0726,2,26.53
29.8,319.35,292.45,12.192,8.6472,0.03048,2.6213,2,26.9
29.9,320.57,293.32,12.195,8.9093,-0.03048,1.8593,2,27.25
30,321.79,294.21,12.192,9.0952,0,0.79248,2,27.58
30.1,323.01,295.12,12.192,9.1745,0.03048,0.06096,2,27.89
30.2,324.23,296.03,12.195,9.1806,-0.03048,-0.48768,2,28.2
30.3,325.45,296.95,12.192,9.1318,0.03048,-0.39624,2,28.5
30.4,326.67,297.87,12.195,9.0922,-0.18288,0.3048,2,28.8
30.5,327.89,298.78,12.177,9.1227,-0.27432,1.8593,2,29.11
30.6,329.11,299.69,12.149,9.3086,0.39624,4.2062,2,29.42
30.7,330.32,300.62,12.189,9.7292,1.6459,3.5357,2,29.7
30.8,331.54,301.59,12.354,10.083,2.3774,4.2062,2,29.95
30.9,332.78,302.6,12.591,10.503,1.1278,1.8593,2,30.18
31,334.04,303.65,12.704,10.689,-1.1278,0.27432,2,30.39
31.1,335.31,304.72,12.591,10.717,-2.3774,-0.33528,2,30.59
31.2,336.57,305.79,12.354,10.683,-1.6459,-0.21336,2,30.78
31.3,337.8,306.86,12.189,10.662,-0.51816,0.06096,2,30.94
31.4,339.02,307.93,12.137,10.668,0.51816,0,2,31.09
31.5,340.23,308.99,12.189,10.668,0.6096,0,2,31.24
31.6,341.45,310.06,12.25,10.668,0.12192,-0.03048,2,31.39
31.7,342.68,311.13,12.262,10.665,-0.18288,0.03048,2,31.55
31.8,343.9,312.19,12.244,10.668,-0.42672,0,2,31.71
31.9,345.13,313.26,12.201,10.668,-0.12192,0.03048,2,31.87
32,346.35,314.33,12.189,10.671,-0.12192,-0.03048,2,32.02
32.1,347.57,315.39,12.177,10.668,-0.33528,0,2,32.18
32.2,348.78,316.46,12.143,10.668,0.36576,0,2,32.32
32.3,350,317.53,12.18,10.668,1.8898,-0.03048,2,32.47
32.4,351.22,318.59,12.369,10.665,3.3223,0.03048,2,32.63
32.5,352.45,319.66,12.701,10.668,3.1394,0,2,32.79
32.6,353.72,320.73,13.015,10.668,1.6764,0.03048,2,32.99
32.7,355.03,321.79,13.183,10.671,0.73152,5.68E-12,2,33.24
32.8,356.34,322.86,13.256,10.671,1.1887,-0.1524,2,33.48
32.9,357.67,323.93,13.375,10.656,1.8593,-0.3048,2,33.74
33,359.01,324.99,13.561,10.625,1.524,0.42672,2,34.02
33.1,360.36,326.06,13.713,10.668,0.42672,1.5545,2,34.3
33.2,361.73,327.12,13.756,10.823,-0.21336,1.8593,2,34.61
33.3,363.11,328.2,13.734,11.009,0.06096,1.2192,2,34.91
33.4,364.48,329.31,13.74,11.131,0.39624,0.70104,2,35.17
33.5,365.86,330.42,13.78,11.201,0.3048,1.6459,2,35.44
33.6,367.23,331.54,13.81,11.366,0.09144,3.1699,2,35.69
33.7,368.62,332.68,13.82,11.683,5.68E-12,3.3223,2,35.94
33.8,370,333.84,13.82,12.015,-0.12192,1.8898,2,36.16
33.9,371.38,335.05,13.807,12.204,-0.24384,0.36576,2,36.33
34,372.76,336.27,13.783,12.241,-0.36576,-0.33528,2,36.49
34.1,374.14,337.49,13.746,12.207,-0.24384,-0.3048,2,36.65
34.2,375.51,338.71,13.722,12.177,-0.12192,0.24384,2,36.8
34.3,376.89,339.93,13.71,12.201,0.03048,0.39624,2,36.96
34.4,378.26,341.15,13.713,12.241,0.03048,0.18288,2,37.11
34.5,379.63,342.37,13.716,12.259,0,-0.18288,2,37.26
34.6,381,343.6,13.716,12.241,0.09144,-0.39624,2,37.4
34.7,382.37,344.82,13.725,12.201,-0.21336,-0.18288,2,37.55
34.8,383.74,346.04,13.704,12.183,-0.4572,0.09144,2,37.7
34.9,385.11,347.26,13.658,12.192,-0.21336,-5.68E-12,2,37.85
35,386.48,348.48,13.637,12.192,0.12192,5.68E-12,2,38
35.1,387.84,349.7,13.649,12.192,0.70104,0,2,38.14
35.2,389.21,350.92,13.719,12.192,0.57912,0,2,38.29
35.3,390.58,352.14,13.777,12.192,-0.39624,0,2,38.44
35.4,391.96,353.36,13.737,12.192,-1.8898,0,2,38.6
35.5,393.33,354.58,13.548,12.192,-4.1453,0,2,38.75
35.6,394.69,355.8,13.134,12.192,-3.5966,0,2,38.89
35.7,396,357.01,12.774,12.192,-4.1453,0.03048,2,38.99
35.8,397.28,358.23,12.36,12.195,-1.8898,-0.09144,2,39.05
35.9,398.51,359.45,12.171,12.186,-0.3048,-0.27432,2,39.06
36,399.73,360.67,12.14,12.158,0.39624,0.18288,2,39.06
36.1,400.94,361.89,12.18,12.177,0.18288,1.1887,2,39.05
36.2,402.16,363.11,12.198,12.296,-0.06096,2.286,2,39.05
36.3,403.38,364.33,12.192,12.524,0,2.8956,2,39.05
36.4,404.6,365.59,12.192,12.814,0,2.3165,2,39.01
36.5,405.82,366.87,12.192,13.045,-0.03048,1.0668,2,38.95
36.6,407.04,368.17,12.189,13.152,0.06096,0.1524,2,38.87
36.7,408.26,369.49,12.195,13.167,-0.03048,0.06096,2,38.77
36.8,409.48,370.81,12.192,13.173,0,0.27432,2,38.67
36.9,410.7,372.12,12.192,13.201,0,0.27432,2,38.58
37,411.92,373.44,12.192,13.228,-0.03048,-0.4572,2,38.48
37.1,413.14,374.77,12.189,13.183,0.03048,-1.8593,2,38.37
37.2,414.35,376.08,12.192,12.997,0,-2.1641,2,38.27
37.3,415.57,377.38,12.192,12.78,0,-0.9144,2,38.19
37.4,416.79,378.66,12.192,12.689,-0.1524,1.7374,2,38.13
37.5,418.01,379.93,12.177,12.863,0.3048,3.5052,2,38.08
37.6,419.23,381.22,12.207,13.213,0.79248,2.2555,2,38.01
37.7,420.45,382.54,12.286,13.439,0.3048,-0.85344,2,37.91
37.8,421.68,383.88,12.317,13.353,-0.3048,-2.7737,2,37.8
37.9,422.91,385.22,12.286,13.076,-0.762,-2.1946,2,37.69
38,424.14,386.52,12.21,12.856,-0.36576,-0.39624,2,37.62
38.1,425.36,387.81,12.174,12.817,0.18288,1.3411,2,37.55
38.2,426.58,389.09,12.192,12.951,0,1.4935,2,37.49
38.3,427.8,390.39,12.192,13.1,0,0.762,2,37.41
38.4,429.02,391.7,12.192,13.177,0,0.24384,2,37.32
38.5,430.24,393.01,12.192,13.201,0,0.12192,2,37.23
38.6,431.46,394.33,12.192,13.213,0,1.5545,2,37.13
38.7,432.67,395.66,12.192,13.369,0,2.3774,2,37.01
38.8,433.89,396.99,12.192,13.606,-0.03048,1.1887,2,36.9
38.9,435.11,398.35,12.189,13.725,0.1524,-0.9144,2,36.76
39,436.33,399.73,12.204,13.634,0.36576,-2.987,2,36.6
39.1,437.55,401.09,12.241,13.335,-0.27432,-2.987,2,36.46
39.2,438.78,402.42,12.213,13.036,-1.8593,-1.0058,2,36.36
39.3,440,403.73,12.027,12.936,-4.2062,1.1887,2,36.27
39.4,441.2,405.02,11.607,13.055,-3.5357,3.109,2,36.18
39.5,442.36,406.33,11.253,13.365,-4.2062,2.3165,2,36.03
39.6,443.49,407.66,10.833,13.597,-1.8593,-0.03048,2,35.83
39.7,444.57,409.02,10.647,13.594,-0.33528,-2.225,2,35.55
39.8,445.63,410.38,10.613,13.372,0.54864,-2.6213,2,35.25
0.1,19.089,0,13.045,13.716,3.2918,0,3,19.089
0.2,20.394,1.3716,13.375,13.716,2.1641,-7.11E-14,3,19.0224
0.3,21.731,2.7432,13.591,13.716,1.4326,1.42E-13,3,18.9878
0.4,23.09,4.1148,13.734,13.716,0.24384,-8.88E-14,3,18.9752
0.5,24.464,5.4864,13.759,13.716,-0.33528,-8.88E-14,3,18.9776
0.6,25.839,6.858,13.725,13.716,-0.1524,3.55E-13,3,18.981
0.7,27.212,8.2296,13.71,13.716,0.06096,-1.78E-13,3,18.9824
0.8,28.583,9.6012,13.716,13.716,-0.03048,-1.78E-13,3,18.9818
0.9,29.955,10.973,13.713,13.716,-1.42E-12,0.4572,3,18.982
1,31.326,12.344,13.713,13.762,0.03048,-0.9144,3,18.982
1.1,32.697,13.721,13.716,13.67,0,-1.8898,3,18.976
1.2,34.069,15.088,13.716,13.481,0.39624,-0.762,3,18.981
1.3,35.44,16.436,13.756,13.405,-0.79248,0.73152,3,19.004
1.4,36.816,17.776,13.676,13.478,-1.6459,1.9507,3,19.04
1.5,38.184,19.124,13.512,13.673,-0.6096,0.85344,3,19.06
1.6,39.535,20.491,13.451,13.759,0.57912,-0.42672,3,19.044
1.7,40.88,21.867,13.509,13.716,1.6459,0,3,19.013
1.8,42.231,23.239,13.673,13.716,0.762,-0.03048,3,18.992
1.9,43.598,24.61,13.75,13.713,-0.39624,0.03048,3,18.988
2,44.973,25.982,13.71,13.716,0.06096,-3.55E-13,3,18.991
2.1,46.344,27.353,13.716,13.716,-0.03048,-0.03048,3,18.991
2.2,47.716,28.725,13.713,13.713,-0.12192,0.03048,3,18.991
2.3,49.087,30.096,13.701,13.716,-0.09144,3.55E-13,3,18.991
2.4,50.457,31.468,13.692,13.716,0.3048,-1.07E-12,3,18.989
2.5,51.826,32.839,13.722,13.716,0.57912,-0.03048,3,18.987
2.6,53.198,34.211,13.78,13.713,0.85344,0.39624,3,18.987
2.7,54.576,35.582,13.865,13.753,2.0117,-0.73152,3,18.994
2.8,55.963,36.958,14.067,13.679,-1.585,-1.7069,3,19.005
2.9,57.369,38.326,13.908,13.509,-4.4501,-0.64008,3,19.043
3,58.76,39.676,13.463,13.445,-1.8593,0.64008,3,19.084
3.1,60.107,41.021,13.277,13.509,1.9202,1.6459,3,19.086
3.2,61.434,42.372,13.469,13.673,5.1511,0.762,3,19.062
3.3,62.781,43.739,13.984,13.75,1.6764,-0.39624,3,19.042
3.4,64.18,45.114,14.152,13.71,-3.5966,0.03048,3,19.066
3.5,65.595,46.485,13.792,13.713,-3.5052,-0.03048,3,19.11
3.6,66.974,47.856,13.442,13.71,-2.1031,-7.11E-13,3,19.118
3.7,68.318,49.227,13.231,13.71,1.2802,0.03048,3,19.091
3.8,69.641,50.598,13.359,13.713,3.6881,0.03048,3,19.043
3.9,70.977,51.97,13.728,13.716,2.7432,-0.03048,3,19.007
4,72.35,53.341,14.003,13.713,-0.12192,0.03048,3,19.009
4.1,73.75,54.713,13.99,13.716,-2.4079,1.0363,3,19.037
4.2,75.149,56.084,13.75,13.82,-2.4079,-3.4442,3,19.065
4.3,76.524,57.466,13.509,13.475,-0.36576,-4.7244,3,19.058
4.4,77.875,58.814,13.472,13.003,0.85344,-2.6213,3,19.061
4.5,79.222,60.114,13.558,12.741,-0.18288,2.286,3,19.108
4.6,80.578,61.388,13.539,12.969,-3.109,5.1206,3,19.19
4.7,81.932,62.685,13.228,13.481,-3.9929,2.5603,3,19.247
4.8,83.255,64.033,12.829,13.737,-4.3586,-1.0973,3,19.222
4.9,84.538,65.407,12.393,13.628,-2.3774,0.3048,3,19.131
5,85.777,66.769,12.155,13.658,-0.24384,-0.39624,3,19.008
5.1,86.993,68.135,12.131,13.618,0.42672,-1.6764,3,18.858
5.2,88.206,69.497,12.174,13.451,0.39624,-2.5603,3,18.709
5.3,89.423,70.842,12.213,13.195,0.21336,-1.6154,3,18.581
5.4,90.644,72.162,12.235,13.033,0.36576,0.82296,3,18.482
5.5,91.868,73.465,12.271,13.116,-3.4138,1.5545,3,18.403
5.6,93.095,74.777,11.93,13.271,-3.871,0.6096,3,18.318
5.7,94.288,76.104,11.543,13.332,-4.4501,-1.0973,3,18.184
5.8,95.442,77.437,11.098,13.222,-1.7678,-1.524,3,18.005
5.9,96.552,78.759,10.921,13.07,-0.24384,-0.12192,3,17.793
6,97.644,80.066,10.897,13.058,-0.6096,0.18288,3,17.578
6.1,98.734,81.372,10.836,13.076,0.06096,-0.54864,3,17.362
6.2,99.817,82.679,10.842,13.021,3.4138,-1.7983,3,17.138
6.3,100.9,83.982,11.183,12.841,3.3528,-3.4442,3,16.918
6.4,102.02,85.266,11.518,12.497,0.03048,-3.5357,3,16.754
6.5,103.17,86.515,11.521,12.143,-3.4442,-1.8288,3,16.655
6.6,104.32,87.73,11.177,11.96,-3.3223,0.94488,3,16.59
6.7,105.44,88.926,10.845,12.055,-0.39624,2.7432,3,16.514
6.8,106.53,90.131,10.805,12.329,2.0726,0.97536,3,16.399
6.9,107.61,91.364,11.012,12.427,1.585,-1.7374,3,16.246
7,108.71,92.607,11.171,12.253,-0.97536,-5.4254,3,16.103
7.1,109.82,93.832,11.073,11.71,-2.4689,-3.5052,3,15.988
7.2,110.93,95.003,10.826,11.36,-1.7069,-4.9378,3,15.927
7.3,112.01,96.139,10.656,10.866,-0.1524,-1.8288,3,15.871
7.4,113.08,97.226,10.641,10.683,0.57912,0.42672,3,15.854
7.5,114.14,98.294,10.698,10.726,-0.36576,-0.06096,3,15.846
7.6,115.21,99.367,10.662,10.72,-2.4689,-0.94488,3,15.843
7.7,116.28,100.44,10.415,10.625,-4.511,0.27432,3,15.84
7.8,117.32,101.5,9.9639,10.653,-3.4442,0.18288,3,15.82
7.9,118.32,102.57,9.6195,10.671,-4.6634,-0.06096,3,15.75
8,119.28,103.63,9.1531,10.665,-1.9812,-1.42E-12,3,15.65
8.1,120.2,104.7,8.955,10.665,-0.21336,1.42E-12,3,15.5
8.2,121.09,105.77,8.9337,10.665,0.48768,-1.42E-12,3,15.32
8.3,121.98,106.83,8.9825,10.665,0.12192,1.42E-12,3,15.15
8.4,122.88,107.9,8.9946,10.665,-0.27432,0.03048,3,14.98
8.5,123.78,108.97,8.9672,10.668,-0.21336,-0.09144,3,14.81
8.6,124.68,110.03,8.9459,10.659,0.70104,0.21336,3,14.65
8.7,125.57,111.1,9.016,10.68,2.6518,0.3048,3,14.47
8.8,126.48,112.17,9.2812,10.711,4.4196,-0.36576,3,14.31
8.9,127.4,113.24,9.7231,10.674,3.4747,-1.7374,3,14.16
9,128.38,114.31,10.071,10.5,4.6634,-2.347,3,14.07
9.1,129.38,115.36,10.537,10.266,2.1031,-0.70104,3,14.02
9.2,130.44,116.38,10.747,10.196,-0.18288,1.1278,3,14.06
9.3,131.51,117.4,10.729,10.308,-1.7678,0.48768,3,14.11
9.4,132.58,118.43,10.552,10.357,-2.4994,-2.225,3,14.15
9.5,133.64,119.47,10.302,10.135,-3.1394,-4.2367,3,14.17
9.6,134.67,120.48,9.9883,9.7109,-2.7432,-4.0843,3,14.19
9.7,135.67,121.45,9.714,9.3025,-0.48768,-1.8593,3,14.22
9.8,136.64,122.38,9.6652,9.1166,0.36576,-0.27432,3,14.26
9.9,137.61,123.29,9.7018,9.0891,1.3106,0.42672,3,14.32
10,138.58,124.2,9.8328,9.1318,2.6822,0.1524,3,14.38
10.1,139.56,125.12,10.101,9.147,2.8346,-0.06096,3,14.44
10.2,140.57,126.03,10.385,9.141,2.8651,-1.42E-12,3,14.54
10.3,141.61,126.95,10.671,9.141,0.73152,-0.03048,3,14.66
10.4,142.68,127.86,10.744,9.1379,-0.79248,0.1524,3,14.82
10.5,143.75,128.77,10.665,9.1531,0.42672,0.39624,3,14.98
10.6,144.82,129.69,10.708,9.1928,0.4572,-0.24384,3,15.13
10.7,145.89,130.61,10.753,9.1684,-1.463,-1.8593,3,15.28
10.8,146.96,131.52,10.607,8.9825,-5.5474,-4.2672,3,15.44
10.9,148.02,132.42,10.052,8.5557,-4.4501,-3.5052,3,15.6
11,149.03,133.28,9.6073,8.2052,-4.3891,-4.2672,3,15.75
11.1,149.99,134.1,9.1684,7.7785,-5.6693,-1.8593,3,15.89
11.2,150.91,134.88,8.6015,7.5926,0.39624,-0.27432,3,16.03
11.3,151.77,135.64,8.6411,7.5651,1.7678,0.42672,3,16.13
11.4,152.63,136.39,8.8179,7.6078,0,0.64008,3,16.24
11.5,153.51,137.15,8.8179,7.6718,-3.048,-1.0058,3,16.36
11.6,154.39,137.92,8.5131,7.5712,-3.1394,-2.0726,3,16.47
11.7,155.25,138.68,8.1991,7.364,-0.94488,-0.79248,3,16.57
11.8,156.06,139.41,8.1046,7.2847,1.6154,0.79248,3,16.65
11.9,156.88,140.14,8.2662,7.364,2.7737,2.0117,3,16.74
12,157.7,140.88,8.5435,7.5651,0.82296,1.0058,3,16.82
12.1,158.56,141.64,8.6258,7.6657,-1.585,-0.51816,3,16.92
12.2,159.42,142.4,8.4673,7.6139,-2.4689,0.03048,3,17.02
12.3,160.27,143.16,8.2205,7.617,-1.7678,-0.03048,3,17.11
12.4,161.09,143.93,8.0437,7.6139,-1.1887,0.03048,3,17.16
12.5,161.89,144.69,7.9248,7.617,-1.1582,-0.03048,3,17.2
12.6,162.68,145.45,7.809,7.6139,-0.67056,-2.84E-12,3,17.23
12.7,163.47,146.21,7.7419,7.6139,0.88392,0.03048,3,17.26
12.8,164.24,146.97,7.8303,7.617,1.585,-0.03048,3,17.27
12.9,165.02,147.73,7.9888,7.6139,0.57912,0,3,17.29
13,165.82,148.49,8.0467,7.6139,-1.0058,-0.03048,3,17.33
13.1,166.63,149.26,7.9461,7.6109,-1.7983,0.1524,3,17.37
13.2,167.42,150.02,7.7663,7.6261,-1.3106,0.33528,3,17.4
13.3,168.2,150.78,7.6352,7.6596,-0.24384,-0.42672,3,17.42
13.4,168.96,151.55,7.6109,7.617,0.42672,-1.5545,3,17.41
13.5,169.72,152.31,7.6535,7.4615,-0.21336,-1.9202,3,17.41
13.6,170.49,153.05,7.6322,7.2695,-1.8898,-1.1582,3,17.44
13.7,171.25,153.78,7.4432,7.1537,-3.3528,-0.64008,3,17.47
13.8,171.99,154.5,7.1079,7.0896,-3.1699,-1.7983,3,17.49
13.9,172.71,155.2,6.7909,6.9098,-1.6154,-3.5662,3,17.51
14,173.38,155.9,6.6294,6.5532,-0.70104,-2.987,3,17.48
14.1,174.05,156.55,6.5593,6.2545,-1.2192,-0.33528,3,17.5
14.2,174.7,157.18,6.4374,6.221,-1.8593,2.5908,3,17.52
14.3,175.35,157.8,6.2514,6.48,-1.585,3.1699,3,17.55
14.4,175.97,158.45,6.093,6.797,-0.39624,1.0363,3,17.52
14.5,176.58,159.13,6.0533,6.9007,0.27432,-0.6096,3,17.45
14.6,177.19,159.82,6.0808,6.8397,0.21336,-0.79248,3,17.37
14.7,177.8,160.5,6.1021,6.7605,-0.06096,-0.64008,3,17.3
14.8,178.41,161.18,6.096,6.6965,-0.03048,-0.70104,3,17.23
14.9,179.02,161.85,6.093,6.6264,0.03048,-1.3106,3,17.17
15,179.62,162.51,6.096,6.4953,0.33528,-0.762,3,17.11
15.1,180.23,163.16,6.1295,6.4191,-0.67056,0.762,3,17.07
15.2,180.85,163.8,6.0625,6.4953,-1.4021,1.585,3,17.05
15.3,181.45,164.45,5.9223,6.6538,-0.48768,1.0058,3,17
15.4,182.05,165.11,5.8735,6.7544,0.51816,-0.4572,3,16.94
15.5,182.63,165.79,5.9253,6.7086,1.3716,-1.8593,3,16.84
15.6,183.23,166.46,6.0625,6.5227,0.67056,-2.2555,3,16.77
15.7,183.83,167.11,6.1295,6.2972,-0.33528,-1.8288,3,16.72
15.8,184.44,167.74,6.096,6.1143,0,-0.88392,3,16.7
15.9,185.05,168.35,6.096,6.0259,0,0.39624,3,16.7
16,185.66,168.96,6.096,6.0655,0,1.524,3,16.7
16.1,186.27,169.56,6.096,6.2179,0,2.347,3,16.71
16.2,186.88,170.19,6.096,6.4526,0,2.7432,3,16.69
16.3,187.49,170.83,6.096,6.7269,0,2.5908,3,16.66
16.4,188.1,171.5,6.096,6.986,-0.03048,2.8042,3,16.6
16.5,188.71,172.2,6.093,7.2664,0.03048,2.286,3,16.51
16.6,189.32,172.93,6.096,7.495,0,1.3106,3,16.39
16.7,189.93,173.68,6.096,7.6261,0,0.33528,3,16.25
16.8,190.54,174.44,6.096,7.6596,0,-0.3048,3,16.1
16.9,191.15,175.21,6.096,7.6291,0,-0.1524,3,15.94
17,191.76,175.97,6.096,7.6139,0,0.06096,3,15.79
17.1,192.37,176.73,6.096,7.62,0,0,3,15.64
17.2,192.98,177.49,6.096,7.62,0.06096,0,3,15.49
17.3,193.59,178.25,6.1021,7.62,-0.21336,-0.03048,3,15.34
17.4,194.2,179.02,6.0808,7.617,-0.27432,0.36576,3,15.18
17.5,194.81,179.78,6.0533,7.6535,0.39624,-0.67056,3,15.03
17.6,195.41,180.54,6.093,7.5865,1.6459,-1.4021,3,14.87
17.7,196.02,181.3,6.2575,7.4463,2.4079,-0.54864,3,14.72
17.8,196.65,182.05,6.4983,7.3914,1.0058,0.57912,3,14.6
17.9,197.3,182.79,6.5989,7.4493,-1.5545,1.3716,3,14.51
18,197.96,183.53,6.4435,7.5865,-2.0117,0.67056,3,14.43
18.1,198.6,184.29,6.2423,7.6535,0.36576,-0.33528,3,14.31
18.2,199.23,185.06,6.2789,7.62,3.3223,0,3,14.17
18.3,199.85,185.82,6.6111,7.62,3.2309,0,3,14.03
18.4,200.51,186.58,6.9342,7.62,-0.06096,-0.03048,3,13.93
18.5,201.21,187.34,6.9281,7.617,-2.8956,0.03048,3,13.87
18.6,201.9,188.1,6.6385,7.62,-2.347,0,3,13.8
18.7,202.56,188.86,6.4038,7.62,0.42672,0,3,13.7
18.8,203.2,189.63,6.4465,7.62,2.1946,0,3,13.57
18.9,203.85,190.39,6.666,7.62,1.585,0,3,13.46
19,204.52,191.15,6.8245,7.62,0.67056,0,3,13.37
19.1,205.2,191.91,6.8915,7.62,1.1278,0,3,13.29
19.2,205.89,192.67,7.0043,7.62,2.286,0,3,13.22
19.3,206.59,193.44,7.2329,7.62,2.5603,0,3,13.15
19.4,207.31,194.2,7.4889,7.62,1.4021,0,3,13.11
19.5,208.06,194.96,7.6291,7.62,0.3048,0,3,13.1
19.6,208.82,195.72,7.6596,7.62,-0.24384,0,3,13.1
19.7,209.59,196.48,7.6352,7.62,-0.21336,0,3,13.11
19.8,210.35,197.25,7.6139,7.62,0.06096,0,3,13.1
19.9,211.11,198.01,7.62,7.62,-0.03048,0,3,13.1
20,211.88,198.77,7.617,7.62,0.03048,0,3,13.11
20.1,212.64,199.53,7.62,7.62,0,0,3,13.11
20.2,213.4,200.29,7.62,7.62,0,0.03048,3,13.11
20.3,214.16,201.06,7.62,7.623,0.03048,-0.1524,3,13.1
20.4,214.92,201.82,7.623,7.6078,-0.03048,-0.3048,3,13.1
20.5,215.69,202.58,7.62,7.5773,0,0.33528,3,13.11
20.6,216.45,203.34,7.62,7.6109,0,1.3411,3,13.11
20.7,217.21,204.1,7.62,7.745,0,2.7127,3,13.11
20.8,217.97,204.87,7.62,8.0162,0,2.7737,3,13.1
20.9,218.73,205.67,7.62,8.2936,0,1.0058,3,13.06
21,219.5,206.5,7.62,8.3942,-0.03048,-1.0058,3,13
21.1,220.26,207.34,7.617,8.2936,0.03048,-2.7737,3,12.92
21.2,221.02,208.17,7.62,8.0162,0,-2.7127,3,12.85
21.3,221.78,208.97,7.62,7.745,0,-1.3411,3,12.81
21.4,222.54,209.75,7.62,7.6109,0,-0.33528,3,12.79
21.5,223.31,210.51,7.62,7.5773,0,0.3048,3,12.8
21.6,224.07,211.27,7.62,7.6078,-0.03048,0.18288,3,12.8
21.7,224.83,212.03,7.617,7.6261,0.06096,-0.06096,3,12.8
21.8,225.59,212.79,7.623,7.62,0.1524,0,3,12.8
21.9,226.35,213.55,7.6383,7.62,-2.84E-12,0,3,12.8
22,227.12,214.32,7.6383,7.62,-0.3048,0,3,12.8
22.1,227.88,215.08,7.6078,7.62,-0.09144,0,3,12.8
22.2,228.64,215.84,7.5987,7.62,0.94488,0,3,12.8
22.3,229.4,216.6,7.6932,7.62,2.1641,-0.03048,3,12.8
22.4,230.17,217.36,7.9096,7.617,2.7737,0.09144,3,12.81
22.5,230.96,218.12,8.1869,7.6261,2.225,-0.21336,3,12.84
22.6,231.78,218.89,8.4094,7.6048,0.94488,-0.36576,3,12.89
22.7,232.62,219.65,8.5039,7.5682,-0.24384,0.39624,3,12.97
22.8,233.47,220.4,8.4795,7.6078,-0.67056,1.9202,3,13.07
22.9,234.32,221.17,8.4125,7.7998,-0.36576,3.2918,3,13.15
23,235.16,221.95,8.3759,8.129,0.36576,3.1699,3,13.21
23.1,236,222.76,8.4125,8.446,0.67056,1.6459,3,13.24
23.2,236.84,223.6,8.4795,8.6106,0.27432,0.70104,3,13.24
23.3,237.69,224.46,8.507,8.6807,-0.85344,1.2497,3,13.23
23.4,238.54,225.33,8.4216,8.8057,-2.3774,1.9812,3,13.21
23.5,239.38,226.21,8.1839,9.0038,-3.1394,1.6154,3,13.17
23.6,240.2,227.11,7.8699,9.1653,-1.8898,0.42672,3,13.09
23.7,240.99,228.03,7.681,9.208,0.1524,-0.42672,3,12.96
23.8,241.75,228.95,7.6962,9.1653,1.4935,-0.1524,3,12.8
23.9,242.52,229.87,7.8456,9.1501,0.85344,0.1524,3,12.65
24,243.31,230.78,7.9309,9.1653,-0.97536,0.12192,3,12.53
24.1,244.1,231.7,7.8334,9.1775,-1.585,-0.09144,3,12.4
24.2,244.89,232.62,7.6749,9.1684,-0.88392,-0.24384,3,12.27
24.3,245.65,233.53,7.5865,9.144,0.03048,-0.48768,3,12.12
24.4,246.41,234.45,7.5895,9.0952,0.27432,-5.68E-12,3,11.96
24.5,247.17,235.36,7.617,9.0952,0.09144,0.51816,3,11.81
24.6,247.93,236.27,7.6261,9.147,-0.09144,-0.12192,3,11.66
24.7,248.69,237.18,7.617,9.1349,0.06096,-1.3716,3,11.51
24.8,249.46,238.09,7.623,8.9977,-0.03048,-1.9202,3,11.37
24.9,250.22,238.99,7.62,8.8057,0,-1.5545,3,11.23
25,250.98,239.88,7.62,8.6502,0,-1.2802,3,11.1
25.1,251.74,240.74,7.62,8.5222,0,-2.4079,3,11
25.2,252.5,241.59,7.62,8.2814,0,-3.4747,3,10.91
25.3,253.27,242.42,7.62,7.9339,0,-2.7432,3,10.85
25.4,254.03,243.21,7.62,7.6596,0,-1.0363,3,10.82
25.5,254.79,243.98,7.62,7.556,0,0.24384,3,10.81
25.6,255.55,244.74,7.62,7.5804,0,0.42672,3,10.81
25.7,256.31,245.49,7.62,7.623,0.03048,-2.84E-12,3,10.82
25.8,257.08,246.26,7.623,7.623,-0.18288,-0.03048,3,10.82
25.9,257.84,247.02,7.6048,7.62,-0.33528,0,3,10.82
26,258.6,247.78,7.5712,7.62,0.27432,0,3,10.82
26.1,259.36,248.54,7.5987,7.62,1.8898,0,3,10.82
26.2,260.12,249.3,7.7876,7.62,3.9929,0,3,10.82
26.3,260.9,250.07,8.1869,7.62,4.2672,0,3,10.83
26.4,261.71,250.83,8.6136,7.62,2.1641,0,3,10.88
26.5,262.58,251.59,8.8301,7.62,-0.27432,0,3,10.99
26.6,263.46,252.35,8.8026,7.62,-1.463,-0.03048,3,11.11
26.7,264.34,253.11,8.6563,7.617,-0.09144,0.03048,3,11.23
26.8,265.2,253.88,8.6472,7.62,1.9812,0,3,11.32
26.9,266.07,254.64,8.8453,7.62,2.0422,0,3,11.43
27,266.95,255.4,9.0495,7.62,1.1887,0.03048,3,11.55
27.1,267.86,256.16,9.1684,7.623,0.09144,-0.03048,3,11.7
27.2,268.78,256.92,9.1775,7.62,-0.39624,0,3,11.86
27.3,269.69,257.69,9.1379,7.62,0.06096,0,3,12
27.4,270.61,258.45,9.144,7.62,0,-0.06096,3,12.16
27.5,271.52,259.21,9.144,7.6139,0,0.18288,3,12.31
27.6,272.44,259.97,9.144,7.6322,-0.03048,0.21336,3,12.47
27.7,273.35,260.73,9.141,7.6535,0.03048,-0.73152,3,12.62
27.8,274.26,261.5,9.144,7.5804,0,-1.2497,3,12.76
27.9,275.18,262.26,9.144,7.4554,0,-0.1524,3,12.92
28,276.09,263,9.144,7.4402,0,2.9566,3,13.09
28.1,277.01,263.75,9.144,7.7358,0,4.0843,3,13.26
28.2,277.92,264.52,9.144,8.1443,0,4.0843,3,13.4
28.3,278.84,265.34,9.144,8.5527,0.03048,2.9261,3,13.5
28.4,279.75,266.19,9.147,8.8453,-0.06096,1.2192,3,13.56
28.5,280.67,267.08,9.141,8.9672,-0.21336,0.3048,3,13.59
28.6,281.58,267.97,9.1196,8.9977,0.06096,0.1524,3,13.61
28.7,282.49,268.87,9.1257,9.0129,0.64008,0.12192,3,13.62
28.8,283.4,269.77,9.1897,9.0251,1.4326,-0.4572,3,13.63
28.9,284.32,270.68,9.333,8.9794,1.8288,-1.5545,3,13.64
29,285.26,271.57,9.5159,8.824,1.4021,-3.5357,3,13.69
29.1,286.21,272.46,9.6561,8.4704,0.67056,-4.2062,3,13.75
29.2,287.17,273.3,9.7231,8.0498,-0.06096,-3.1699,3,13.87
29.3,288.15,274.11,9.717,7.7328,-0.4572,-0.51816,3,14.04
29.4,289.12,274.88,9.6713,7.681,-0.09144,2.2555,3,14.24
29.5,290.08,275.65,9.6622,7.9065,1.2192,3.2309,3,14.43
29.6,291.05,276.44,9.7841,8.2296,2.5603,2.8651,3,14.61
29.7,292.03,277.26,10.04,8.5161,3.2918,2.7432,3,14.77
29.8,293.03,278.11,10.369,8.7904,2.4079,2.286,3,14.92
29.9,294.07,278.99,10.61,9.019,0.94488,1.3411,3,15.08
30,295.13,279.9,10.705,9.1531,-0.03048,0.27432,3,15.23
30.1,296.2,280.81,10.702,9.1806,-0.3048,-0.33528,3,15.39
30.2,297.27,281.73,10.671,9.147,-0.06096,-0.09144,3,15.54
30.3,298.34,282.64,10.665,9.1379,-0.03048,0.42672,3,15.7
30.4,299.41,283.56,10.662,9.1806,0.21336,0.82296,3,15.85
30.5,300.47,284.48,10.683,9.2629,0.24384,1.1582,3,15.99
30.6,301.54,285.4,10.708,9.3787,-0.33528,0.97536,3,16.14
30.7,302.61,286.34,10.674,9.4762,-1.7069,0.54864,3,16.27
30.8,303.68,287.29,10.503,9.5311,-2.3165,-0.06096,3,16.39
30.9,304.73,288.24,10.272,9.525,-1.1887,-0.57912,3,16.49
31,305.76,289.19,10.153,9.4671,1.1582,0.03048,3,16.57
31.1,306.77,290.14,10.269,9.4701,2.3774,1.6154,3,16.63
31.2,307.8,291.09,10.506,9.6317,1.6764,3.1394,3,16.71
31.3,308.85,292.05,10.674,9.9456,0.36576,3.6271,3,16.8
31.4,309.92,293.04,10.711,10.308,-0.27432,2.6518,3,16.88
31.5,310.99,294.08,10.683,10.574,-0.21336,1.0668,3,16.91
31.6,312.05,295.13,10.662,10.68,0.06096,0.18288,3,16.92
31.7,313.12,296.2,10.668,10.698,0,-0.18288,3,16.92
31.8,314.19,297.27,10.668,10.68,0,-0.18288,3,16.92
31.9,315.25,298.34,10.668,10.662,0,0.06096,3,16.91
32,316.32,299.4,10.668,10.668,0,0,3,16.92
32.1,317.39,300.47,10.668,10.668,0,0,3,16.92
32.2,318.46,301.54,10.668,10.668,0,0.06096,3,16.92
32.3,319.52,302.61,10.668,10.674,0,-0.21336,3,16.91
32.4,320.59,303.67,10.668,10.653,0,-0.33528,3,16.92
32.5,321.66,304.74,10.668,10.619,0,0.64008,3,16.92
32.6,322.72,305.8,10.668,10.683,0,1.8593,3,16.92
32.7,323.79,306.87,10.668,10.869,0,1.7374,3,16.92
32.8,324.86,307.95,10.668,11.043,0,-0.51816,3,16.91
32.9,325.92,309.06,10.668,10.991,0,-3.2309,3,16.86
33,326.99,310.16,10.668,10.668,0,-3.2309,3,16.83
33.1,328.06,311.23,10.668,10.345,0,-0.51816,3,16.83
33.2,329.12,312.26,10.668,10.293,0,1.7374,3,16.86
33.3,330.19,313.29,10.668,10.467,0,1.8288,3,16.9
33.4,331.26,314.34,10.668,10.65,-0.03048,0.73152,3,16.92
33.5,332.32,315.4,10.665,10.723,0.03048,0.12192,3,16.92
33.6,333.39,316.47,10.668,10.735,0,-0.24384,3,16.92
33.7,334.46,317.55,10.668,10.711,0.03048,-1.7374,3,16.91
33.8,335.52,318.62,10.671,10.537,-0.03048,-3.6576,3,16.9
33.9,336.59,319.67,10.668,10.171,0,-3.9929,3,16.92
34,337.66,320.69,10.668,9.7719,0,-2.5603,3,16.97
34.1,338.72,321.67,10.668,9.5159,-0.12192,-0.9144,3,17.05
34.2,339.79,322.62,10.656,9.4244,0.21336,-0.09144,3,17.17
34.3,340.86,323.56,10.677,9.4153,0.42672,0.06096,3,17.3
34.4,341.92,324.5,10.72,9.4214,0.1524,-0.03048,3,17.42
34.5,343,325.44,10.735,9.4183,-0.18288,0.06096,3,17.56
34.6,344.07,326.39,10.717,9.4244,-0.39624,-0.09144,3,17.68
34.7,345.14,327.33,10.677,9.4153,-0.18288,-0.39624,3,17.81
34.8,346.21,328.27,10.659,9.3756,0.09144,5.68E-12,3,17.94
34.9,347.28,329.21,10.668,9.3756,0,1.463,3,18.07
35,348.34,330.14,10.668,9.522,0,3.2309,3,18.2
35.1,349.41,331.1,10.668,9.845,0.03048,3.749,3,18.31
35.2,350.48,332.08,10.671,10.22,-0.03048,2.8042,3,18.4
35.3,351.54,333.1,10.668,10.5,0,1.3411,3,18.44
35.4,352.61,334.15,10.668,10.634,0,0.42672,3,18.46
35.5,353.68,335.22,10.668,10.677,0.06096,1.14E-11,3,18.46
35.6,354.74,336.28,10.674,10.677,-0.21336,-0.06096,3,18.46
35.7,355.81,337.35,10.653,10.671,-0.27432,-0.03048,3,18.46
35.8,356.88,338.42,10.625,10.668,0.36576,-0.12192,3,18.46
35.9,357.94,339.49,10.662,10.656,1.3106,0.21336,3,18.45
36,359,340.55,10.793,10.677,2.7127,0.4572,3,18.45
36.1,360.08,341.62,11.064,10.723,2.7127,0.18288,3,18.46
36.2,361.19,342.69,11.336,10.741,0.57912,-0.18288,3,18.5
36.3,362.32,343.77,11.393,10.723,-0.88392,-0.4572,3,18.55
36.4,363.46,344.84,11.305,10.677,-0.57912,-0.18288,3,18.62
36.5,364.59,345.91,11.247,10.659,1.8593,0.09144,3,18.68
36.6,365.72,346.97,11.433,10.668,4.2977,-0.03048,3,18.75
36.7,366.86,348.04,11.863,10.665,4.0234,0.03048,3,18.82
36.8,368.05,349.1,12.265,10.668,2.2555,0,3,18.95
36.9,369.27,350.17,12.491,10.668,0.70104,0,3,19.1
37,370.52,351.24,12.561,10.668,-0.36576,0.03048,3,19.28
37.1,371.78,352.3,12.524,10.671,-0.51816,-0.03048,3,19.48
37.2,373.03,353.37,12.472,10.668,-0.762,0,3,19.66
37.3,374.28,354.44,12.396,10.668,-1.1278,-0.03048,3,19.84
37.4,375.52,355.51,12.283,10.665,-0.6096,0.03048,3,20.01
37.5,376.75,356.57,12.222,10.668,-0.06096,0.06096,3,20.18
37.6,377.97,357.64,12.216,10.674,-0.54864,-0.21336,3,20.33
37.7,379.19,358.71,12.162,10.653,-1.4021,-0.27432,3,20.48
37.8,380.41,359.77,12.021,10.625,-1.0363,0.33528,3,20.64
37.9,381.61,360.83,11.918,10.659,1.0668,1.463,3,20.78
38,382.8,361.9,12.024,10.805,3.871,2.6213,3,20.9
38.1,384,362.98,12.411,11.067,3.8405,2.9566,3,21.02
38.2,385.24,364.09,12.796,11.363,1.8593,2.8956,3,21.15
38.3,386.52,365.22,12.981,11.653,0.27432,3.3223,3,21.3
38.4,387.82,366.39,13.009,11.985,-0.24384,3.1699,3,21.43
38.5,389.12,367.59,12.984,12.302,0.1524,1.9507,3,21.53
38.6,390.42,368.82,13,12.497,0.42672,0.6096,3,21.6
38.7,391.72,370.07,13.042,12.558,0.12192,-0.36576,3,21.65
38.8,393.03,371.32,13.055,12.521,-0.12192,-0.54864,3,21.71
38.9,394.33,372.58,13.042,12.466,-1.0668,-0.70104,3,21.75
39,395.64,373.82,12.936,12.396,-2.347,-1.0668,3,21.82
39.1,396.93,375.06,12.701,12.29,-2.8651,-0.79248,3,21.87
39.2,398.2,376.29,12.415,12.21,-2.0422,-0.3048,3,21.91
39.3,399.44,377.51,12.21,12.18,-0.73152,0,3,21.93
39.4,400.66,378.73,12.137,12.18,0.21336,0.12192,3,21.93
39.5,401.88,379.95,12.158,12.192,0.36576,0,3,21.93
39.6,403.09,381.17,12.195,12.192,-5.68E-12,0,3,21.92
39.7,404.31,382.39,12.195,12.192,0.03048,0.12192,3,21.92
39.8,405.53,383.6,12.198,12.204,-0.21336,-0.24384,3,21.93
39.9,406.75,384.83,12.177,12.18,-0.33528,-0.51816,3,21.92
40,407.97,386.04,12.143,12.128,0.27432,-0.18288,3,21.93
40.1,409.18,387.26,12.171,12.11,1.8898,0.18288,3,21.92
40.2,410.4,388.47,12.36,12.128,4.1453,0.51816,3,21.93
40.3,411.64,389.68,12.774,12.18,3.5662,0.24384,3,21.96
40.4,412.91,390.9,13.131,12.204,4.0843,-0.12192,3,22.01
40.5,414.23,392.12,13.539,12.192,1.9202,0,3,22.11
40.6,415.58,393.34,13.731,12.192,0.42672,0,3,22.24
40.7,416.95,394.56,13.774,12.192,-0.4572,0,3,22.39
40.8,418.33,395.78,13.728,12.192,0.06096,0,3,22.55
40.9,419.7,396.99,13.734,12.192,0.73152,0,3,22.71
41,421.08,398.21,13.807,12.192,0.24384,0,3,22.87
41.1,422.46,399.43,13.832,12.192,-0.24384,0,3,23.03
41.2,423.84,400.65,13.807,12.192,-0.73152,0,3,23.19
41.3,425.22,401.87,13.734,12.192,-0.33528,0,3,23.35
41.4,426.59,403.09,13.701,12.192,0.1524,0,3,23.5
41.5,427.96,404.31,13.716,12.192,-0.03048,0,3,23.65
41.6,429.34,405.53,13.713,12.192,0.03048,0.06096,3,23.81
41.7,430.71,406.75,13.716,12.198,0,-0.21336,3,23.96
41.8,432.08,407.97,13.716,12.177,0,-0.24384,3,24.11
41.9,433.45,409.19,13.716,12.152,0.03048,0.33528,3,24.26
42,434.82,410.4,13.719,12.186,-0.03048,1.2802,3,24.42
42.1,436.19,411.62,13.716,12.314,0,2.347,3,24.57
42.2,437.57,412.85,13.716,12.549,0,2.7432,3,24.72
42.3,438.94,414.11,13.716,12.823,0,2.6213,3,24.83
42.4,440.31,415.39,13.716,13.085,-0.03048,2.7432,3,24.92
42.5,441.68,416.7,13.713,13.359,0.03048,2.1336,3,24.98
42.6,443.05,418.03,13.716,13.573,0.03048,1.7069,3,25.02
42.7,444.42,419.39,13.719,13.743,0.03048,1.0973,3,25.03
42.8,445.8,420.76,13.722,13.853,-0.24384,0.06096,3,25.04
42.9,447.17,422.15,13.698,13.859,-0.21336,-0.48768,3,25.02
43,448.54,423.54,13.676,13.81,0.73152,-0.762,3,25
43.1,449.9,424.92,13.75,13.734,1.3411,-0.36576,3,24.98
43.2,451.28,426.29,13.884,13.698,0.73152,0.18288,3,24.99
43.3,452.67,427.66,13.957,13.716,-1.0973,0,3,25.01
43.4,454.06,429.03,13.847,13.716,-2.5908,0,3,25.03
43.5,455.45,430.4,13.588,13.716,-1.0973,0,3,25.05
43.6,456.81,431.77,13.478,13.716,0.21336,-0.03048,3,25.04
43.7,458.16,433.15,13.5,13.713,0.82296,0.09144,3,25.01
43.8,459.51,434.52,13.582,13.722,1.7678,-0.21336,3,24.99
43.9,460.86,435.89,13.759,13.701,2.0726,-0.33528,3,24.97
44,462.24,437.26,13.966,13.667,2.2555,0.3048,3,24.98
44.1,463.64,438.63,14.191,13.698,1.0973,2.0726,3,25.01
44.2,465.06,440,14.301,13.905,-0.09144,3.5966,3,25.06
44.3,466.49,441.39,14.292,14.265,-0.12192,2.9566,3,25.1
44.4,467.91,442.81,14.28,14.56,-0.6096,0.39624,3,25.1
44.5,469.34,444.27,14.219,14.6,-1.4021,-1.7983,3,25.07
44.6,470.76,445.73,14.079,14.42,-1.9202,-1.8593,3,25.03
44.7,472.17,447.17,13.887,14.234,-1.4326,-0.6096,3,25
44.8,473.56,448.59,13.743,14.173,-0.51816,0.48768,3,24.97
44.9,474.94,450.01,13.692,14.222,0.06096,0.48768,3,24.93
45,476.3,451.43,13.698,14.271,0.1524,-0.33528,3,24.87
45.1,477.67,452.86,13.713,14.237,0.06096,-1.8288,3,24.81
45.2,479.05,454.29,13.719,14.054,-0.03048,-2.1031,3,24.76
45.3,480.42,455.69,13.716,13.844,0,-1.524,3,24.73
45.4,481.79,457.08,13.716,13.692,0,0.12192,3,24.71
45.5,483.16,458.44,13.716,13.704,0,2.8651,3,24.72
45.6,484.53,459.81,13.716,13.99,0,3.749,3,24.72
45.7,485.9,461.21,13.716,14.365,0,2.7127,3,24.69
45.8,487.28,462.65,13.716,14.636,-0.57912,0.85344,3,24.63
45.9,488.65,464.11,13.658,14.722,1.1278,-0.6096,3,24.54
46,490.01,465.59,13.771,14.661,2.4689,-0.42672,3,24.42
46.1,491.39,467.05,14.018,14.618,0.88392,-0.762,3,24.34
46.2,492.79,468.51,14.106,14.542,-0.97536,-2.286,3,24.28
46.3,494.2,469.97,14.009,14.313,-2.2555,-3.0785,3,24.23
46.4,495.6,471.4,13.783,14.006,-0.73152,-2.4079,3,24.2
46.5,496.98,472.8,13.71,13.765,0.24384,-0.94488,3,24.18
46.6,498.35,474.18,13.734,13.67,-1.8593,0.12192,3,24.17
46.7,499.73,475.54,13.548,13.682,-4.1758,0.3048,3,24.19
46.8,501.08,476.91,13.131,13.713,-3.5662,0.09144,3,24.17
46.9,502.39,478.28,12.774,13.722,-4.1758,-0.06096,3,24.11
47,503.67,479.66,12.357,13.716,-1.8593,0,3,24.01
47.1,504.91,481.03,12.171,13.716,-0.36576,0,3,23.88
47.2,506.12,482.4,12.134,13.716,0.57912,0,3,23.72
47.3,507.34,483.77,12.192,13.716,0.42672,0,3,23.57
47.4,508.56,485.14,12.235,13.716,-0.36576,0,3,23.42
47.5,509.78,486.51,12.198,13.716,-0.64008,-0.6096,3,23.27
47.6,511,487.88,12.134,13.655,-4.8158,1.1887,3,23.12
47.7,512.21,489.25,11.653,13.774,-3.4138,2.4994,3,22.96
47.8,513.38,490.63,11.311,14.024,-4.6939,0.94488,3,22.75
47.9,514.51,492.03,10.842,14.118,-1.7069,-0.9144,3,22.48
48,515.59,493.44,10.671,14.027,0.42672,-2.6822,3,22.15
48.1,516.66,494.84,10.714,13.759,-0.27432,-1.463,3,21.82
48.2,517.73,496.22,10.686,13.612,-0.64008,0.97536,3,21.51
48.3,518.8,497.58,10.622,13.71,2.286,1.6459,3,21.22
0.1,49.373,0,12.805,13.716,0.03048,-0.03048,4,49.373
0.2,50.654,1.3716,12.808,13.713,-0.03048,0.03048,4,49.2824
0.3,51.935,2.7429,12.805,13.716,0.03048,0.03048,4,49.1921
0.4,53.215,4.1145,12.808,13.719,0,-0.51816,4,49.1005
0.5,54.496,5.4864,12.808,13.667,7.11E-13,0.24384,4,49.0096
0.6,55.777,6.8531,12.808,13.692,1.2497,0.85344,4,48.9239
0.7,57.057,8.2223,12.933,13.777,-2.5298,1.463,4,48.8347
0.8,58.351,9.6,12.68,13.923,-5.1206,1.3106,4,48.751
0.9,59.619,10.992,12.168,14.054,-2.0422,1.0973,4,48.627
1,60.835,12.398,11.963,14.164,1.9507,-1.0058,4,48.437
1.1,62.032,13.814,12.158,14.063,5.1206,-2.286,4,48.218
1.2,63.248,15.22,12.671,13.835,2.8651,-0.88392,4,48.028
1.3,64.515,16.604,12.957,13.746,-0.97536,0.85344,4,47.911
1.4,65.81,17.979,12.86,13.832,-0.97536,2.1641,4,47.831
1.5,67.096,19.362,12.762,14.048,-3.3223,1.0058,4,47.734
1.6,68.372,20.767,12.43,14.149,-4.6025,-0.51816,4,47.605
1.7,69.615,22.182,11.969,14.097,-2.7127,0,4,47.433
1.8,70.812,23.591,11.698,14.097,1.6764,0,4,47.221
1.9,71.982,25.001,11.866,14.097,4.4501,-0.03048,4,46.981
2,73.169,26.411,12.311,14.094,3.2918,0.03048,4,46.758
2.1,74.4,27.82,12.64,14.097,-0.27432,-0.03048,4,46.58
2.2,75.664,29.23,12.613,14.094,-2.225,0.06096,4,46.434
2.3,76.925,30.639,12.39,14.1,-1.0058,0.1524,4,46.286
2.4,78.164,32.049,12.29,14.115,0.57912,0.03048,4,46.115
2.5,79.393,33.461,12.347,14.118,-0.33528,-0.48768,4,45.932
2.6,80.628,34.872,12.314,14.07,-4.511,-0.73152,4,45.756
2.7,81.859,36.279,11.863,13.996,-4.0234,-2.4689,4,45.58
2.8,83.046,37.679,11.46,13.75,-4.2977,-2.987,4,45.367
2.9,84.192,39.054,11.031,13.451,-3.81,-1.1582,4,45.138
3,85.295,40.399,10.65,13.335,-0.48768,0.73152,4,44.896
3.1,86.36,41.733,10.601,13.408,0.48768,1.9507,4,44.627
3.2,87.42,43.073,10.65,13.603,0.24384,0.85344,4,44.347
3.3,88.485,44.434,10.674,13.689,-0.06096,-0.39624,4,44.051
3.4,89.552,45.803,10.668,13.649,0,-0.03048,4,43.749
3.5,90.619,47.167,10.668,13.646,0,0,4,43.452
3.6,91.686,48.532,10.668,13.646,0.762,0,4,43.154
3.7,92.752,49.897,10.744,13.646,-1.4935,0.03048,4,42.855
3.8,93.827,51.261,10.595,13.649,-3.2309,-0.03048,4,42.566
3.9,94.886,52.626,10.272,13.646,-1.2192,7.11E-13,4,42.26
4,95.914,53.991,10.15,13.646,1.1887,0,4,41.923
4.1,96.929,55.355,10.269,13.646,3.1699,1.2192,4,41.574
4.2,97.955,56.72,10.586,13.768,1.7374,-2.4689,4,41.235
4.3,99.014,58.097,10.759,13.521,-0.39624,-4.8158,4,40.917
4.4,100.09,59.449,10.72,13.039,-0.42672,-1.524,4,40.641
4.5,101.16,60.753,10.677,12.887,-2.286,1.463,4,40.407
4.6,102.23,62.041,10.449,13.033,-4.6939,2.7432,4,40.189
4.7,103.27,63.345,9.9792,13.308,-3.5966,-1.7069,4,39.925
4.8,104.27,64.676,9.6195,13.137,-4.5415,-4.7549,4,39.594
4.9,105.23,65.989,9.1653,12.661,-2.7432,-0.70104,4,39.241
5,106.15,67.255,8.891,12.591,-0.36576,1.585,4,38.895
5.1,107.04,68.514,8.8544,12.75,0.4572,1.7069,4,38.526
5.2,107.93,69.789,8.9002,12.92,0.21336,0.762,4,38.141
5.3,108.82,71.081,8.9215,12.997,-0.03048,0,4,37.739
5.4,109.71,72.381,8.9184,12.997,-0.03048,-0.42672,4,37.329
5.5,110.6,73.681,8.9154,12.954,0.03048,-1.4021,4,36.919
5.6,111.49,74.976,8.9184,12.814,-0.03048,-2.1641,4,36.514
5.7,112.38,76.258,8.9154,12.597,0,-1.0668,4,36.122
5.8,113.27,77.517,8.9154,12.491,0.03048,1.0973,4,35.753
5.9,114.17,78.766,8.9184,12.6,-0.03048,2.1336,4,35.404
6,115.06,80.026,8.9154,12.814,0.03048,1.463,4,35.034
6.1,115.95,81.308,8.9184,12.96,-0.03048,0.21336,4,34.642
6.2,116.84,82.604,8.9154,12.981,-0.06096,-0.39624,4,34.236
6.3,117.73,83.902,8.9093,12.942,0.27432,0.18288,4,33.828
6.4,118.62,85.196,8.9367,12.96,0.54864,0.6096,4,33.424
6.5,119.52,86.492,8.9916,13.021,-0.67056,-0.79248,4,33.028
6.6,120.42,87.794,8.9245,12.942,-3.9319,-4.4806,4,32.626
6.7,121.31,89.088,8.5314,12.494,-4.5415,-4.5415,4,32.222
6.8,122.16,90.338,8.0772,12.04,-4.3891,-4.6939,4,31.822
6.9,122.97,91.542,7.6383,11.57,-4.572,-4.6025,4,31.428
7,123.73,92.699,7.1811,11.11,-3.871,-4.3282,4,31.031
7.1,124.45,93.81,6.794,10.677,-0.70104,-4.9378,4,30.64
7.2,125.13,94.878,6.7239,10.183,0.54864,-0.73152,4,30.252
7.3,125.8,95.896,6.7788,10.11,0.33528,1.585,4,29.904
7.4,126.48,96.907,6.8123,10.269,-0.1524,3.2004,4,29.573
7.5,127.16,97.934,6.797,10.589,-0.36576,1.585,4,29.226
7.6,127.84,98.993,6.7605,10.747,-0.03048,-0.79248,4,28.847
7.7,128.52,100.07,6.7574,10.668,1.0668,-0.03048,4,28.45
7.8,129.19,101.13,6.8641,10.665,2.5298,0.03048,4,28.06
7.9,129.88,102.2,7.1171,10.668,3.048,1.42E-12,4,27.68
8,130.59,103.27,7.4219,10.668,2.0726,0,4,27.32
8.1,131.33,104.33,7.6291,10.668,0.48768,0,4,27
8.2,132.1,105.4,7.6779,10.668,-0.33528,-0.06096,4,26.7
8.3,132.87,106.47,7.6444,10.662,-0.3048,0.12192,4,26.4
8.4,133.63,107.53,7.6139,10.674,0.03048,0.36576,4,26.1
8.5,134.39,108.6,7.617,10.711,0,-0.06096,4,25.79
8.6,135.15,109.67,7.617,10.705,2.84E-12,-1.4326,4,25.48
8.7,135.91,110.74,7.617,10.561,0.03048,-3.2004,4,25.17
8.8,136.68,111.8,7.62,10.241,0.4572,-4.1453,4,24.88
8.9,137.44,112.82,7.6657,9.8268,-0.94488,-3.1699,4,24.62
9,138.2,113.81,7.5712,9.5098,-2.0422,-1.463,4,24.39
9.1,138.96,114.76,7.367,9.3635,-0.762,-0.03048,4,24.2
9.2,139.7,115.69,7.2908,9.3604,0.762,0.33528,4,24.01
9.3,140.43,116.63,7.367,9.3939,2.0117,0.12192,4,23.8
9.4,141.16,117.57,7.5682,9.4061,0.94488,-0.03048,4,23.59
9.5,141.92,118.51,7.6627,9.4031,-0.48768,2.84E-12,4,23.41
9.6,142.69,119.45,7.6139,9.4031,0.03048,-2.84E-12,4,23.24
9.7,143.45,120.39,7.617,9.4031,-0.03048,-0.03048,4,23.06
9.8,144.21,121.33,7.6139,9.4,0.03048,0.03048,4,22.88
9.9,144.97,122.27,7.617,9.4031,-0.03048,2.84E-12,4,22.7
10,145.73,123.21,7.6139,9.4031,-2.84E-12,-2.84E-12,4,22.52
10.1,146.49,124.15,7.6139,9.4031,0.03048,-0.03048,4,22.34
10.2,147.26,125.09,7.617,9.4,-0.03048,0.03048,4,22.17
10.3,148.02,126.03,7.6139,9.4031,-2.84E-12,2.84E-12,4,21.99
10.4,148.78,126.97,7.6139,9.4031,0.03048,-1.42E-12,4,21.81
10.5,149.54,127.91,7.617,9.4031,-0.03048,-1.42E-12,4,21.63
10.6,150.3,128.85,7.6139,9.4031,0.06096,2.84E-12,4,21.45
10.7,151.06,129.79,7.62,9.4031,-0.18288,-0.03048,4,21.27
10.8,151.83,130.73,7.6017,9.4,-0.36576,0.03048,4,21.1
10.9,152.59,131.67,7.5651,9.4031,0.33528,-0.03048,4,20.92
11,153.34,132.61,7.5987,9.4,1.8898,0.06096,4,20.73
11.1,154.1,133.55,7.7876,9.4061,3.3528,-0.03048,4,20.55
11.2,154.88,134.49,8.1229,9.4031,3.2309,-0.09144,4,20.39
11.3,155.69,135.43,8.446,9.3939,1.585,0.54864,4,20.26
11.4,156.54,136.37,8.6045,9.4488,0.9144,0.79248,4,20.17
11.5,157.4,137.32,8.6959,9.528,1.2192,-5.6388,4,20.08
11.6,158.27,138.27,8.8179,8.9642,1.2192,-5.0292,4,20
11.7,159.15,139.17,8.9398,8.4612,-0.09144,-4.8463,4,19.98
11.8,160.04,140.01,8.9306,7.9766,-2.4689,-6.5837,4,20.03
11.9,160.94,140.81,8.6838,7.3182,-3.5662,-1.8898,4,20.13
12,161.81,141.54,8.3271,7.1293,-2.7432,2.0726,4,20.27
12.1,162.64,142.26,8.0528,7.3365,-1.0058,2.1641,4,20.38
12.2,163.44,142.99,7.9522,7.5529,1.0363,1.3106,4,20.45
12.3,164.24,143.74,8.0559,7.684,2.0422,-0.4572,4,20.5
12.4,165.04,144.51,8.2601,7.6383,2.1336,-0.3048,4,20.53
12.5,165.87,145.28,8.4734,7.6078,2.1946,0.06096,4,20.59
12.6,166.72,146.04,8.6929,7.6139,2.2555,0.03048,4,20.68
12.7,167.59,146.8,8.9184,7.617,1.2497,-0.03048,4,20.79
12.8,168.48,147.56,9.0434,7.6139,-0.51816,0.03048,4,20.92
12.9,169.38,148.32,8.9916,7.617,-1.6459,-0.03048,4,21.06
13,170.28,149.08,8.827,7.6139,-1.4935,0.06096,4,21.2
13.1,171.16,149.85,8.6777,7.62,-0.762,-0.18288,4,21.31
13.2,172.03,150.61,8.6015,7.6017,-1.3716,-0.27432,4,21.42
13.3,172.89,151.37,8.4643,7.5743,-2.286,0.27432,4,21.52
13.4,173.74,152.13,8.2357,7.6017,-1.1887,1.4021,4,21.61
13.5,174.56,152.89,8.1168,7.7419,0.97536,2.5908,4,21.67
13.6,175.37,153.66,8.2144,8.001,2.9261,2.3774,4,21.71
13.7,176.2,154.46,8.507,8.2387,2.8956,1.0668,4,21.74
13.8,177.05,155.28,8.7965,8.3454,0.73152,0.6096,4,21.77
13.9,177.93,156.12,8.8697,8.4064,-1.0973,1.2497,4,21.81
14,178.81,156.96,8.76,8.5314,-0.64008,2.3774,4,21.85
14.1,179.69,157.81,8.6959,8.7691,0.21336,2.1946,4,21.88
14.2,180.56,158.69,8.7173,8.9886,0.88392,0.1524,4,21.87
14.3,181.43,159.59,8.8057,9.0038,1.1887,-1.9812,4,21.84
14.4,182.31,160.49,8.9245,8.8057,0.9144,-3.0785,4,21.82
14.5,183.2,161.37,9.016,8.4978,1.0973,-2.5603,4,21.83
14.6,184.1,162.22,9.1257,8.2418,0.4572,-0.88392,4,21.88
14.7,185.02,163.04,9.1714,8.1534,-0.27432,0.97536,4,21.98
14.8,185.93,163.86,9.144,8.2509,0,1.9812,4,22.07
14.9,186.85,164.68,9.144,8.4491,0,1.9202,4,22.17
15,187.76,165.53,9.144,8.6411,0,1.6154,4,22.23
15.1,188.68,166.39,9.144,8.8026,0,1.4021,4,22.29
15.2,189.59,167.27,9.144,8.9428,-2.84E-12,1.2192,4,22.32
15.3,190.51,168.17,9.144,9.0648,2.84E-12,0.97536,4,22.34
15.4,191.42,169.07,9.144,9.1623,0,0.42672,4,22.35
15.5,192.34,169.99,9.144,9.205,-0.03048,-0.51816,4,22.35
15.6,193.25,170.91,9.141,9.1531,0.03048,-1.7374,4,22.34
15.7,194.16,171.82,9.144,8.9794,0,-2.347,4,22.34
15.8,195.08,172.72,9.144,8.7447,0,-1.1278,4,22.36
15.9,195.99,173.6,9.144,8.6319,0,1.1278,4,22.39
16,196.91,174.46,9.144,8.7447,0,2.3165,4,22.45
16.1,197.82,175.33,9.144,8.9764,0,1.7069,4,22.49
16.2,198.74,176.23,9.144,9.147,-0.06096,0.39624,4,22.51
16.3,199.65,177.15,9.1379,9.1867,0.21336,-0.3048,4,22.5
16.4,200.56,178.07,9.1592,9.1562,0.24384,-0.18288,4,22.49
16.5,201.48,178.98,9.1836,9.1379,-0.33528,0.39624,4,22.5
16.6,202.4,179.9,9.1501,9.1775,-1.2802,-0.67056,4,22.5
16.7,203.31,180.81,9.0221,9.1105,-2.4384,-1.4021,4,22.5
16.8,204.22,181.72,8.7782,8.9703,-2.9261,-0.51816,4,22.5
16.9,205.09,182.62,8.4856,8.9184,-2.347,0.54864,4,22.47
17,205.94,183.51,8.2509,8.9733,-1.1582,1.3716,4,22.43
17.1,206.77,184.41,8.1351,9.1105,-0.09144,0.70104,4,22.36
17.2,207.58,185.32,8.126,9.1806,-0.06096,-0.36576,4,22.26
17.3,208.39,186.24,8.1199,9.144,-1.4021,0,4,22.15
17.4,209.21,187.15,7.9797,9.144,-2.0726,0,4,22.06
17.5,210,188.07,7.7724,9.144,-1.524,0,4,21.93
17.6,210.78,188.98,7.62,9.144,-0.42672,-0.03048,4,21.8
17.7,211.54,189.9,7.5773,9.141,0.27432,0.03048,4,21.64
17.8,212.3,190.81,7.6048,9.144,0.21336,0,4,21.49
17.9,213.06,191.73,7.6261,9.144,-0.06096,0,4,21.33
18,213.82,192.64,7.62,9.144,0,0,4,21.18
18.1,214.59,193.55,7.62,9.144,0,-0.06096,4,21.04
18.2,215.35,194.47,7.62,9.1379,-0.03048,0.21336,4,20.88
18.3,216.11,195.38,7.617,9.1592,0.06096,0.24384,4,20.73
18.4,216.87,196.3,7.623,9.1836,-0.03048,-0.3048,4,20.57
18.5,217.63,197.22,7.62,9.1531,0,-1.3411,4,20.41
18.6,218.4,198.13,7.62,9.019,0,-2.3165,4,20.27
18.7,219.16,199.03,7.62,8.7874,0,-2.7737,4,20.13
18.8,219.92,199.91,7.62,8.51,0,-2.5908,4,20.01
18.9,220.68,200.76,7.62,8.2509,0,-2.7432,4,19.92
19,221.44,201.59,7.62,7.9766,-0.03048,-2.3165,4,19.85
19.1,222.21,202.39,7.617,7.745,0.03048,-1.3106,4,19.82
19.2,222.97,203.16,7.62,7.6139,0,-0.36576,4,19.81
19.3,223.73,203.92,7.62,7.5773,0,0.27432,4,19.81
19.4,224.49,204.68,7.62,7.6048,-0.03048,0.21336,4,19.81
19.5,225.25,205.44,7.617,7.6261,0.06096,-0.06096,4,19.81
19.6,226.01,206.2,7.623,7.62,0.12192,0.03048,4,19.81
19.7,226.78,206.97,7.6352,7.623,0.1524,-0.03048,4,19.81
19.8,227.54,207.73,7.6505,7.62,-0.3048,0,4,19.81
19.9,228.31,208.49,7.62,7.62,-0.51816,-0.03048,4,19.82
20,229.07,209.25,7.5682,7.617,0.39624,0.03048,4,19.82
20.1,229.82,210.01,7.6078,7.62,2.4994,0,4,19.81
20.2,230.59,210.78,7.8577,7.62,4.4196,0,4,19.81
20.3,231.37,211.54,8.2997,7.62,3.5357,0,4,19.83
20.4,232.2,212.3,8.6533,7.62,4.4806,0,4,19.9
20.5,233.07,213.06,9.1013,7.62,1.6459,0,4,20.01
20.6,233.98,213.82,9.2659,7.62,0.21336,0,4,20.16
20.7,234.9,214.59,9.2873,7.62,-0.09144,0,4,20.31
20.8,235.83,215.35,9.2781,7.62,0.48768,0,4,20.48
20.9,236.76,216.11,9.3269,7.62,0.73152,-0.03048,4,20.65
21,237.69,216.87,9.4,7.617,-0.79248,0.03048,4,20.82
21.1,238.63,217.63,9.3208,7.62,-2.6518,0,4,21
21.2,239.56,218.39,9.0556,7.62,-3.5662,0,4,21.17
21.3,240.47,219.16,8.699,7.62,-2.286,0,4,21.31
21.4,241.34,219.92,8.4704,7.62,-0.39624,0.03048,4,21.42
21.5,242.19,220.68,8.4308,7.623,-0.48768,-0.06096,4,21.51
21.6,243.03,221.44,8.382,7.617,-2.4079,0.03048,4,21.59
21.7,243.87,222.2,8.1412,7.62,-3.4747,0,4,21.67
21.8,244.68,222.97,7.7937,7.62,-1.7678,0,4,21.71
21.9,245.46,223.73,7.617,7.62,1.2192,0,4,21.73
22,246.22,224.49,7.7389,7.62,2.7127,-0.03048,4,21.73
22.1,247,225.25,8.0101,7.617,1.2802,0.06096,4,21.75
22.2,247.8,226.01,8.1382,7.623,-1.1887,0.21336,4,21.79
22.3,248.61,226.78,8.0193,7.6444,-2.3774,-0.18288,4,21.83
22.4,249.41,227.54,7.7815,7.6261,-1.6459,-0.39624,4,21.87
22.5,250.19,228.3,7.617,7.5865,-0.42672,0.18288,4,21.89
22.6,250.95,229.06,7.5743,7.6048,0.33528,1.8593,4,21.89
22.7,251.71,229.82,7.6078,7.7907,0.1524,4.3891,4,21.89
22.8,252.47,230.6,7.623,8.2296,2.84E-12,3.5052,4,21.87
22.9,253.23,231.43,7.623,8.5801,-0.03048,4.2367,4,21.8
23,254,232.28,7.62,9.0038,-0.06096,1.6154,4,21.72
23.1,254.76,233.18,7.6139,9.1653,0.21336,-0.18288,4,21.58
23.2,255.52,234.1,7.6352,9.147,0.33528,-0.64008,4,21.42
23.3,256.28,235.01,7.6688,9.083,-0.27432,0.09144,4,21.27
23.4,257.05,235.92,7.6413,9.0922,-1.8593,0.51816,4,21.13
23.5,257.81,236.83,7.4554,9.144,-4.2062,0.48768,4,20.98
23.6,258.56,237.75,7.0348,9.1928,-3.5357,0.33528,4,20.81
23.7,259.26,238.67,6.6812,9.2263,-4.2062,-0.51816,4,20.59
23.8,259.93,239.59,6.2606,9.1745,-1.8593,-1.9812,4,20.34
23.9,260.56,240.51,6.0747,8.9764,-0.3048,-4.2062,4,20.05
24,261.17,241.4,6.0442,8.5557,0.39624,-3.5357,4,19.77
24.1,261.77,242.26,6.0838,8.2022,0.18288,-4.1453,4,19.51
24.2,262.38,243.08,6.1021,7.7876,-0.06096,-1.9507,4,19.3
24.3,262.99,243.86,6.096,7.5926,0,-0.6096,4,19.13
24.4,263.6,244.62,6.096,7.5316,0,0.67056,4,18.98
24.5,264.21,245.37,6.096,7.5987,0.18288,1.3716,4,18.84
24.6,264.82,246.13,6.1143,7.7358,-0.36576,1.524,4,18.69
24.7,265.43,246.9,6.0777,7.8882,-0.79248,0.6096,4,18.53
24.8,266.04,247.69,5.9985,7.9492,-0.33528,-1.0973,4,18.35
24.9,266.64,248.49,5.9649,7.8395,0.33528,-1.585,4,18.15
25,267.23,249.27,5.9985,7.681,0.79248,-0.94488,4,17.96
25.1,267.83,250.04,6.0777,7.5865,0.36576,0.03048,4,17.79
25.2,268.44,250.8,6.1143,7.5895,-0.18288,0.3048,4,17.64
25.3,269.05,251.56,6.096,7.62,0,0.03048,4,17.49
25.4,269.66,252.32,6.096,7.623,-0.06096,-0.09144,4,17.34
25.5,270.27,253.08,6.0899,7.6139,0.21336,0.18288,4,17.19
25.6,270.88,253.84,6.1112,7.6322,0.33528,0.39624,4,17.04
25.7,271.49,254.61,6.1448,7.6718,-0.27432,-0.3048,4,16.88
25.8,272.11,255.37,6.1173,7.6413,-1.8593,-1.8593,4,16.74
25.9,272.72,256.14,5.9314,7.4554,-4.2062,-4.2062,4,16.58
26,273.31,256.88,5.5108,7.0348,-3.5357,-3.5357,4,16.43
26.1,273.86,257.59,5.1572,6.6812,-4.2062,-4.2062,4,16.27
26.2,274.38,258.25,4.7366,6.2606,-1.8593,-1.8593,4,16.13
26.3,274.85,258.88,4.5507,6.0747,-0.3048,-0.27432,4,15.97
26.4,275.31,259.49,4.5202,6.0472,0.39624,0.33528,4,15.82
26.5,275.76,260.09,4.5598,6.0808,0.24384,0.18288,4,15.67
26.6,276.21,260.7,4.5842,6.099,-0.36576,-0.03048,4,15.51
26.7,276.67,261.31,4.5476,6.096,-0.36576,0,4,15.36
26.8,277.13,261.92,4.511,6.096,0.88392,0,4,15.21
26.9,277.58,262.53,4.5994,6.096,3.1394,0.03048,4,15.05
27,278.04,263.14,4.9134,6.099,4.1148,-0.06096,4,14.9
27.1,278.53,263.75,5.3249,6.093,2.0117,0.24384,4,14.78
27.2,279.06,264.36,5.526,6.1173,-2.0117,-0.39624,4,14.7
27.3,279.61,264.97,5.3249,6.0777,-4.0843,-0.82296,4,14.64
27.4,280.15,265.58,4.9164,5.9954,-3.1394,-0.3048,4,14.57
27.5,280.64,266.18,4.6025,5.9649,-0.9144,0.27432,4,14.46
27.6,281.1,266.77,4.511,5.9924,0.36576,0.85344,4,14.33
27.7,281.55,267.37,4.5476,6.0777,0.3048,0.36576,4,14.18
27.8,282,267.98,4.5781,6.1143,-0.06096,-0.18288,4,14.02
27.9,282.46,268.59,4.572,6.096,0,0,4,13.87
28,282.92,269.2,4.572,6.096,0,0,4,13.72
28.1,283.38,269.81,4.572,6.096,0,0,4,13.57
28.2,283.83,270.42,4.572,6.096,-0.06096,0,4,13.41
28.3,284.29,271.03,4.5659,6.096,-0.06096,0,4,13.26
28.4,284.75,271.64,4.5598,6.096,0.21336,-0.06096,4,13.11
28.5,285.2,272.25,4.5811,6.0899,0.51816,0.18288,4,12.95
28.6,285.66,272.86,4.633,6.1082,0.73152,0.3048,4,12.8
28.7,286.13,273.47,4.7061,6.1387,0.51816,-0.36576,4,12.66
28.8,286.6,274.08,4.7579,6.1021,0.21336,-1.3106,4,12.52
28.9,287.07,274.69,4.7793,5.971,-0.06096,-2.286,4,12.38
29,287.55,275.29,4.7732,5.7424,-0.06096,-2.7737,4,12.26
29.1,288.03,275.87,4.7671,5.4651,-5.68E-12,-2.6213,4,12.16
29.2,288.5,276.41,4.7671,5.2029,5.68E-12,-2.7432,4,12.09
29.3,288.98,276.93,4.7671,4.9286,-5.68E-12,-2.347,4,12.05
29.4,289.46,277.43,4.7671,4.6939,-0.03048,-1.2802,4,12.03
29.5,289.93,277.89,4.764,4.5659,0.03048,-0.36576,4,12.04
29.6,290.41,278.35,4.7671,4.5293,-5.68E-12,0.27432,4,12.06
29.7,290.89,278.8,4.7671,4.5568,0.09144,0.21336,4,12.09
29.8,291.36,279.26,4.7762,4.5781,-0.03048,-0.06096,4,12.1
29.9,291.84,279.72,4.7732,4.572,-0.12192,0,4,12.12
30,292.32,280.18,4.761,4.572,-0.39624,0,4,12.14
30.1,292.79,280.63,4.7214,4.572,-0.64008,0,4,12.16
30.2,293.27,281.09,4.6573,4.572,-0.57912,0,4,12.18
30.3,293.73,281.55,4.5994,4.572,-0.36576,-0.03048,4,12.18
30.4,294.19,282,4.5629,4.569,-5.68E-12,0.06096,4,12.19
30.5,294.65,282.46,4.5629,4.575,0.09144,-0.03048,4,12.19
30.6,295.1,282.92,4.572,4.572,0.03048,0,4,12.18
30.7,295.56,283.38,4.575,4.572,-0.03048,0,4,12.18
30.8,296.02,283.83,4.572,4.572,0,-0.06096,4,12.19
30.9,296.48,284.29,4.572,4.5659,0,0.03048,4,12.19
31,296.93,284.75,4.572,4.569,0,0.06096,4,12.18
31.1,297.39,285.2,4.572,4.575,0,0.27432,4,12.19
31.2,297.85,285.66,4.572,4.6025,-0.03048,0.36576,4,12.19
31.3,298.31,286.12,4.569,4.6391,0.03048,0.21336,4,12.19
31.4,298.76,286.59,4.572,4.6604,0,0.09144,4,12.17
31.5,299.22,287.05,4.572,4.6695,0.03048,0,4,12.17
31.6,299.68,287.52,4.575,4.6695,-0.03048,-0.03048,4,12.16
31.7,300.13,287.99,4.572,4.6665,0,5.68E-12,4,12.14
31.8,300.59,288.45,4.572,4.6665,0,-0.03048,4,12.14
31.9,301.05,288.92,4.572,4.6634,0,0.03048,4,12.13
32,301.51,289.38,4.572,4.6665,0,5.68E-12,4,12.13
32.1,301.96,289.85,4.572,4.6665,0,-5.68E-12,4,12.11
32.2,302.42,290.32,4.572,4.6665,0,5.68E-12,4,12.1
32.3,302.88,290.78,4.572,4.6665,0,0.03048,4,12.1
32.4,303.33,291.25,4.572,4.6695,0,-0.03048,4,12.08
32.5,303.79,291.72,4.572,4.6665,0,-0.03048,4,12.07
32.6,304.25,292.18,4.572,4.6634,0,-0.06096,4,12.07
32.7,304.71,292.65,4.572,4.6573,0,-0.33528,4,12.06
32.8,305.16,293.12,4.572,4.6238,0,-0.3048,4,12.04
32.9,305.62,293.58,4.572,4.5933,-0.03048,-0.21336,4,12.04
33,306.08,294.04,4.569,4.572,0.03048,-0.06096,4,12.04
33.1,306.53,294.5,4.572,4.5659,0.03048,0.06096,4,12.03
33.2,306.99,294.95,4.575,4.572,-0.06096,0,4,12.04
33.3,307.45,295.41,4.569,4.572,0.06096,0,4,12.04
33.4,307.91,295.87,4.575,4.572,-0.06096,0,4,12.04
33.5,308.36,296.32,4.569,4.572,0.06096,0,4,12.04
33.6,308.82,296.78,4.575,4.572,-0.06096,0,4,12.04
33.7,309.28,297.24,4.569,4.572,0.06096,-0.03048,4,12.04
33.8,309.74,297.7,4.575,4.569,-0.06096,0.03048,4,12.04
33.9,310.19,298.15,4.569,4.572,0.06096,0.03048,4,12.04
34,310.65,298.61,4.575,4.575,-0.06096,-0.06096,4,12.04
34.1,311.11,299.07,4.569,4.569,0.06096,0.06096,4,12.04
34.2,311.56,299.52,4.575,4.575,-0.03048,-0.06096,4,12.04
34.3,312.02,299.98,4.572,4.569,-0.03048,0.06096,4,12.04
34.4,312.48,300.44,4.569,4.575,0.03048,-0.06096,4,12.04
34.5,312.94,300.9,4.572,4.569,0,0.06096,4,12.04
34.6,313.39,301.35,4.572,4.575,0,-0.06096,4,12.04
34.7,313.85,301.81,4.572,4.569,0.03048,0.06096,4,12.04
34.8,314.31,302.27,4.575,4.575,-0.03048,-0.06096,4,12.04
34.9,314.76,302.72,4.572,4.569,-0.03048,0.03048,4,12.04
35,315.22,303.18,4.569,4.572,0.06096,0.03048,4,12.04
35.1,315.68,303.64,4.575,4.575,-0.06096,-0.03048,4,12.04
35.2,316.14,304.1,4.569,4.572,0.06096,0,4,12.04
35.3,316.59,304.55,4.575,4.572,-0.06096,0,4,12.04
35.4,317.05,305.01,4.569,4.572,0.06096,-0.03048,4,12.04
35.5,317.51,305.47,4.575,4.569,-0.06096,0.03048,4,12.04
35.6,317.97,305.93,4.569,4.572,0.06096,0.03048,4,12.04
35.7,318.42,306.38,4.575,4.575,-0.06096,-0.06096,4,12.04
35.8,318.88,306.84,4.569,4.569,0.06096,0.06096,4,12.04
35.9,319.34,307.3,4.575,4.575,-0.03048,-0.06096,4,12.04
36,319.79,307.75,4.572,4.569,-0.03048,0.06096,4,12.04
36.1,320.25,308.21,4.569,4.575,0.03048,-0.06096,4,12.04
36.2,320.71,308.67,4.572,4.569,0,0.06096,4,12.04
36.3,321.17,309.13,4.572,4.575,0,-0.06096,4,12.04
36.4,321.62,309.58,4.572,4.569,0,0.06096,4,12.04
36.5,322.08,310.04,4.572,4.575,0,-0.06096,4,12.04
36.6,322.54,310.5,4.572,4.569,0,0.06096,4,12.04
36.7,322.99,310.95,4.572,4.575,0,-0.03048,4,12.04
36.8,323.45,311.41,4.572,4.572,0,-0.03048,4,12.04
36.9,323.91,311.87,4.572,4.569,0,0.03048,4,12.04
37,324.37,312.33,4.572,4.572,0,0,4,12.04
37.1,324.82,312.78,4.572,4.572,0,0,4,12.04
37.2,325.28,313.24,4.572,4.572,0,0.03048,4,12.04
37.3,325.74,313.7,4.572,4.575,0,-0.03048,4,12.04
37.4,326.19,314.15,4.572,4.572,0,0,4,12.04
37.5,326.65,314.61,4.572,4.572,0,0,4,12.04
37.6,327.11,315.07,4.572,4.572,0,0,4,12.04
37.7,327.57,315.53,4.572,4.572,0,0,4,12.04
37.8,328.02,315.98,4.572,4.572,0,0,4,12.04
37.9,328.48,316.44,4.572,4.572,0,0,4,12.04
38,328.94,316.9,4.572,4.572,0,0,4,12.04
38.1,329.39,317.36,4.572,4.572,0,0,4,12.03
38.2,329.85,317.81,4.572,4.572,0,0,4,12.04
38.3,330.31,318.27,4.572,4.572,0,0,4,12.04
38.4,330.77,318.73,4.572,4.572,0,0,4,12.04
38.5,331.22,319.18,4.572,4.572,-0.06096,0,4,12.04
38.6,331.68,319.64,4.5659,4.572,0.21336,0,4,12.04
38.7,332.14,320.1,4.5872,4.572,0.24384,0,4,12.04
38.8,332.6,320.56,4.6116,4.572,-0.3048,0,4,12.04
38.9,333.06,321.01,4.5811,4.572,-1.3716,0,4,12.05
39,333.52,321.47,4.444,4.572,-2.5298,0,4,12.05
39.1,333.96,321.93,4.191,4.572,-2.4689,0,4,12.03
39.2,334.38,322.38,3.9441,4.572,-1.5545,0,4,12
39.3,334.77,322.84,3.7887,4.572,-0.6096,0,4,11.93
39.4,335.15,323.3,3.7277,4.572,0.6096,0,4,11.85
39.5,335.53,323.76,3.7887,4.572,1.5545,0,4,11.77
39.6,335.9,324.21,3.9441,4.572,2.4689,0,4,11.69
39.7,336.3,324.67,4.191,4.572,2.4994,0,4,11.63
39.8,336.72,325.13,4.4409,4.572,1.4021,0,4,11.59
39.9,337.16,325.58,4.5811,4.572,0.33528,0,4,11.58
40,337.62,326.04,4.6147,4.572,-0.3048,0,4,11.58
40.1,338.08,326.5,4.5842,4.572,-0.18288,-0.03048,4,11.58
40.2,338.54,326.96,4.5659,4.569,0.09144,0.03048,4,11.58
40.3,339,327.41,4.575,4.572,-0.06096,0.03048,4,11.59
40.4,339.45,327.87,4.569,4.575,0.06096,-0.06096,4,11.58
40.5,339.91,328.33,4.575,4.569,-0.06096,0.06096,4,11.58
40.6,340.37,328.79,4.569,4.575,0.03048,-0.06096,4,11.58
40.7,340.82,329.24,4.572,4.569,0.03048,0.06096,4,11.58
40.8,341.28,329.7,4.575,4.575,-0.03048,-0.06096,4,11.58
40.9,341.74,330.16,4.572,4.569,0,0.03048,4,11.58
41,342.2,330.61,4.572,4.572,-0.06096,0.03048,4,11.59
41.1,342.65,331.07,4.5659,4.575,0.03048,-0.03048,4,11.58
41.2,343.11,331.53,4.569,4.572,5.68E-12,0,4,11.58
41.3,343.57,331.99,4.569,4.572,0.4572,0,4,11.58
41.4,344.02,332.44,4.6147,4.572,1.7069,0,4,11.58
41.5,344.49,332.9,4.7854,4.572,3.6576,0,4,11.59
41.6,344.96,333.36,5.1511,4.572,3.6576,0,4,11.6
41.7,345.48,333.81,5.5169,4.572,4.1453,0,4,11.67
41.8,346.03,334.27,5.9314,4.572,1.8593,-0.03048,4,11.76
41.9,346.62,334.73,6.1173,4.569,0.27432,0.03048,4,11.89
42,347.24,335.19,6.1448,4.572,-0.36576,0.03048,4,12.05
42.1,347.85,335.64,6.1082,4.575,-0.18288,-0.06096,4,12.21
42.2,348.46,336.1,6.0899,4.569,0.06096,0.06096,4,12.36
42.3,349.07,336.56,6.096,4.575,0,-0.06096,4,12.51
42.4,349.68,337.01,6.096,4.569,0,0.06096,4,12.67
42.5,350.29,337.47,6.096,4.575,0,-0.06096,4,12.82
42.6,350.9,337.93,6.096,4.569,0,0.06096,4,12.97
42.7,351.51,338.39,6.096,4.575,0,-5.68E-12,4,13.12
42.8,352.12,338.84,6.096,4.575,0,-0.1524,4,13.28
42.9,352.73,339.3,6.096,4.5598,0,-0.39624,4,13.43
43,353.34,339.76,6.096,4.5202,0,0.33528,4,13.58
43.1,353.95,340.21,6.096,4.5537,0,1.8288,4,13.74
43.2,354.56,340.66,6.096,4.7366,0,4.2062,4,13.9
43.3,355.17,341.14,6.096,5.1572,0,3.5357,4,14.03
43.4,355.78,341.65,6.096,5.5108,0,4.0843,4,14.13
43.5,356.39,342.21,6.096,5.9192,0,2.0726,4,14.18
43.6,357,342.8,6.096,6.1265,0,0.70104,4,14.2
43.7,357.6,343.41,6.096,6.1966,0,-0.24384,4,14.19
43.8,358.21,344.03,6.096,6.1722,0,-0.3048,4,14.18
43.9,358.82,344.65,6.096,6.1417,0,-0.36576,4,14.17
44,359.43,345.26,6.096,6.1051,0,-0.18288,4,14.17
44.1,360.04,345.87,6.096,6.0869,0,0.09144,4,14.17
44.2,360.65,346.48,6.096,6.096,0,0,4,14.17
44.3,361.26,347.09,6.096,6.096,0,0,4,14.17
44.4,361.87,347.7,6.096,6.096,0,0,4,14.17
44.5,362.48,348.31,6.096,6.096,0,-0.03048,4,14.17
44.6,363.09,348.92,6.096,6.093,0,0.03048,4,14.17
44.7,363.7,349.53,6.096,6.096,0,0,4,14.17
44.8,364.31,350.14,6.096,6.096,0.03048,0,4,14.17
44.9,364.92,350.75,6.099,6.096,0,0,4,14.17
45,365.53,351.36,6.099,6.096,-0.06096,0.03048,4,14.17
45.1,366.14,351.97,6.093,6.099,-0.24384,-0.03048,4,14.17
45.2,366.75,352.58,6.0686,6.096,-0.3048,0,4,14.17
45.3,367.36,353.19,6.0381,6.096,-0.21336,0,4,14.17
45.4,367.96,353.8,6.0168,6.096,-0.09144,0,4,14.16
45.5,368.56,354.4,6.0076,6.096,5.68E-12,0,4,14.16
45.6,369.16,355.01,6.0076,6.096,0.03048,0,4,14.15
45.7,369.76,355.62,6.0107,6.096,0,0,4,14.14
45.8,370.36,356.23,6.0107,6.096,5.68E-12,0,4,14.13
45.9,370.97,356.84,6.0107,6.096,-0.03048,0,4,14.13
46,371.57,357.45,6.0076,6.096,0,0,4,14.12
46.1,372.17,358.06,6.0076,6.096,0.09144,0,4,14.11
46.2,372.77,358.67,6.0168,6.096,0.21336,0,4,14.1
46.3,373.37,359.28,6.0381,6.096,0.3048,0,4,14.09
46.4,373.97,359.89,6.0686,6.096,0.21336,0,4,14.08
46.5,374.58,360.5,6.0899,6.096,0.12192,0,4,14.08
46.6,375.19,361.11,6.1021,6.096,-0.06096,0,4,14.08
46.7,375.8,361.72,6.096,6.096,0,0,4,14.08
46.8,376.41,362.33,6.096,6.096,0,0,4,14.08
46.9,377.02,362.94,6.096,6.096,0,0,4,14.08
47,377.63,363.55,6.096,6.096,0,0,4,14.08
47.1,378.24,364.16,6.096,6.096,0,0.1524,4,14.08
47.2,378.85,364.77,6.096,6.1112,0,0.03048,4,14.08
47.3,379.46,365.38,6.096,6.1143,-0.03048,-0.39624,4,14.08
47.4,380.07,365.99,6.093,6.0747,0.1524,-0.94488,4,14.08
47.5,380.68,366.6,6.1082,5.9802,0.36576,-1.3106,4,14.08
47.6,381.29,367.2,6.1448,5.8491,-0.27432,-0.94488,4,14.09
47.7,381.9,367.78,6.1173,5.7546,-1.8593,-0.39624,4,14.12
47.8,382.51,368.36,5.9314,5.715,-4.2062,0.03048,4,14.15
47.9,383.11,368.93,5.5108,5.718,-3.5357,0.1524,4,14.18
48,383.66,369.5,5.1572,5.7333,-4.1758,0.03048,4,14.16
48.1,384.17,370.07,4.7396,5.7363,-1.8898,-0.03048,4,14.1
48.2,384.65,370.65,4.5507,5.7333,-0.3048,-0.12192,4,14
48.3,385.1,371.22,4.5202,5.7211,0.39624,-0.06096,4,13.88
48.4,385.55,371.79,4.5598,5.715,0.1524,0.36576,4,13.76
48.5,386.01,372.36,4.575,5.7516,-0.03048,1.0058,4,13.65
48.6,386.47,372.94,4.572,5.8522,0.12192,1.2802,4,13.53
48.7,386.92,373.52,4.5842,5.9802,-0.24384,0.9144,4,13.4
48.8,387.38,374.12,4.5598,6.0716,-0.42672,0.54864,4,13.26
48.9,387.84,374.73,4.5171,6.1265,-0.18288,0.33528,4,13.11
49,388.29,375.34,4.4988,6.16,0.18288,-0.42672,4,12.95
49.1,388.74,375.96,4.5171,6.1173,0.4572,-1.8898,4,12.78
49.2,389.19,376.57,4.5629,5.9284,0.18288,-4.1758,4,12.62
49.3,389.65,377.16,4.5811,5.5108,-0.09144,-3.5357,4,12.49
49.4,390.11,377.71,4.572,5.1572,0,-4.1758,4,12.4
49.5,390.56,378.23,4.572,4.7396,0,-1.8898,4,12.33
49.6,391.02,378.7,4.572,4.5507,0,-0.3048,4,12.32
49.7,391.48,379.16,4.572,4.5202,-0.03048,0.39624,4,12.32
49.8,391.94,379.61,4.569,4.5598,0.1524,0.1524,4,12.33
49.9,392.39,380.07,4.5842,4.575,0.3048,-5.68E-12,4,12.32
50,392.85,380.52,4.6147,4.575,-0.36576,-0.06096,4,12.33
50.1,393.31,380.98,4.5781,4.569,-1.7069,0.03048,4,12.33
50.2,393.77,381.44,4.4074,4.572,-2.3165,0,4,12.33
50.3,394.21,381.9,4.1758,4.572,-1.1887,0,4,12.31
50.4,394.63,382.35,4.0569,4.572,1.1582,0,4,12.28
50.5,395.03,382.81,4.1727,4.572,2.347,0,4,12.22
50.6,395.45,383.27,4.4074,4.572,1.6459,-0.06096,4,12.18
50.7,395.89,383.72,4.572,4.5659,0.57912,0.21336,4,12.17
50.8,396.35,384.18,4.6299,4.5872,5.68E-12,0.36576,4,12.17
50.9,396.81,384.64,4.6299,4.6238,-0.57912,-0.3048,4,12.17
51,397.28,385.1,4.572,4.5933,-1.2192,-1.8898,4,12.18
51.1,397.73,385.56,4.4501,4.4044,-2.4079,-4.1453,4,12.17
51.2,398.18,386,4.2093,3.9898,-2.9261,-3.5966,4,12.18
51.3,398.6,386.4,3.9167,3.6302,-2.4689,-4.1453,4,12.2
51.4,398.99,386.76,3.6698,3.2156,-1.6154,-1.8898,4,12.23
51.5,399.36,387.09,3.5082,3.0267,0.36576,-0.18288,4,12.27
51.6,399.71,387.39,3.5448,3.0084,1.6764,0.1524,4,12.32
51.7,400.06,387.69,3.7125,3.0236,0.9144,-0.3048,4,12.37
51.8,400.43,387.99,3.8039,2.9931,-0.88392,-0.18288,4,12.44
51.9,400.81,388.29,3.7155,2.9748,-2.7127,0.18288,4,12.52
52,401.19,388.59,3.4442,2.9931,-2.7127,0.42672,4,12.6
52.1,401.53,388.89,3.173,3.0358,-1.3411,0.24384,4,12.64
52.2,401.85,389.19,3.0389,3.0602,-0.33528,-0.12192,4,12.66
52.3,402.15,389.5,3.0053,3.048,0.3048,0,4,12.65
52.4,402.45,389.8,3.0358,3.048,0.18288,0,4,12.65
52.5,402.76,390.11,3.0541,3.048,-0.06096,0,4,12.65
52.6,403.06,390.41,3.048,3.048,0,0,4,12.65
52.7,403.37,390.72,3.048,3.048,0,0,4,12.65
52.8,403.67,391.02,3.048,3.048,0,0,4,12.65
52.9,403.97,391.33,3.048,3.048,-0.06096,-0.03048,4,12.64
53,404.28,391.63,3.0419,3.045,0.21336,0.03048,4,12.65
53.1,404.58,391.93,3.0632,3.048,0.24384,0,4,12.65
53.2,404.89,392.24,3.0876,3.048,-0.33528,0,4,12.65
53.3,405.2,392.54,3.0541,3.048,-1.2802,0.03048,4,12.66
53.4,405.5,392.85,2.9261,3.051,-2.347,-0.03048,4,12.65
53.5,405.8,393.15,2.6914,3.048,-2.7432,0,4,12.65
53.6,406.07,393.46,2.4171,3.048,-2.6213,-0.03048,4,12.61
53.7,406.31,393.76,2.1549,3.045,-2.7737,0.03048,4,12.55
53.8,406.52,394.07,1.8776,3.048,-2.286,0.03048,4,12.45
53.9,406.71,394.37,1.649,3.051,-1.3106,-0.03048,4,12.34
54,406.88,394.68,1.5179,3.048,-0.36576,0,4,12.2
54.1,407.03,394.98,1.4813,3.048,0.3048,0,4,12.05
54.2,407.18,395.29,1.5118,3.048,0.18288,-0.03048,4,11.89
54.3,407.33,395.59,1.5301,3.045,-0.06096,0.03048,4,11.74
54.4,407.48,395.9,1.524,3.048,0,0,4,11.58
54.5,407.63,396.2,1.524,3.048,0,0,4,11.43
54.6,407.78,396.51,1.524,3.048,0,0,4,11.27
54.7,407.94,396.81,1.524,3.048,0,0.03048,4,11.13
54.8,408.09,397.12,1.524,3.051,0,-0.03048,4,10.97
54.9,408.24,397.42,1.524,3.048,0,0,4,10.82
55,408.39,397.73,1.524,3.048,0,-0.03048,4,10.66
55.1,408.55,398.03,1.524,3.045,0,0.03048,4,10.52
55.2,408.7,398.34,1.524,3.048,0,0.03048,4,10.36
55.3,408.85,398.64,1.524,3.051,0,-0.03048,4,10.21
55.4,409,398.95,1.524,3.048,0,-0.06096,4,10.05
55.5,409.16,399.25,1.524,3.0419,0,0.18288,4,9.91
55.6,409.31,399.55,1.524,3.0602,-0.06096,0.39624,4,9.76
55.7,409.46,399.86,1.5179,3.0998,0.21336,-0.33528,4,9.6
55.8,409.61,400.17,1.5392,3.0663,0.33528,-1.8288,4,9.44
55.9,409.77,400.48,1.5728,2.8834,-0.27432,-4.2062,4,9.29
56,409.92,400.77,1.5453,2.4628,-1.8593,-3.5357,4,9.15
56.1,410.08,401.01,1.3594,2.1092,-4.0234,-4.1758,4,9.07
56.2,410.21,401.22,0.95707,1.6916,-4.2672,-1.8898,4,8.99
56.3,410.31,401.39,0.53035,1.5027,-2.1641,-0.36576,4,8.92
56.4,410.36,401.54,0.31394,1.4661,0.48768,0.57912,4,8.82
56.5,410.39,401.69,0.36271,1.524,0.97536,0.57912,4,8.7
56.6,410.43,401.84,0.46025,1.5819,-0.6096,-0.36576,4,8.59
56.7,410.48,402,0.39929,1.5453,-2.0726,-1.8898,4,8.48
56.8,410.52,402.15,0.19202,1.3564,-1.6154,-4.1453,4,8.37
56.9,410.54,402.29,0.03048,0.94183,-0.3048,-3.5966,4,8.25
57,410.54,402.38,0,0.58217,0,-3.9014,4,8.16
57.1,410.54,402.44,0,0.19202,0,-1.7678,4,8.1
57.2,410.54,402.46,0,0.01524,0,-0.1524,4,8.08
57.3,410.54,402.46,0,0,0,0,4,8.08
57.4,410.54,402.46,0,0,0,0,4,8.08
57.5,410.54,402.46,0,0,0,0,4,8.08
57.6,410.54,402.46,0,0,0,0,4,8.08
57.7,410.54,402.46,0,0,0,0,4,8.08
57.8,410.54,402.46,0,0,0,0,4,8.08
57.9,410.54,402.46,0,0,0,0,4,8.08
58,410.54,402.46,0,0,0,0,4,8.08
58.1,410.54,402.46,0,0,0,0,4,8.08
58.2,410.54,402.46,0,0,0,0,4,8.08
58.3,410.54,402.46,0,0,0,0.18288,4,8.08
58.4,410.54,402.46,0,0.018288,0,3.1699,4,8.08
58.5,410.54,402.46,0,0.33528,0,2.5908,4,8.08
58.6,410.54,402.5,0,0.59436,0.64008,1.4021,4,8.04
58.7,410.54,402.56,0.064008,0.73457,2.7737,0.64008,4,7.98
58.8,410.55,402.63,0.34138,0.79858,1.1278,1.0668,4,7.92
58.9,410.58,402.71,0.45415,0.90526,-0.64008,2.3165,4,7.87
59,410.63,402.8,0.39014,1.1369,-1.0668,2.5908,4,7.83
59.1,410.66,402.91,0.28346,1.396,0.9144,1.3716,4,7.75
59.2,410.69,403.05,0.3749,1.5331,2.0726,0.27432,4,7.64
59.3,410.73,403.21,0.58217,1.5606,1.4326,-0.09144,4,7.52
59.4,410.79,403.36,0.72542,1.5514,0.70104,0.06096,4,7.43
59.5,410.86,403.52,0.79553,1.5575,1.0973,-0.27432,4,7.34
59.6,410.94,403.67,0.90526,1.5301,2.3165,-1.3106,4,7.27
59.7,411.03,403.83,1.1369,1.399,2.5908,-2.3165,4,7.2
59.8,411.14,403.97,1.396,1.1674,1.3411,-2.7432,4,7.17
59.9,411.28,404.08,1.5301,0.89306,0.36576,-2.6822,4,7.2
60,411.44,404.17,1.5667,0.62484,-0.3048,-2.6213,4,7.27
60.1,411.59,404.24,1.5362,0.36271,-0.1524,-2.1336,4,7.35
60.2,411.75,404.27,1.521,0.14935,0.03048,-1.2192,4,7.48
60.3,411.9,404.29,1.524,0.027432,0,-0.27432,4,7.61
60.4,412.05,404.29,1.524,0,0,0,4,7.76
60.5,412.2,404.29,1.524,0,0.03048,0,4,7.91
60.6,412.36,404.29,1.527,0,-0.1524,0,4,8.07
60.7,412.51,404.29,1.5118,0,-0.39624,0,4,8.22
60.8,412.66,404.29,1.4722,0,0.33528,0,4,8.37
60.9,412.81,404.29,1.5057,0,1.8288,0,4,8.52
61,412.96,404.29,1.6886,0,4.2062,0,4,8.67
61.1,413.13,404.29,2.1092,0,3.5357,0,4,8.84
61.2,413.34,404.29,2.4628,0,4.2062,0,4,9.05
61.3,413.58,404.29,2.8834,0,1.8288,0,4,9.29
61.4,413.87,404.29,3.0663,0,0.33528,0,4,9.58
61.5,414.18,404.29,3.0998,0,-0.33528,0,4,9.89
61.6,414.49,404.29,3.0663,0,-0.36576,0.4572,4,10.2
61.7,414.8,404.29,3.0297,0.04572,-0.3048,5.0597,4,10.51
61.8,415.1,404.29,2.9992,0.55169,0.27432,3.4747,4,10.81
61.9,415.4,404.35,3.0267,0.89916,1.8898,4.6025,4,11.05
62,415.7,404.44,3.2156,1.3594,4.1453,1.9507,4,11.26
62.1,416.02,404.58,3.6302,1.5545,3.5662,0.06096,4,11.44
62.2,416.39,404.73,3.9868,1.5606,4.1758,-0.73152,4,11.66
62.3,416.79,404.89,4.4044,1.4874,1.8898,0.09144,4,11.9
62.4,417.23,405.04,4.5933,1.4966,0.3048,1.9507,4,12.19
62.5,417.68,405.19,4.6238,1.6916,-0.39624,4.1758,4,12.49
62.6,418.15,405.35,4.5842,2.1092,-0.12192,3.5357,4,12.8
62.7,418.61,405.57,4.572,2.4628,-0.12192,4.1758,4,13.04
62.8,419.06,405.81,4.5598,2.8804,-0.39624,1.9202,4,13.25
62.9,419.52,406.1,4.5202,3.0724,0.3048,0.1524,4,13.42
63,419.97,406.41,4.5507,3.0876,1.8898,-0.79248,4,13.56
63.1,420.43,406.72,4.7396,3.0084,4.1758,0.1524,4,13.71
63.2,420.9,407.02,5.1572,3.0236,3.4747,1.9202,4,13.88
63.3,421.42,407.32,5.5047,3.2156,4.2977,4.1453,4,14.1
63.4,421.97,407.64,5.9345,3.6302,2.6822,3.5662,4,14.33
63.5,422.56,408,6.2027,3.9868,0.64008,4.1758,4,14.56
63.6,423.18,408.4,6.2667,4.4044,-0.82296,1.8898,4,14.78
63.7,423.81,408.84,6.1844,4.5933,-1.2802,0.3048,4,14.97
63.8,424.42,409.3,6.0564,4.6238,5.68E-12,-0.36576,4,15.12
63.9,425.03,409.76,6.0564,4.5872,2.0726,-0.21336,4,15.27
64,425.64,410.22,6.2636,4.5659,4.1453,0.06096,4,15.42
64.1,426.26,410.68,6.6782,4.572,3.5662,0,4,15.58
64.2,426.93,411.14,7.0348,4.572,4.2062,0,4,15.79
64.3,427.63,411.59,7.4554,4.572,1.8593,0,4,16.04
64.4,428.38,412.05,7.6413,4.572,0.3048,0.06096,4,16.33
64.5,429.14,412.51,7.6718,4.5781,-0.33528,-0.18288,4,16.63
64.6,429.91,412.97,7.6383,4.5598,-0.36576,-0.39624,4,16.94
64.7,430.67,413.42,7.6017,4.5202,-0.33528,0.3048,4,17.25
64.8,431.43,413.87,7.5682,4.5507,0.3048,1.8593,4,17.56
64.9,432.19,414.33,7.5987,4.7366,1.8593,4.2062,4,17.86
65,432.95,414.8,7.7846,5.1572,4.2062,3.5662,4,18.15
65.1,433.73,415.32,8.2052,5.5138,3.5357,4.1453,4,18.41
65.2,434.55,415.87,8.5588,5.9284,4.2062,1.8898,4,18.68
65.3,435.41,416.46,8.9794,6.1173,1.8593,0.33528,4,18.95
65.4,436.3,417.07,9.1653,6.1509,0.3048,-0.54864,4,19.23
65.5,437.22,417.69,9.1958,6.096,-0.39624,-0.54864,4,19.53
65.6,438.14,418.3,9.1562,6.0411,-0.18288,0.33528,4,19.84
65.7,439.06,418.9,9.1379,6.0747,0.06096,1.8898,4,20.16
65.8,439.97,419.51,9.144,6.2636,0,4.1453,4,20.46
65.9,440.88,420.14,9.144,6.6782,0,3.5357,4,20.74
66,441.8,420.81,9.144,7.0317,0,4.2672,4,20.99
66.1,442.71,421.51,9.144,7.4585,0.03048,2.7127,4,21.2
66.2,443.63,422.25,9.147,7.7297,0,0.64008,4,21.38
66.3,444.54,423.03,9.147,7.7937,-0.1524,-0.85344,4,21.51
66.4,445.46,423.81,9.1318,7.7084,-0.33528,-1.2802,4,21.65
66.5,446.37,424.58,9.0983,7.5804,0.42672,5.68E-12,4,21.79
66.6,447.28,425.34,9.141,7.5804,1.6764,2.0422,4,21.94
66.7,448.19,426.09,9.3086,7.7846,2.3165,4.2062,4,22.1
66.8,449.12,426.87,9.5402,8.2052,1.2497,3.5357,4,22.25
66.9,450.08,427.69,9.6652,8.5588,-1.3716,4.2062,4,22.39
67,451.05,428.55,9.528,8.9794,-2.6213,1.8593,4,22.5
67.1,452,429.45,9.2659,9.1653,-1.3716,0.3048,4,22.55
67.2,452.92,430.36,9.1288,9.1958,0.97536,-0.39624,4,22.56
67.3,453.84,431.28,9.2263,9.1562,2.987,-0.18288,4,22.56
67.4,454.76,432.2,9.525,9.1379,2.9261,0.12192,4,22.56
67.5,455.71,433.11,9.8176,9.1501,0.762,-0.18288,4,22.6
67.6,456.69,434.03,9.8938,9.1318,-0.48768,-0.39624,4,22.66
67.7,457.68,434.94,9.845,9.0922,-1.7678,0.3048,4,22.74
67.8,458.67,435.85,9.6683,9.1227,-1.463,1.8898,4,22.82
67.9,459.64,436.76,9.522,9.3116,-0.42672,4.1453,4,22.88
68,460.59,437.69,9.4793,9.7262,-0.57912,3.5966,4,22.9
68.1,461.54,438.67,9.4214,10.086,0.1524,4.1453,4,22.87
68.2,462.48,439.67,9.4366,10.5,0.70104,1.8898,4,22.81
68.3,463.42,440.72,9.5067,10.689,0.82296,0.3048,4,22.7
68.4,464.37,441.79,9.589,10.72,0.94488,-0.39624,4,22.58
68.5,465.33,442.86,9.6835,10.68,0.09144,-0.18288,4,22.47
68.6,466.3,443.93,9.6926,10.662,-0.24384,0.06096,4,22.37
68.7,467.27,445,9.6683,10.668,-0.03048,0,4,22.27
68.8,468.23,446.07,9.6652,10.668,0.21336,-0.03048,4,22.16
68.9,469.2,447.13,9.6865,10.665,0.06096,0.1524,4,22.07
69,470.17,448.2,9.6926,10.68,-0.51816,0.3048,4,21.97
69.1,471.14,449.27,9.6408,10.711,-1.4326,-0.42672,4,21.87
69.2,472.1,450.34,9.4976,10.668,-1.8288,-1.4935,4,21.76
69.3,473.05,451.41,9.3147,10.519,-1.4326,-2.1031,4,21.64
69.4,473.98,452.46,9.1714,10.308,-0.51816,-1.4326,4,21.52
69.5,474.9,453.49,9.1196,10.165,0.06096,-0.03048,4,21.41
69.6,475.81,454.5,9.1257,10.162,0.1524,-0.09144,4,21.31
69.7,476.73,455.52,9.141,10.153,0.06096,-1.1582,4,21.21
69.8,477.64,456.54,9.147,10.037,-0.03048,-2.3165,4,21.1
69.9,478.56,457.54,9.144,9.8054,0,-2.7737,4,21.02
70,479.47,458.52,9.144,9.528,0,-3.0785,4,20.95
70.1,480.38,459.47,9.144,9.2202,-0.03048,-2.347,4,20.91
70.2,481.3,460.39,9.141,8.9855,0.03048,-0.03048,4,20.91
70.3,482.21,461.29,9.144,8.9825,0,2.4689,4,20.92
70.4,483.13,462.19,9.144,9.2293,0.06096,3.5662,4,20.94
70.5,484.04,463.11,9.1501,9.586,-0.18288,2.225,4,20.93
70.6,484.96,464.07,9.1318,9.8085,-0.3048,0.42672,4,20.89
70.7,485.87,465.05,9.1013,9.8511,0.36576,-0.06096,4,20.82
70.8,486.78,466.04,9.1379,9.845,1.3106,-0.24384,4,20.74
70.9,487.69,467.02,9.269,9.8207,2.3165,0,4,20.67
71,488.62,468.01,9.5006,9.8207,2.225,0.24384,4,20.61
71.1,489.57,468.99,9.7231,9.845,4.2672,0.09144,4,20.58
71.2,490.54,469.97,10.15,9.8542,3.6881,-0.70104,4,20.57
71.3,491.56,470.96,10.519,9.7841,3.81,-1.7983,4,20.6
71.4,492.61,471.94,10.9,9.6042,0.42672,-2.4384,4,20.67
71.5,493.7,472.9,10.942,9.3604,-1.8288,-1.7983,4,20.8
71.6,494.79,473.83,10.759,9.1806,-1.3411,-0.70104,4,20.96
71.7,495.87,474.75,10.625,9.1105,0.36576,0.09144,4,21.12
71.8,496.93,475.66,10.662,9.1196,0.06096,0.21336,4,21.27
71.9,498,476.57,10.668,9.141,0,0.06096,4,21.43
72,499.07,477.49,10.668,9.147,-0.03048,-0.03048,4,21.58
72.1,500.13,478.4,10.665,9.144,0.03048,0,4,21.73
72.2,501.2,479.32,10.668,9.144,-0.03048,0,4,21.88
72.3,502.27,480.23,10.665,9.144,0.06096,0,4,22.04
72.4,503.33,481.15,10.671,9.144,-0.18288,0,4,22.18
72.5,504.4,482.06,10.653,9.144,-0.33528,0,4,22.34
72.6,505.46,482.97,10.619,9.144,0.27432,0,4,22.49
72.7,506.53,483.89,10.647,9.144,1.8288,0.06096,4,22.64
72.8,507.59,484.8,10.83,9.1501,4.2367,-0.21336,4,22.79
72.9,508.67,485.72,11.253,9.1288,3.5052,-0.36576,4,22.95
73,509.8,486.63,11.604,9.0922,4.8463,0.33528,4,23.17
73.1,510.96,487.54,12.088,9.1257,0.6096,1.8593,4,23.42
73.2,512.17,488.45,12.149,9.3116,-2.2555,4.5415,4,23.72
73.3,513.38,489.38,11.924,9.7658,-1.3716,4.3586,4,24
73.4,514.58,490.36,11.787,10.202,0.82296,4.2672,4,24.22
73.5,515.75,491.38,11.869,10.628,2.6518,4.3282,4,24.37
73.6,516.94,492.44,12.134,11.061,1.1887,-0.57912,4,24.5
73.7,518.15,493.55,12.253,11.003,-0.6096,-2.6822,4,24.6
73.8,519.38,494.65,12.192,10.735,0,-1.2802,4,24.73
73.9,520.6,495.72,12.192,10.607,0,0.57912,4,24.88
74,521.82,496.78,12.192,10.665,-0.03048,0.06096,4,25.04
74.1,523.04,497.85,12.189,10.671,0.03048,-0.18288,4,25.19
74.2,524.26,498.92,12.192,10.653,0,-0.36576,4,25.34
74.3,525.48,499.98,12.192,10.616,0.03048,0.3048,4,25.5
74.4,526.69,501.04,12.195,10.647,0.03048,1.8593,4,25.65
74.5,527.91,502.11,12.198,10.833,-0.21336,4.1758,4,25.8
74.6,529.13,503.19,12.177,11.25,-0.36576,3.5662,4,25.94
74.7,530.35,504.32,12.14,11.607,0.3048,4.1758,4,26.03
74.8,531.57,505.48,12.171,12.024,1.8898,1.8593,4,26.09
74.9,532.78,506.68,12.36,12.21,4.3282,0.3048,4,26.1
75,534.02,507.9,12.792,12.241,3.7186,-0.36576,4,26.12
75.1,535.3,509.13,13.164,12.204,4.4196,-0.18288,4,26.17
75.2,536.61,510.35,13.606,12.186,2.7127,0.70104,4,26.26
75.3,537.98,511.57,13.878,12.256,-0.03048,-1.2497,4,26.41
75.4,539.36,512.79,13.874,12.131,-1.2497,-2.8042,4,26.57
75.5,540.75,514,13.75,11.851,-0.6096,-0.94488,4,26.75
75.6,542.13,515.19,13.689,11.756,0.27432,0.85344,4,26.94
75.7,543.49,516.36,13.716,11.841,-1.14E-11,2.347,4,27.13
75.8,544.87,517.55,13.716,12.076,1.14E-11,1.6154,4,27.32
75.9,546.24,518.76,13.716,12.238,-1.14E-11,1.2192,4,27.48
76,547.61,519.98,13.716,12.36,1.14E-11,4.1758,4,27.63
76.1,548.98,521.22,13.716,12.777,0.06096,3.5357,4,27.76
76.2,550.35,522.49,13.722,13.131,-0.1524,4.1758,4,27.86
76.3,551.72,523.81,13.707,13.548,-0.4572,1.8593,4,27.91
76.4,553.09,525.16,13.661,13.734,0.18288,0.33528,4,27.93
76.5,554.46,526.53,13.679,13.768,1.6154,-0.36576,4,27.93
76.6,555.83,527.91,13.841,13.731,4.0234,-0.21336,4,27.92
76.7,557.21,529.28,14.243,13.71,3.7795,0.06096,4,27.93
76.8,558.64,530.66,14.621,13.716,4.5415,1.14E-11,4,27.98
76.9,560.1,532.03,15.075,13.716,1.3716,-0.21336,4,28.07
77,561.61,533.4,15.213,13.695,-6.0046,0.42672,4,28.21
77.1,563.13,534.77,14.612,13.737,-4.511,0.9144,4,28.36
77.2,564.59,536.14,14.161,13.829,-4.2672,0.33528,4,28.45
77.3,566.01,537.53,13.734,13.862,-6.0046,-0.3048,4,28.48
77.4,567.38,538.91,13.134,13.832,-0.6096,-0.97536,4,28.47
77.5,568.69,540.29,13.073,13.734,0.36576,-0.39624,4,28.4
77.6,570,541.67,13.109,13.695,0.03048,0.21336,4,28.33
77.7,571.31,543.04,13.112,13.716,0.1524,1.14E-11,4,28.27
77.8,572.62,544.41,13.128,13.716,-0.06096,-1.14E-11,4,28.21
77.9,573.93,545.78,13.122,13.716,0.03048,1.14E-11,4,28.15
78,575.25,547.15,13.125,13.716,0,-1.14E-11,4,28.1
78.1,576.56,548.52,13.125,13.716,0,1.14E-11,4,28.04
78.2,577.87,549.9,13.125,13.716,-1.14E-11,0.06096,4,27.97
78.3,579.18,551.27,13.125,13.722,-0.03048,-0.1524,4,27.91
78.4,580.5,552.64,13.122,13.707,0.03048,-0.4572,4,27.86
78.5,581.81,554.01,13.125,13.661,-1.14E-11,0.12192,4,27.8
78.6,583.12,555.38,13.125,13.673,1.14E-11,1.7678,4,27.74
78.7,584.43,556.74,13.125,13.85,-0.03048,3.9929,4,27.69
78.8,585.75,558.13,13.122,14.249,-0.12192,3.6881,4,27.62
78.9,587.06,559.55,13.109,14.618,0.73152,4.4806,4,27.51
79,588.37,561.02,13.183,15.066,-1.0058,1.1582,4,27.35
79.1,589.69,562.52,13.082,15.182,-2.0422,-2.0422,4,27.17
79.2,591,564.04,12.878,14.978,0.1524,-4.6634,4,26.96
79.3,592.28,565.54,12.893,14.512,2.0422,-4.3282,4,26.74
79.4,593.57,566.99,13.097,14.079,3.4138,-4.9682,4,26.58
79.5,594.88,568.4,13.439,13.582,1.4021,-4.633,4,26.48
79.6,596.23,569.76,13.579,13.119,-0.88392,-4.7244,4,26.47
79.7,597.58,571.07,13.49,12.646,0,-4.4501,4,26.51
79.8,598.93,572.33,13.49,12.201,0.03048,-0.4572,4,26.6
79.9,600.28,573.55,13.493,12.155,0,0.3048,4,26.73
80,601.63,574.77,13.493,12.186,-0.03048,0.12192,4,26.86
80.1,602.98,575.99,13.49,12.198,-1.14E-11,-1.14E-11,4,26.99
80.2,604.33,577.21,13.49,12.198,0.03048,-0.03048,4,27.12
80.3,605.68,578.43,13.493,12.195,-0.03048,0.03048,4,27.25
80.4,607.03,579.64,13.49,12.198,0.03048,1.14E-11,4,27.39
80.5,608.38,580.86,13.493,12.198,-0.03048,-1.14E-11,4,27.52
80.6,609.73,582.08,13.49,12.198,0,1.14E-11,4,27.65
80.7,611.08,583.3,13.49,12.198,0.4572,-1.14E-11,4,27.78
80.8,612.43,584.52,13.536,12.198,-0.82296,0,4,27.91
80.9,613.78,585.74,13.454,12.198,-1.585,0,4,28.04
81,615.12,586.96,13.295,12.198,-0.82296,0.70104,4,28.16
81.1,616.45,588.18,13.213,12.268,-0.79248,-1.3716,4,28.27
81.2,617.78,589.41,13.134,12.131,-1.2192,-3.1394,4,28.37
81.3,619.09,590.62,13.012,11.817,-2.2555,-1.1278,4,28.47
81.4,620.39,591.81,12.786,11.704,-1.524,2.1641,4,28.58
81.5,621.67,592.98,12.634,11.921,1.463,4.3586,4,28.69
81.6,622.93,594.17,12.78,12.357,3.2918,4.2062,4,28.76
81.7,624.21,595.4,13.109,12.777,2.9261,1.3411,4,28.81
81.8,625.52,596.68,13.402,12.911,0.4572,0.79248,4,28.84
81.9,626.86,597.97,13.448,12.991,-2.5298,0,4,28.89
82,628.21,599.27,13.195,12.991,-4.2672,-0.3048,4,28.94
82.1,629.53,600.57,12.768,12.96,-4.0234,-0.03048,4,28.96
82.2,630.8,601.87,12.366,12.957,-1.9202,0.03048,4,28.93
82.3,632.04,603.16,12.174,12.96,-0.36576,-0.03048,4,28.88
82.4,633.26,604.46,12.137,12.957,0.4572,0.03048,4,28.8
82.5,634.47,605.75,12.183,12.96,0.12192,-1.14E-11,4,28.72
82.6,635.69,607.05,12.195,12.96,-0.03048,0,4,28.64
0.1,33.911,0,14.307,13.719,-2.2555,-0.03048,5,33.911
0.2,35.342,1.3719,14.082,13.716,-0.9144,0.03048,5,33.9701
0.3,36.75,2.7435,13.99,13.719,1.0668,-0.03048,5,34.0065
0.4,38.149,4.1154,14.097,13.716,1.0363,-4.2672,5,34.0336
0.5,39.559,5.487,14.201,13.289,-0.88392,2.4384,5,34.072
0.6,40.979,6.8159,14.112,13.533,-2.347,1.4935,5,34.1631
0.7,42.39,8.1692,13.878,13.682,-1.3411,0.70104,5,34.2208
0.8,43.778,9.5375,13.743,13.753,-1.0973,-0.36576,5,34.2405
0.9,45.152,10.913,13.634,13.716,-1.3106,0,5,34.239
1,46.516,12.284,13.503,13.716,-0.42672,0.03048,5,34.232
1.1,47.866,13.656,13.46,13.719,0.54864,-0.03048,5,34.21
1.2,49.212,15.028,13.515,13.716,1.585,-3.55E-13,5,34.184
1.3,50.564,16.399,13.673,13.716,0.762,0.03048,5,34.165
1.4,51.931,17.771,13.75,13.719,-0.36576,0.03048,5,34.16
1.5,53.306,19.143,13.713,13.722,-0.03048,0.33528,5,34.163
1.6,54.677,20.515,13.71,13.756,0.03048,-1.1887,5,34.162
1.7,56.048,21.891,13.713,13.637,-0.03048,-1.7678,5,34.157
1.8,57.419,23.254,13.71,13.46,0,0.54864,5,34.165
1.9,58.79,24.6,13.71,13.515,0.03048,3.5662,5,34.19
2,60.161,25.952,13.713,13.871,-0.03048,4.0538,5,34.209
2.1,61.533,27.339,13.71,14.277,0.48768,3.7795,5,34.194
2.2,62.904,28.767,13.759,14.655,-0.06096,0.85344,5,34.137
2.3,64.28,30.232,13.753,14.74,-3.2309,0.27432,5,34.048
2.4,65.655,31.706,13.429,14.768,-3.9319,-0.21336,5,33.949
2.5,66.998,33.183,13.036,14.746,-0.9144,-0.1524,5,33.815
2.6,68.301,34.658,12.945,14.731,3.7795,0.06096,5,33.643
2.7,69.596,36.131,13.323,14.737,4.0234,-7.11E-13,5,33.465
2.8,70.928,37.604,13.725,14.737,3.871,-0.03048,5,33.324
2.9,72.301,39.078,14.112,14.734,2.3165,7.11E-13,5,33.223
3,73.712,40.552,14.344,14.734,2.8042,-7.11E-13,5,33.16
3.1,75.146,42.025,14.624,14.734,2.1641,0.39624,5,33.121
3.2,76.609,43.498,14.841,14.774,1.0973,-0.762,5,33.111
3.3,78.093,44.976,14.95,14.697,-0.18288,-1.5545,5,33.117
3.4,79.588,46.445,14.932,14.542,-1.1278,-0.64008,5,33.143
3.5,81.081,47.9,14.819,14.478,-1.7374,0.54864,5,33.181
3.6,82.563,49.347,14.646,14.533,-1.585,1.8898,5,33.216
3.7,84.028,50.801,14.487,14.722,-0.85344,1.1887,5,33.227
3.8,85.476,52.273,14.402,14.841,-0.1524,-1.0363,5,33.203
3.9,86.916,53.757,14.387,14.737,-0.79248,-2.7737,5,33.159
4,88.355,55.231,14.307,14.46,-2.225,-3.9929,5,33.124
4.1,89.786,56.677,14.085,14.06,-2.4994,-4.3282,5,33.109
4.2,91.194,58.083,13.835,13.628,-1.4935,-1.463,5,33.111
4.3,92.578,59.445,13.686,13.481,-0.12192,0.73152,5,33.133
4.4,93.946,60.794,13.673,13.554,0.39624,1.3106,5,33.152
4.5,95.314,62.149,13.713,13.686,0.06096,1.7374,5,33.165
4.6,96.685,63.518,13.719,13.859,-0.03048,-2.4079,5,33.167
4.7,98.057,64.904,13.716,13.618,0.762,-4.8768,5,33.153
4.8,99.429,66.265,13.792,13.131,-1.4021,-1.7983,5,33.164
4.9,100.81,67.578,13.652,12.951,-3.0175,1.524,5,33.232
5,102.17,68.874,13.35,13.103,-1.524,4.511,5,33.296
5.1,103.51,70.184,13.198,13.554,-0.3048,2.8651,5,33.326
5.2,104.83,71.539,13.167,13.841,0.06096,0.18288,5,33.291
5.3,106.14,72.923,13.173,13.859,-2.3774,1.9812,5,33.217
5.4,107.46,74.309,12.936,14.057,-3.6576,2.0726,5,33.151
5.5,108.76,75.715,12.57,14.265,-1.1887,1.9507,5,33.045
5.6,110.01,77.142,12.451,14.46,0.09144,2.1031,5,32.868
5.7,111.26,78.587,12.46,14.67,0.39624,1.3106,5,32.673
5.8,112.5,80.055,12.5,14.801,0.06096,-0.06096,5,32.445
5.9,113.75,81.535,12.506,14.795,-0.03048,-1.7069,5,32.215
6,115,83.014,12.503,14.624,0,-2.6213,5,31.986
6.1,116.25,84.477,12.503,14.362,-0.03048,-2.4079,5,31.773
6.2,117.5,85.913,12.5,14.121,0.03048,-2.1946,5,31.587
6.3,118.75,87.325,12.503,13.902,-2.84E-12,-1.9812,5,31.425
6.4,120,88.715,12.503,13.704,-0.03048,-1.3411,5,31.285
6.5,121.26,90.085,12.5,13.57,0.03048,-0.42672,5,31.175
6.6,122.51,91.442,12.503,13.527,0,0.24384,5,31.068
6.7,123.76,92.795,12.503,13.551,0,0.18288,5,30.965
6.8,125.01,94.15,12.503,13.57,-0.06096,-0.06096,5,30.86
6.9,126.26,95.507,12.497,13.564,0.03048,-2.84E-12,5,30.753
7,127.51,96.864,12.5,13.564,0.36576,-0.03048,5,30.646
7.1,128.76,98.22,12.536,13.561,0.21336,0.762,5,30.54
7.2,130.01,99.576,12.558,13.637,-0.82296,-1.4326,5,30.434
7.3,131.27,100.94,12.475,13.493,-2.4689,-3.0785,5,30.33
7.4,132.51,102.29,12.229,13.186,-3.749,-1.1887,5,30.22
7.5,133.74,103.61,11.854,13.067,-3.3223,1.1582,5,30.13
7.6,134.92,104.91,11.521,13.183,-1.8288,3.048,5,30.01
7.7,136.07,106.23,11.339,13.487,-0.33528,1.524,5,29.84
7.8,137.21,107.58,11.305,13.64,0.36576,-0.36576,5,29.63
7.9,138.34,108.95,11.342,13.603,0.18288,-0.12192,5,29.39
8,139.47,110.31,11.36,13.591,-0.06096,-1.4021,5,29.16
8.1,140.61,111.66,11.354,13.451,-2.84E-12,-3.048,5,28.95
8.2,141.74,113.01,11.354,13.146,0.03048,-3.871,5,28.73
8.3,142.88,114.32,11.357,12.759,0.42672,-3.048,5,28.56
8.4,144.01,115.6,11.4,12.454,-1.0363,-1.4326,5,28.41
8.5,145.15,116.85,11.296,12.311,-2.0422,-0.09144,5,28.3
8.6,146.28,118.08,11.092,12.302,-0.70104,0.33528,5,28.2
8.7,147.39,119.31,11.022,12.335,0.82296,0.12192,5,28.08
8.8,148.49,120.54,11.104,12.347,2.0726,-0.06096,5,27.95
8.9,149.61,121.78,11.311,12.341,1.0668,-1.42E-12,5,27.83
9,150.74,123.01,11.418,12.341,-0.39624,0.03048,5,27.73
9.1,151.88,124.24,11.378,12.344,-0.54864,0,5,27.64
9.2,153.02,125.48,11.323,12.344,-1.463,0,5,27.54
9.3,154.15,126.71,11.177,12.344,-1.8898,-0.03048,5,27.44
9.4,155.27,127.95,10.988,12.341,-1.4935,0.03048,5,27.32
9.5,156.36,129.18,10.839,12.344,-0.51816,0,5,27.18
9.6,157.45,130.42,10.787,12.344,0.03048,0,5,27.03
9.7,158.53,131.65,10.79,12.344,0.18288,-0.12192,5,26.88
9.8,159.61,132.88,10.808,12.332,0.03048,-0.09144,5,26.73
9.9,160.69,134.12,10.811,12.323,0.03048,0.33528,5,26.57
10,161.77,135.35,10.814,12.357,-0.03048,1.0363,5,26.42
10.1,162.85,136.59,10.811,12.46,-0.03048,1.463,5,26.26
10.2,163.93,137.83,10.808,12.607,0.09144,1.7069,5,26.1
10.3,165.01,139.09,10.817,12.777,0.21336,1.4935,5,25.92
10.4,166.09,140.37,10.839,12.927,-0.1524,0.97536,5,25.72
10.5,167.18,141.66,10.823,13.024,-1.0668,0.85344,5,25.52
10.6,168.26,142.96,10.717,13.109,-1.4935,-1.0668,5,25.3
10.7,169.33,144.28,10.567,13.003,-0.82296,-2.1031,5,25.05
10.8,170.39,145.58,10.485,12.792,0.82296,-0.42672,5,24.81
10.9,171.44,146.86,10.567,12.75,1.4935,1.0363,5,24.58
11,172.49,148.13,10.717,12.853,1.0668,1.1278,5,24.36
11.1,173.57,149.42,10.823,12.966,0.1524,-1.6154,5,24.15
11.2,174.65,150.71,10.839,12.805,-0.21336,-3.9319,5,23.94
11.3,175.73,151.99,10.817,12.411,-0.09144,-3.2004,5,23.74
11.4,176.81,153.23,10.808,12.091,0.03048,-2.7127,5,23.58
11.5,177.89,154.44,10.811,11.82,-2.84E-12,-3.81,5,23.45
11.6,178.97,155.63,10.811,11.439,0.03048,-3.4747,5,23.34
11.7,180.06,156.77,10.814,11.092,0,-4.0538,5,23.29
11.8,181.14,157.88,10.814,10.686,-0.09144,-1.8288,5,23.26
11.9,182.22,158.95,10.805,10.503,-0.24384,-0.09144,5,23.27
12,183.3,160,10.781,10.494,0.18288,0.42672,5,23.3
12.1,184.38,161.05,10.799,10.537,0.9144,0.1524,5,23.33
12.2,185.46,162.1,10.891,10.552,2.225,-0.03048,5,23.36
12.3,186.55,163.16,11.113,10.549,1.6764,-0.03048,5,23.39
12.4,187.66,164.21,11.281,10.546,0.51816,0.09144,5,23.45
12.5,188.79,165.26,11.332,10.555,0.42672,0.21336,5,23.53
12.6,189.92,166.32,11.375,10.577,0.67056,-0.18288,5,23.6
12.7,191.06,167.38,11.442,10.558,1.0668,-1.0363,5,23.68
12.8,192.2,168.43,11.549,10.455,0.85344,-1.524,5,23.77
12.9,193.36,169.48,11.634,10.302,0.3048,-0.79248,5,23.88
13,194.52,170.51,11.665,10.223,-0.73152,0.79248,5,24.01
13.1,195.69,171.53,11.592,10.302,-6.0046,1.524,5,24.16
13.2,196.84,172.56,10.991,10.455,-5.1816,1.0363,5,24.28
13.3,197.94,173.61,10.473,10.558,-6.6142,0.18288,5,24.33
13.4,198.99,174.66,9.8115,10.577,-6.8885,-0.21336,5,24.33
13.5,199.97,175.72,9.1227,10.555,-6.3094,-0.12192,5,24.25
13.6,200.88,176.78,8.4917,10.543,-5.5474,0.06096,5,24.1
13.7,201.73,177.83,7.937,10.549,-4.7244,-0.03048,5,23.9
13.8,202.53,178.89,7.4646,10.546,-4.0843,0.03048,5,23.64
13.9,203.27,179.94,7.0561,10.549,-3.7186,-0.03048,5,23.33
14,203.98,181,6.6843,10.546,-3.7186,-0.06096,5,22.98
14.1,204.65,182.05,6.3124,10.54,-2.1641,0.4572,5,22.6
14.2,205.28,183.1,6.096,10.586,-2.1641,0.51816,5,22.18
14.3,205.89,184.16,5.8796,10.638,-3.7186,-2.9261,5,21.73
14.4,206.48,185.23,5.5077,10.345,-3.5662,-5.9131,5,21.25
14.5,207.03,186.26,5.1511,9.7536,-4.1148,-6.1874,5,20.77
14.6,207.54,187.24,4.7396,9.1349,-1.8898,-7.3152,5,20.3
14.7,208.02,188.15,4.5507,8.4033,-0.3048,-6.2789,5,19.87
14.8,208.47,188.99,4.5202,7.7754,0.39624,-6.4313,5,19.48
14.9,208.92,189.77,4.5598,7.1323,0.18288,-2.8956,5,19.15
15,209.38,190.48,4.5781,6.8428,-0.09144,1.7678,5,18.9
15.1,209.84,191.17,4.569,7.0195,0.03048,1.0668,5,18.67
15.2,210.29,191.87,4.572,7.1262,0.03048,-0.39624,5,18.42
15.3,210.75,192.58,4.575,7.0866,-0.06096,-2.84E-12,5,18.17
15.4,211.21,193.29,4.569,7.0866,0.06096,-2.84E-12,5,17.92
15.5,211.67,194,4.575,7.0866,-0.03048,2.84E-12,5,17.67
15.6,212.12,194.71,4.572,7.0866,-0.03048,-2.84E-12,5,17.41
15.7,212.58,195.41,4.569,7.0866,0.03048,2.84E-12,5,17.17
15.8,213.04,196.12,4.572,7.0866,0,0,5,16.92
15.9,213.49,196.83,4.572,7.0866,0,-2.84E-12,5,16.66
16,213.95,197.54,4.572,7.0866,0,-0.03048,5,16.41
16.1,214.41,198.25,4.572,7.0836,0,0.1524,5,16.16
16.2,214.87,198.96,4.572,7.0988,0,0.3048,5,15.91
16.3,215.32,199.67,4.572,7.1293,0,-0.21336,5,15.65
16.4,215.78,200.38,4.572,7.1079,0,-1.6154,5,15.4
16.5,216.24,201.09,4.572,6.9464,0,-3.048,5,15.15
16.6,216.7,201.79,4.572,6.6416,-0.03048,-3.871,5,14.91
16.7,217.15,202.45,4.569,6.2545,0.06096,-3.109,5,14.7
16.8,217.61,203.08,4.575,5.9436,-0.03048,-1.5545,5,14.53
16.9,218.07,203.67,4.572,5.7882,0,-0.27432,5,14.4
17,218.52,204.25,4.572,5.7607,0,0.36576,5,14.27
17.1,218.98,204.82,4.572,5.7973,0,0.12192,5,14.16
17.2,219.44,205.4,4.572,5.8095,0,-0.03048,5,14.04
17.3,219.9,205.99,4.572,5.8064,0,-5.68E-12,5,13.91
17.4,220.35,206.57,4.572,5.8064,0,2.84E-12,5,13.78
17.5,220.81,207.15,4.572,5.8064,0,0.03048,5,13.66
17.6,221.27,207.73,4.572,5.8095,0,-0.03048,5,13.54
17.7,221.72,208.31,4.572,5.8064,0,-2.84E-12,5,13.41
17.8,222.18,208.89,4.572,5.8064,0,0,5,13.29
17.9,222.64,209.47,4.572,5.8064,0,2.84E-12,5,13.17
18,223.1,210.05,4.572,5.8064,0,2.84E-12,5,13.05
18.1,223.55,210.63,4.572,5.8064,0,-0.09144,5,12.92
18.2,224.01,211.21,4.572,5.7973,-0.03048,0.33528,5,12.8
18.3,224.47,211.79,4.569,5.8308,0.03048,0.4572,5,12.68
18.4,224.92,212.37,4.572,5.8765,0.03048,-0.82296,5,12.55
18.5,225.38,212.96,4.575,5.7942,-0.03048,-3.2614,5,12.42
18.6,225.84,213.54,4.572,5.4681,-0.03048,-4.0234,5,12.3
18.7,226.3,214.09,4.569,5.0658,0.03048,-4.4501,5,12.21
18.8,226.75,214.59,4.572,4.6208,0,-2.5908,5,12.16
18.9,227.21,215.06,4.572,4.3617,0,0.33528,5,12.15
19,227.67,215.49,4.572,4.3952,0,1.3716,5,12.18
19.1,228.12,215.93,4.572,4.5324,0,0.79248,5,12.19
19.2,228.58,216.39,4.572,4.6116,0,-0.24384,5,12.19
19.3,229.04,216.85,4.572,4.5872,0,-0.21336,5,12.19
19.4,229.5,217.31,4.572,4.5659,0,0.06096,5,12.19
19.5,229.95,217.76,4.572,4.572,0,0,5,12.19
19.6,230.41,218.22,4.572,4.572,-0.03048,-0.03048,5,12.19
19.7,230.87,218.68,4.569,4.569,0.03048,0.03048,5,12.19
19.8,231.32,219.13,4.572,4.572,0.03048,0.03048,5,12.19
19.9,231.78,219.59,4.575,4.575,-0.06096,-0.06096,5,12.19
20,232.24,220.05,4.569,4.569,0.06096,0.06096,5,12.19
20.1,232.7,220.5,4.575,4.575,-0.03048,-0.03048,5,12.2
20.2,233.15,220.96,4.572,4.572,-0.06096,-0.03048,5,12.19
20.3,233.61,221.42,4.5659,4.569,0.09144,0.03048,5,12.19
20.4,234.07,221.88,4.575,4.572,0.1524,0,5,12.19
20.5,234.53,222.33,4.5903,4.572,0.06096,0,5,12.2
20.6,234.98,222.79,4.5964,4.572,-0.06096,0,5,12.19
20.7,235.44,223.25,4.5903,4.572,-0.1524,0,5,12.19
20.8,235.9,223.71,4.575,4.572,-0.21336,0.03048,5,12.19
20.9,236.36,224.16,4.5537,4.575,2.84E-12,-0.06096,5,12.2
21,236.82,224.62,4.5537,4.569,0.36576,0.03048,5,12.2
21.1,237.27,225.08,4.5903,4.572,1.0363,0,5,12.19
21.2,237.73,225.53,4.6939,4.572,1.3106,0,5,12.2
21.3,238.2,225.99,4.825,4.572,1.0058,0.03048,5,12.21
21.4,238.68,226.45,4.9256,4.575,0.36576,-0.03048,5,12.23
21.5,239.17,226.91,4.9621,4.572,0,-0.03048,5,12.26
21.6,239.67,227.36,4.9621,4.569,-0.09144,0.06096,5,12.31
21.7,240.17,227.82,4.953,4.575,-0.03048,-0.03048,5,12.35
21.8,240.66,228.28,4.95,4.572,-0.3048,-0.03048,5,12.38
21.9,241.16,228.73,4.9195,4.569,-0.4572,0.03048,5,12.43
22,241.65,229.19,4.8738,4.572,-0.21336,0,5,12.46
22.1,242.14,229.65,4.8524,4.572,0.24384,0,5,12.49
22.2,242.62,230.11,4.8768,4.572,0.42672,0,5,12.51
22.3,243.11,230.56,4.9195,4.572,0.27432,0,5,12.55
22.4,243.6,231.02,4.9469,4.572,0.09144,0,5,12.58
22.5,244.1,231.48,4.956,4.572,0.06096,0,5,12.62
22.6,244.59,231.93,4.9621,4.572,0,0,5,12.66
22.7,245.09,232.39,4.9621,4.572,-0.36576,0,5,12.7
22.8,245.58,232.85,4.9256,4.572,-1.0058,-0.06096,5,12.73
22.9,246.08,233.31,4.825,4.5659,-1.3106,0.12192,5,12.77
23,246.56,233.76,4.6939,4.5781,-1.0973,0.09144,5,12.8
23.1,247.03,234.22,4.5842,4.5872,-0.64008,0.09144,5,12.81
23.2,247.49,234.68,4.5202,4.5964,0.3048,-0.09144,5,12.81
23.3,247.94,235.14,4.5507,4.5872,1.3411,-0.12192,5,12.8
23.4,248.39,235.6,4.6848,4.575,1.4326,-0.06096,5,12.79
23.5,248.86,236.06,4.828,4.569,0.24384,0.06096,5,12.8
23.6,249.35,236.51,4.8524,4.575,-0.9144,-0.09144,5,12.84
23.7,249.83,236.97,4.761,4.5659,-0.18288,-0.33528,5,12.86
23.8,250.31,237.43,4.7427,4.5324,1.8288,0.18288,5,12.88
23.9,250.78,237.88,4.9256,4.5507,2.5298,1.2802,5,12.9
24,251.27,238.33,5.1786,4.6787,1.4021,2.6213,5,12.94
24.1,251.79,238.8,5.3188,4.9408,0.57912,3.3833,5,12.99
24.2,252.32,239.3,5.3767,5.2791,0.97536,2.7127,5,13.02
24.3,252.86,239.82,5.4742,5.5504,2.347,1.2192,5,13.04
24.4,253.41,240.38,5.7089,5.6723,2.5603,-0.1524,5,13.03
24.5,253.98,240.95,5.9649,5.6571,1.4021,-0.73152,5,13.03
24.6,254.58,241.51,6.1051,5.5839,0.3048,-0.33528,5,13.07
24.7,255.19,242.07,6.1356,5.5504,-0.24384,0.24384,5,13.12
24.8,255.8,242.63,6.1112,5.5748,-0.21336,0.48768,5,13.17
24.9,256.41,243.18,6.0899,5.6236,0.06096,0.18288,5,13.23
25,257.02,243.75,6.096,5.6418,0,0.09144,5,13.27
25.1,257.63,244.31,6.096,5.651,-0.03048,0.21336,5,13.32
25.2,258.24,244.88,6.093,5.6723,0.09144,0.24384,5,13.36
25.3,258.85,245.44,6.1021,5.6967,-0.18288,-0.06096,5,13.41
25.4,259.46,246.01,6.0838,5.6906,-0.36576,-1.463,5,13.45
25.5,260.07,246.58,6.0472,5.5443,0.27432,-1.9507,5,13.49
25.6,260.67,247.14,6.0747,5.3492,1.8593,-0.06096,5,13.53
25.7,261.28,247.67,6.2606,5.3431,4.1758,2.3165,5,13.61
25.8,261.91,248.2,6.6782,5.5748,3.5966,3.9624,5,13.71
25.9,262.57,248.76,7.0378,5.971,4.1453,2.9261,5,13.81
26,263.28,249.36,7.4524,6.2636,1.8898,0.21336,5,13.92
26.1,264.02,249.99,7.6413,6.285,0.3048,-0.97536,5,14.03
26.2,264.79,250.61,7.6718,6.1874,-0.39624,-1.0058,5,14.18
26.3,265.55,251.23,7.6322,6.0869,-0.1524,-0.24384,5,14.32
26.4,266.32,251.84,7.617,6.0625,0.03048,0.33528,5,14.48
26.5,267.08,252.45,7.62,6.096,0,0.03048,5,14.63
26.6,267.84,253.06,7.62,6.099,0,-0.03048,5,14.78
26.7,268.6,253.67,7.62,6.096,0,0,5,14.93
26.8,269.36,254.28,7.62,6.096,0,0,5,15.08
26.9,270.13,254.89,7.62,6.096,0,0,5,15.24
27,270.89,255.5,7.62,6.096,0.24384,0,5,15.39
27.1,271.65,256.11,7.6444,6.096,-0.54864,0,5,15.54
27.2,272.42,256.72,7.5895,6.096,-1.2192,0.06096,5,15.7
27.3,273.17,257.32,7.4676,6.1021,0.03048,-0.21336,5,15.85
27.4,273.92,257.94,7.4706,6.0808,2.6213,-0.24384,5,15.98
27.5,274.67,258.54,7.7328,6.0564,4.4196,0.3048,5,16.13
27.6,275.44,259.15,8.1747,6.0869,3.7186,1.3411,5,16.29
27.7,276.26,259.76,8.5466,6.221,4.3282,2.286,5,16.5
27.8,277.11,260.38,8.9794,6.4496,1.8288,2.7737,5,16.73
27.9,278.01,261.02,9.1623,6.7269,0.3048,2.6213,5,16.99
28,278.93,261.7,9.1928,6.9891,-0.36576,2.7737,5,17.23
28.1,279.85,262.4,9.1562,7.2664,-0.12192,2.3165,5,17.45
28.2,280.76,263.12,9.144,7.4981,-0.12192,1.2802,5,17.64
28.3,281.68,263.87,9.1318,7.6261,-0.39624,0.33528,5,17.81
28.4,282.59,264.64,9.0922,7.6596,0.3048,-0.24384,5,17.95
28.5,283.5,265.4,9.1227,7.6352,1.8898,-0.21336,5,18.1
28.6,284.41,266.16,9.3116,7.6139,4.1453,0.06096,5,18.25
28.7,285.34,266.93,9.7262,7.62,3.5662,0,5,18.41
28.8,286.32,267.69,10.083,7.62,4.2062,0,5,18.63
28.9,287.32,268.45,10.503,7.62,2.0726,0,5,18.87
29,288.37,269.21,10.711,7.62,0.42672,0,5,19.16
29.1,289.44,269.97,10.753,7.62,-1.0973,0,5,19.47
29.2,290.52,270.74,10.644,7.62,-1.9812,0.18288,5,19.78
29.3,291.58,271.5,10.445,7.6383,-2.3165,-0.36576,5,20.08
29.4,292.63,272.26,10.214,7.6017,-1.7678,-0.73152,5,20.37
29.5,293.65,273.02,10.037,7.5286,-0.70104,-0.51816,5,20.63
29.6,294.65,273.78,9.967,7.4767,-0.18288,0.03048,5,20.87
29.7,295.65,274.52,9.9487,7.4798,0.1524,1.1582,5,21.13
29.8,296.65,275.27,9.9639,7.5956,0.70104,1.6459,5,21.38
29.9,297.64,276.03,10.034,7.7602,1.8288,2.1641,5,21.61
30,298.65,276.81,10.217,7.9766,2.5298,2.7432,5,21.84
30.1,299.67,277.6,10.47,8.2509,1.7983,2.6213,5,22.07
30.2,300.71,278.43,10.65,8.5131,0.82296,2.7432,5,22.28
30.3,301.78,279.28,10.732,8.7874,0.12192,2.3165,5,22.5
30.4,302.85,280.16,10.744,9.019,-0.54864,1.3106,5,22.69
30.5,303.93,281.06,10.689,9.1501,-1.8898,0.36576,5,22.87
30.6,305,281.98,10.5,9.1867,-4.1758,-0.3048,5,23.02
30.7,306.05,282.89,10.083,9.1562,-3.5357,-0.1524,5,23.16
30.8,307.05,283.81,9.7292,9.141,-4.1758,0,5,23.24
30.9,308.03,284.72,9.3116,9.141,-1.8898,0.03048,5,23.31
31,308.96,285.64,9.1227,9.144,-0.27432,0.06096,5,23.32
31.1,309.87,286.55,9.0952,9.1501,0.33528,-0.21336,5,23.32
31.2,310.78,287.47,9.1288,9.1288,0.21336,-0.33528,5,23.31
31.3,311.69,288.38,9.1501,9.0952,-0.06096,0.4572,5,23.31
31.4,312.61,289.29,9.144,9.141,0.06096,1.8288,5,23.32
31.5,313.52,290.2,9.1501,9.3238,-0.21336,3.0175,5,23.32
31.6,314.44,291.14,9.1288,9.6256,-0.36576,2.9566,5,23.3
31.7,315.35,292.1,9.0922,9.9212,0.3048,1.463,5,23.25
31.8,316.26,293.09,9.1227,10.068,1.8898,0.06096,5,23.17
31.9,317.17,294.1,9.3116,10.074,4.1758,-0.54864,5,23.07
32,318.1,295.11,9.7292,10.019,3.5357,-0.57912,5,22.99
32.1,319.08,296.11,10.083,9.9609,4.1758,-0.03048,5,22.97
32.2,320.08,297.1,10.5,9.9578,1.8898,0.82296,5,22.98
32.3,321.13,298.1,10.689,10.04,0.3048,1.8593,5,23.03
32.4,322.2,299.1,10.72,10.226,-0.39624,2.6213,5,23.1
32.5,323.27,300.13,10.68,10.488,-0.18288,2.0422,5,23.14
32.6,324.34,301.17,10.662,10.692,0.06096,0.09144,5,23.17
32.7,325.41,302.24,10.668,10.702,0,-1.6764,5,23.17
32.8,326.48,303.31,10.668,10.534,0,-2.0422,5,23.17
32.9,327.54,304.37,10.668,10.33,0,-1.3411,5,23.17
33,328.61,305.4,10.668,10.196,0,-0.762,5,23.21
33.1,329.68,306.42,10.668,10.119,0,-1.2497,5,23.26
33.2,330.74,307.43,10.668,9.9944,0,-1.7678,5,23.31
33.3,331.81,308.43,10.668,9.8176,0,-1.2497,5,23.38
33.4,332.88,309.41,10.668,9.6926,0,-0.79248,5,23.47
33.5,333.94,310.38,10.668,9.6134,0,-1.2802,5,23.56
33.6,335.01,311.34,10.668,9.4854,0,-1.8593,5,23.67
33.7,336.08,312.29,10.668,9.2994,0,-1.5545,5,23.79
33.8,337.14,313.22,10.668,9.144,0,-0.42672,5,23.92
33.9,338.21,314.14,10.668,9.1013,0,0.27432,5,24.07
34,339.28,315.05,10.668,9.1288,0,0.21336,5,24.23
34.1,340.34,315.96,10.668,9.1501,0.06096,-0.06096,5,24.38
34.2,341.41,316.87,10.674,9.144,-0.18288,0,5,24.54
34.3,342.48,317.79,10.656,9.144,-0.39624,0,5,24.69
34.4,343.54,318.7,10.616,9.144,0.33528,0,5,24.84
34.5,344.61,319.62,10.65,9.144,1.7983,0.06096,5,24.99
34.6,345.67,320.53,10.83,9.1501,4.4501,-0.21336,5,25.14
34.7,346.75,321.45,11.275,9.1288,3.7186,-0.33528,5,25.3
34.8,347.88,322.36,11.646,9.0952,4.4806,0.27432,5,25.52
34.9,349.05,323.27,12.094,9.1227,0.1524,1.8898,5,25.78
35,350.26,324.18,12.11,9.3116,-4.3586,4.1758,5,26.08
35.1,351.47,325.11,11.674,9.7292,-3.749,3.5357,5,26.36
35.2,352.63,326.09,11.299,10.083,-4.6634,4.2062,5,26.54
35.3,353.76,327.09,10.833,10.503,-1.9812,1.8288,5,26.67
35.4,354.85,328.14,10.634,10.686,-0.70104,0.33528,5,26.71
35.5,355.91,329.21,10.564,10.72,0.70104,-0.39624,5,26.7
35.6,356.97,330.29,10.634,10.68,2.0422,-0.18288,5,26.68
35.7,358.03,331.35,10.839,10.662,4.1453,0.06096,5,26.68
35.8,359.11,332.42,11.253,10.668,3.5662,0,5,26.69
35.9,360.24,333.49,11.61,10.668,4.1453,0,5,26.75
36,361.4,334.55,12.024,10.668,1.8898,0,5,26.85
36.1,362.6,335.62,12.213,10.668,0.27432,0,5,26.98
36.2,363.82,336.69,12.241,10.668,-0.33528,0,5,27.13
36.3,365.05,337.75,12.207,10.668,-0.1524,-0.03048,5,27.3
36.4,366.27,338.82,12.192,10.665,-0.1524,0.12192,5,27.45
36.5,367.49,339.89,12.177,10.677,-0.39624,0.36576,5,27.6
36.6,368.71,340.95,12.137,10.714,0.4572,-0.3048,5,27.76
36.7,369.92,342.03,12.183,10.683,2.0422,-1.6459,5,27.89
36.8,371.14,343.09,12.387,10.519,4.3586,-2.7737,5,28.05
36.9,372.38,344.15,12.823,10.241,3.4442,-2.7127,5,28.23
37,373.66,345.17,13.167,9.97,4.3891,-1.2497,5,28.49
37.1,374.98,346.17,13.606,9.845,2.0422,-5.68E-12,5,28.81
37.2,376.34,347.15,13.81,9.845,0.42672,0.33528,5,29.19
37.3,377.72,348.14,13.853,9.8786,-0.33528,0.4572,5,29.58
37.4,379.1,349.12,13.82,9.9243,-0.27432,0.42672,5,29.98
37.5,380.48,350.12,13.792,9.967,-0.18288,-0.09144,5,30.36
37.6,381.86,351.11,13.774,9.9578,-0.36576,-0.3048,5,30.75
37.7,383.24,352.11,13.737,9.9273,-0.06096,-0.1524,5,31.13
37.8,384.61,353.1,13.731,9.9121,0.33528,0.97536,5,31.51
37.9,385.99,354.09,13.765,10.01,-0.33528,2.2555,5,31.9
38,387.36,355.09,13.731,10.235,-1.7983,2.5603,5,32.27
38.1,388.74,356.12,13.551,10.491,-4.1453,2.1641,5,32.62
38.2,390.09,357.17,13.137,10.708,-3.4442,1.1582,5,32.92
38.3,391.41,358.24,12.792,10.823,-3.9319,0.27432,5,33.17
38.4,392.69,359.32,12.399,10.851,-2.6518,-0.21336,5,33.37
38.5,393.93,360.4,12.134,10.83,-2.3165,-0.12192,5,33.53
38.6,395.14,361.49,11.902,10.817,-3.1699,0.1524,5,33.65
38.7,396.33,362.57,11.585,10.833,-3.7795,-1.14E-11,5,33.76
38.8,397.49,363.65,11.207,10.833,-3.109,-0.39624,5,33.84
38.9,398.61,364.74,10.897,10.793,-2.286,-0.762,5,33.87
39,399.7,365.82,10.668,10.717,-2.1641,-0.67056,5,33.88
39.1,400.76,366.89,10.452,10.65,-3.749,-0.21336,5,33.87
39.2,401.81,367.95,10.077,10.628,-3.5052,0.03048,5,33.86
39.3,402.82,369.01,9.7262,10.631,-4.2062,-0.09144,5,33.81
39.4,403.79,370.08,9.3055,10.622,-1.6764,0.39624,5,33.71
39.5,404.72,371.14,9.1379,10.662,0.06096,1.4021,5,33.58
39.6,405.63,372.21,9.144,10.802,0.06096,2.7737,5,33.42
39.7,406.55,373.29,9.1501,11.079,-1.6764,3.4747,5,33.26
39.8,407.46,374.39,8.9825,11.427,-4.2367,2.7737,5,33.07
39.9,408.36,375.54,8.5588,11.704,-3.5357,1.585,5,32.82
40,409.22,376.71,8.2052,11.863,-4.1758,0.54864,5,32.51
40.1,410.04,377.89,7.7876,11.918,-1.8898,-0.54864,5,32.15
0.1,53.942,0,13.67,13.716,0.27432,-1.24E-13,6,53.942
0.2,55.309,1.3716,13.698,13.716,1.2497,3.55E-14,6,53.9374
0.3,56.679,2.7432,13.823,13.716,0.3048,-3.55E-14,6,53.9358
0.4,58.061,4.1148,13.853,13.716,-3.2918,9.4793,6,53.9462
0.5,59.446,5.4864,13.524,14.664,-3.7186,-0.6096,6,53.9596
0.6,60.799,6.9528,13.152,14.603,-0.42672,-0.42672,6,53.8462
0.7,62.114,8.4131,13.109,14.56,3.7795,-0.82296,6,53.7009
0.8,63.425,9.8691,13.487,14.478,4.4806,0.39624,6,53.5559
0.9,64.774,11.317,13.935,14.518,-1.0668,-0.3048,6,53.457
1,66.167,12.769,13.829,14.487,-6.3094,-1.1582,6,53.398
1.1,67.55,14.217,13.198,14.371,-4.8463,-3.4442,6,53.333
1.2,68.87,15.655,12.713,14.027,-4.9073,-3.2614,6,53.215
1.3,70.141,17.057,12.222,13.701,-5.9131,0.1524,6,53.084
1.4,71.363,18.427,11.631,13.716,-1.9812,1.9507,6,52.936
1.5,72.527,19.799,11.433,13.911,2.0117,1.4326,6,52.728
1.6,73.67,21.19,11.634,14.054,1.8898,-1.1582,6,52.48
1.7,74.833,22.595,11.823,13.939,-0.64008,-2.347,6,52.238
1.8,76.016,23.989,11.759,13.704,-1.585,-0.57912,6,52.027
1.9,77.192,25.36,11.601,13.646,-0.73152,0.36576,6,51.832
2,78.352,26.724,11.528,13.682,0.54864,0.85344,6,51.628
2.1,79.504,28.093,11.582,13.768,0.67056,1.2497,6,51.411
2.2,80.663,29.469,11.649,13.893,-0.39624,1.6764,6,51.194
2.3,81.828,30.859,11.61,14.06,-1.4326,1.5545,6,50.969
2.4,82.989,32.265,11.467,14.216,-2.0422,0.97536,6,50.724
2.5,84.135,33.686,11.262,14.313,-2.4384,0.42672,6,50.449
2.6,85.261,35.118,11.019,14.356,-2.286,0.27432,6,50.143
2.7,86.363,36.553,10.79,14.384,-1.3106,-0.73152,6,49.81
2.8,87.442,37.991,10.659,14.31,-0.33528,-1.524,6,49.451
2.9,88.508,39.423,10.625,14.158,0.3048,-1.2497,6,49.085
3,89.571,40.838,10.656,14.033,0.24384,-1.4326,6,48.733
3.1,90.636,42.242,10.68,13.89,0.12192,-1.8288,6,48.394
3.2,91.704,43.631,10.692,13.707,-0.12192,-3.2004,6,48.073
3.3,92.773,45.001,10.68,13.387,-0.762,-3.0175,6,47.772
3.4,93.842,46.34,10.604,13.085,-1.6154,0.09144,6,47.502
3.5,94.902,47.648,10.442,13.094,-4.0234,2.6213,6,47.254
3.6,95.946,48.958,10.04,13.356,-4.1758,2.5908,6,46.988
3.7,96.95,50.294,9.6225,13.615,-0.97536,-0.42672,6,46.656
3.8,97.912,51.655,9.525,13.573,1.9507,-4.1148,6,46.257
3.9,98.865,53.012,9.7201,13.161,3.0785,-4.6634,6,45.853
4,99.837,54.328,10.028,12.695,1.0058,-2.286,6,45.509
4.1,100.84,55.598,10.129,12.466,-0.51816,1.9812,6,45.242
4.2,101.85,56.845,10.077,12.664,-0.06096,5.2426,6,45.005
4.3,102.86,58.111,10.071,13.189,-0.36576,1.3716,6,44.749
4.4,103.87,59.43,10.034,13.326,-0.51816,-2.8651,6,44.44
4.5,104.87,60.762,9.9822,13.039,-0.33528,-0.97536,6,44.108
4.6,105.87,62.066,9.9487,12.942,0.27432,2.0422,6,43.804
4.7,106.86,63.361,9.9761,13.146,0.4572,4.8768,6,43.499
4.8,107.86,64.675,10.022,13.634,1.42E-12,2.4689,6,43.185
4.9,108.86,66.039,10.022,13.881,0.18288,-1.3106,6,42.821
5,109.87,67.427,10.04,13.75,1.4326,-1.8898,6,42.443
5.1,110.87,68.802,10.183,13.561,2.9566,-3.3833,6,42.068
5.2,111.89,70.158,10.479,13.222,2.6822,-2.5908,6,41.732
5.3,112.94,71.48,10.747,12.963,0.06096,0.18288,6,41.46
5.4,114.01,72.776,10.753,12.981,-2.8042,1.524,6,41.234
5.5,115.09,74.074,10.473,13.134,-3.8405,0.70104,6,41.016
5.6,116.13,75.388,10.089,13.204,-2.3165,-0.64008,6,40.742
5.7,117.14,76.708,9.8572,13.14,0.06096,-1.0668,6,40.432
5.8,118.13,78.022,9.8633,13.033,1.6459,-0.6096,6,40.108
5.9,119.11,79.325,10.028,12.972,1.6154,-1.3716,6,39.785
6,120.12,80.623,10.189,12.835,-0.33528,-2.6518,6,39.497
6.1,121.14,81.906,10.156,12.57,-1.7374,-2.6822,6,39.234
6.2,122.15,83.163,9.9822,12.302,-0.762,-1.4021,6,38.987
6.3,123.15,84.393,9.906,12.162,1.7374,-0.1524,6,38.757
6.4,124.14,85.609,10.08,12.146,4.2977,0.42672,6,38.531
6.5,125.15,86.824,10.51,12.189,3.871,0.06096,6,38.326
6.6,126.2,88.043,10.897,12.195,3.2918,-0.03048,6,38.157
6.7,127.29,89.263,11.226,12.192,1.524,0,6,38.027
6.8,128.41,90.482,11.378,12.192,0.24384,0,6,37.928
6.9,129.55,91.701,11.403,12.192,-0.24384,0,6,37.849
7,130.69,92.92,11.378,12.192,-0.21336,0.79248,6,37.77
7.1,131.83,94.139,11.357,12.271,0.27432,-1.5545,6,37.691
7.2,132.96,95.366,11.384,12.116,0.39624,-3.4138,6,37.594
7.3,134.1,96.578,11.424,11.774,-0.64008,-1.3106,6,37.522
7.4,135.24,97.755,11.36,11.643,-2.225,1.4021,6,37.485
7.5,136.38,98.92,11.137,11.784,-3.0175,3.81,6,37.46
7.6,137.49,100.1,10.836,12.165,-4.0843,1.2192,6,37.39
7.7,138.58,101.31,10.427,12.286,-2.8651,-2.6518,6,37.27
7.8,139.62,102.54,10.141,12.021,0.21336,-3.5052,6,37.08
7.9,140.63,103.75,10.162,11.671,2.1946,-3.6576,6,36.88
8,141.65,104.91,10.381,11.305,2.5298,-1.1887,6,36.74
8.1,142.69,106.04,10.634,11.186,0.73152,1.0668,6,36.65
8.2,143.75,107.16,10.708,11.293,-0.12192,1.0973,6,36.59
8.3,144.82,108.29,10.695,11.403,1.585,-0.6096,6,36.53
8.4,145.89,109.43,10.854,11.342,1.7374,-2.8042,6,36.46
8.5,146.98,110.57,11.028,11.061,0.762,-2.7432,6,36.41
8.6,148.08,111.67,11.104,10.787,-0.762,-1.3411,6,36.41
8.7,149.19,112.75,11.028,10.653,-1.7678,-0.27432,6,36.44
8.8,150.29,113.82,10.851,10.625,-1.5545,0.27432,6,36.47
8.9,151.38,114.88,10.695,10.653,-0.36576,0.12192,6,36.5
9,152.45,115.94,10.659,10.665,0.27432,0.1524,6,36.51
9.1,153.51,117.01,10.686,10.68,-0.1524,0.33528,6,36.5
9.2,154.58,118.08,10.671,10.714,-1.7069,-0.73152,6,36.5
9.3,155.65,119.15,10.5,10.641,-2.4079,-1.6764,6,36.5
9.4,156.7,120.21,10.26,10.473,-1.1278,-1.3716,6,36.49
9.5,157.73,121.26,10.147,10.336,1.3106,0.39624,6,36.47
9.6,158.74,122.29,10.278,10.375,2.1946,2.7737,6,36.45
9.7,159.77,123.33,10.497,10.653,0.762,3.4138,6,36.44
9.8,160.82,124.4,10.574,10.994,-0.9144,2.347,6,36.42
9.9,161.88,125.5,10.482,11.229,-1.0058,1.0058,6,36.38
10,162.92,126.62,10.381,11.329,0.51816,-0.1524,6,36.3
10.1,163.96,127.75,10.433,11.314,1.3716,-0.24384,6,36.21
10.2,165.01,128.88,10.57,11.29,0.9144,0.18288,6,36.13
10.3,166.06,130.01,10.662,11.308,0.18288,-0.09144,6,36.05
10.4,167.13,131.14,10.68,11.299,-0.12192,-0.73152,6,35.99
10.5,168.2,132.27,10.668,11.226,-0.03048,-1.2192,6,35.93
10.6,169.26,133.4,10.665,11.104,-0.03048,-1.585,6,35.86
10.7,170.33,134.51,10.662,10.945,0.18288,-1.4326,6,35.82
10.8,171.4,135.6,10.68,10.802,0.3048,-1.0058,6,35.8
10.9,172.46,136.68,10.711,10.702,-0.4572,0.03048,6,35.78
11,173.53,137.75,10.665,10.705,-1.5545,-1.0363,6,35.78
11.1,174.6,138.82,10.51,10.601,-1.8288,-2.0726,6,35.78
11.2,175.65,139.88,10.327,10.394,-1.2192,-0.82296,6,35.77
11.3,176.68,140.92,10.205,10.311,-0.70104,0.82296,6,35.76
11.4,177.71,141.95,10.135,10.394,-1.9202,2.1641,6,35.76
11.5,178.72,142.99,9.9426,10.61,-3.0175,1.0363,6,35.73
11.6,179.71,144.05,9.6408,10.714,-1.3716,-0.54864,6,35.66
11.7,180.68,145.12,9.5037,10.659,-0.24384,0.03048,6,35.56
11.8,181.63,146.19,9.4793,10.662,-0.4572,2.84E-12,6,35.44
11.9,182.58,147.26,9.4336,10.662,-1.2497,-0.03048,6,35.32
12,183.52,148.32,9.3086,10.659,-1.7374,0.03048,6,35.2
12.1,184.45,149.39,9.1349,10.662,-0.33528,-2.84E-12,6,35.06
12.2,185.36,150.45,9.1013,10.662,0.4572,-0.06096,6,34.91
12.3,186.27,151.52,9.147,10.656,0.36576,0.18288,6,34.75
12.4,187.19,152.59,9.1836,10.674,-0.1524,0.3048,6,34.6
12.5,188.11,153.65,9.1684,10.705,-1.9202,-0.33528,6,34.46
12.6,189.02,154.72,8.9764,10.671,-4.1758,-1.6154,6,34.3
12.7,189.92,155.79,8.5588,10.51,-3.5662,-2.6213,6,34.13
12.8,190.78,156.84,8.2022,10.247,-4.1453,-1.6764,6,33.94
12.9,191.6,157.87,7.7876,10.08,-1.8898,0.70104,6,33.73
13,192.38,158.87,7.5987,10.15,-0.27432,1.7069,6,33.51
13.1,193.14,159.89,7.5712,10.321,0.33528,0.79248,6,33.25
13.2,193.89,160.92,7.6048,10.4,0.21336,-0.79248,6,32.97
13.3,194.65,161.96,7.6261,10.321,-0.06096,-1.0363,6,32.69
13.4,195.42,162.99,7.62,10.217,0,0.6096,6,32.43
13.5,196.18,164.02,7.62,10.278,0,1.7678,6,32.16
13.6,196.94,165.04,7.62,10.455,0,0.97536,6,31.9
13.7,197.7,166.09,7.62,10.552,-0.06096,-0.73152,6,31.61
13.8,198.46,167.14,7.6139,10.479,0.21336,-1.8593,6,31.32
13.9,199.23,168.19,7.6352,10.293,0.33528,-1.3106,6,31.04
14,199.99,169.22,7.6688,10.162,-0.27432,-0.03048,6,30.77
14.1,200.76,170.24,7.6413,10.159,-1.8898,-0.42672,6,30.52
14.2,201.52,171.25,7.4524,10.116,-4.1758,-1.2192,6,30.27
14.3,202.26,172.26,7.0348,9.9944,-3.5357,-0.33528,6,30
14.4,202.97,173.26,6.6812,9.9609,-4.1758,0.85344,6,29.71
14.5,203.64,174.26,6.2636,10.046,-1.8898,0.94488,6,29.38
14.6,204.26,175.26,6.0747,10.141,-0.3048,-1.1887,6,29
14.7,204.87,176.28,6.0442,10.022,0.36576,-3.5966,6,28.59
14.8,205.47,177.28,6.0808,9.6622,0.21336,-3.4747,6,28.19
14.9,206.08,178.25,6.1021,9.3147,-0.06096,-1.8288,6,27.83
15,206.69,179.18,6.096,9.1318,0,-0.39624,6,27.51
15.1,207.3,180.09,6.096,9.0922,0,0.73152,6,27.21
15.2,207.91,181,6.096,9.1653,0,-0.51816,6,26.91
15.3,208.52,181.92,6.096,9.1135,0,-1.524,6,26.6
15.4,209.13,182.83,6.096,8.9611,0,-0.57912,6,26.3
15.5,209.74,183.73,6.096,8.9032,0,0.6096,6,26.01
15.6,210.35,184.62,6.096,8.9642,0,1.4326,6,25.73
15.7,210.96,185.51,6.096,9.1074,0,0.73152,6,25.45
15.8,211.57,186.42,6.096,9.1806,0,-0.36576,6,25.15
15.9,212.18,187.34,6.096,9.144,0,0,6,24.84
16,212.79,188.26,6.096,9.144,0,0,6,24.53
16.1,213.4,189.17,6.096,9.144,0,-0.06096,6,24.23
16.2,214.01,190.08,6.096,9.1379,-0.03048,0.18288,6,23.93
16.3,214.62,191,6.093,9.1562,0.03048,0.36576,6,23.62
16.4,215.23,191.91,6.096,9.1928,0,-0.27432,6,23.32
16.5,215.84,192.83,6.096,9.1653,0,-1.8593,6,23.01
16.6,216.45,193.75,6.096,8.9794,0,-4.2062,6,22.7
16.7,217.06,194.65,6.096,8.5588,-0.06096,-3.5662,6,22.41
16.8,217.67,195.5,6.0899,8.2022,0.48768,-4.1453,6,22.17
16.9,218.27,196.32,6.1387,7.7876,0.27432,-1.8898,6,21.95
17,218.89,197.1,6.1661,7.5987,-2.2555,-0.27432,6,21.79
17.1,219.51,197.86,5.9406,7.5712,-5.334,0.33528,6,21.65
17.2,220.1,198.62,5.4072,7.6048,-4.6025,0.21336,6,21.48
17.3,220.64,199.38,4.9469,7.6261,-4.3586,-0.06096,6,21.26
17.4,221.13,200.14,4.511,7.62,-6.0655,-0.03048,6,20.99
17.5,221.59,200.9,3.9045,7.617,-0.3048,0.03048,6,20.69
17.6,221.98,201.67,3.874,7.62,2.5908,0,6,20.31
17.7,222.36,202.43,4.1331,7.62,2.7432,0.03048,6,19.93
17.8,222.78,203.19,4.4074,7.623,1.585,-0.03048,6,19.59
17.9,223.22,203.95,4.5659,7.62,1.6764,0,6,19.27
18,223.67,204.71,4.7335,7.62,2.5298,0,6,18.96
18.1,224.15,205.48,4.9865,7.62,3.4138,0,6,18.67
18.2,224.65,206.24,5.3279,7.62,3.6576,0,6,18.41
18.3,225.18,207,5.6937,7.62,2.8042,-0.03048,6,18.18
18.4,225.75,207.76,5.9741,7.617,1.4021,0.03048,6,17.99
18.5,226.35,208.52,6.1143,7.62,0.18288,0,6,17.83
18.6,226.96,209.29,6.1326,7.62,-0.18288,0,6,17.67
18.7,227.57,210.05,6.1143,7.62,-0.03048,0,6,17.52
18.8,228.18,210.81,6.1112,7.62,-0.03048,0,6,17.37
18.9,228.79,211.57,6.1082,7.62,-0.42672,0,6,17.22
19,229.4,212.33,6.0655,7.62,0.1524,-0.06096,6,17.07
19.1,230.01,213.1,6.0808,7.6139,1.6764,0.18288,6,16.91
19.2,230.62,213.86,6.2484,7.6322,3.5966,0.3048,6,16.76
19.3,231.24,214.62,6.6081,7.6627,3.9319,-0.36576,6,16.62
19.4,231.9,215.39,7.0013,7.6261,3.5357,-1.2802,6,16.51
19.5,232.6,216.15,7.3548,7.4981,1.4935,-2.347,6,16.45
19.6,233.34,216.9,7.5042,7.2634,-0.09144,-2.7432,6,16.44
19.7,234.09,217.63,7.495,6.9891,-0.51816,-2.6213,6,16.46
19.8,234.84,218.32,7.4432,6.7269,0,-2.7737,6,16.52
19.9,235.58,219,7.4432,6.4496,0.39624,-2.286,6,16.58
20,236.33,219.64,7.4828,6.221,0.24384,-1.3106,6,16.69
20.1,237.08,220.26,7.5072,6.0899,-0.03048,-0.36576,6,16.82
20.2,237.83,220.87,7.5042,6.0533,-0.21336,0.33528,6,16.96
20.3,238.58,221.48,7.4828,6.0869,0.54864,0.06096,6,17.1
20.4,239.33,222.09,7.5377,6.093,1.4326,-0.27432,6,17.24
20.5,240.08,222.7,7.681,6.0655,1.6764,0.39624,6,17.38
20.6,240.85,223.3,7.8486,6.1051,0.64008,1.1887,6,17.55
20.7,241.63,223.91,7.9126,6.224,-0.97536,1.8288,6,17.72
20.8,242.42,224.54,7.8151,6.4069,-1.4326,2.0726,6,17.88
20.9,243.21,225.18,7.6718,6.6142,-0.97536,1.9202,6,18.03
21,243.97,225.84,7.5743,6.8062,-0.27432,1.4021,6,18.13
21.1,244.73,226.52,7.5468,6.9464,0.64008,0.79248,6,18.21
21.2,245.48,227.21,7.6109,7.0256,1.4326,0.06096,6,18.27
21.3,246.25,227.92,7.7541,7.0317,2.5298,0.06096,6,18.33
21.4,247.02,228.62,8.0071,7.0378,2.3165,0.18288,6,18.4
21.5,247.82,229.32,8.2387,7.0561,1.0973,-0.9144,6,18.5
21.6,248.65,230.03,8.3485,6.9647,0.67056,-1.9202,6,18.62
21.7,249.48,230.72,8.4155,6.7727,1.0973,-2.225,6,18.76
21.8,250.32,231.4,8.5253,6.5502,2.347,-1.4021,6,18.92
21.9,251.17,232.06,8.76,6.4099,2.5298,0.27432,6,19.11
22,252.05,232.7,9.0129,6.4374,1.4021,0.88392,6,19.35
22.1,252.95,233.34,9.1531,6.5258,0.3048,0.67056,6,19.61
22.2,253.87,233.99,9.1836,6.5928,-0.27432,0.21336,6,19.88
22.3,254.79,234.65,9.1562,6.6142,-0.1524,-0.12192,6,20.14
22.4,255.7,235.32,9.141,6.602,0.03048,0.27432,6,20.38
22.5,256.62,235.98,9.144,6.6294,0,0.42672,6,20.64
22.6,257.53,236.64,9.144,6.6721,0,0.09144,6,20.89
22.7,258.44,237.31,9.144,6.6812,0.06096,-0.6096,6,21.13
22.8,259.36,237.97,9.1501,6.6203,-0.21336,-1.4021,6,21.39
22.9,260.27,238.64,9.1288,6.48,-0.27432,-2.286,6,21.63
23,261.19,239.28,9.1013,6.2514,0.42672,-1.8288,6,21.91
23.1,262.1,239.91,9.144,6.0686,1.5545,0.6096,6,22.19
23.2,263.01,240.52,9.2994,6.1295,2.0726,1.4935,6,22.49
23.3,263.94,241.13,9.5067,6.2789,0.79248,-0.18288,6,22.81
23.4,264.89,241.76,9.586,6.2606,-0.12192,-2.8651,6,23.13
23.5,265.85,242.38,9.5738,5.9741,1.2802,-4.4196,6,23.47
23.6,266.81,242.98,9.7018,5.5321,3.5052,-3.6576,6,23.83
23.7,267.78,243.53,10.052,5.1664,4.1758,-0.94488,6,24.25
23.8,268.78,244.05,10.47,5.0719,2.3165,1.7983,6,24.73
23.9,269.83,244.56,10.702,5.2517,0.18288,3.9929,6,25.27
24,270.9,245.08,10.72,5.651,-0.36576,3.4138,6,25.82
24.1,271.97,245.65,10.683,5.9924,-0.21336,1.1887,6,26.32
24.2,273.04,246.25,10.662,6.1112,0.09144,-0.39624,6,26.79
24.3,274.11,246.86,10.671,6.0716,-0.1524,0.03048,6,27.25
24.4,275.17,247.46,10.656,6.0747,-0.39624,1.8593,6,27.71
24.5,276.24,248.07,10.616,6.2606,0.3048,4.2062,6,28.17
24.6,277.3,248.7,10.647,6.6812,1.8593,3.5357,6,28.6
24.7,278.37,249.37,10.833,7.0348,4.2062,4.2672,6,29
24.8,279.45,250.07,11.253,7.4615,3.5052,1.6154,6,29.38
24.9,280.57,250.82,11.604,7.623,4.2367,-0.03048,6,29.75
25,281.73,251.58,12.027,7.62,1.8898,0.18288,6,30.15
25.1,282.94,252.34,12.216,7.6383,0.24384,1.9507,6,30.6
25.2,284.16,253.1,12.241,7.8334,-0.39624,3.6881,6,31.06
25.3,285.38,253.89,12.201,8.2022,-0.18288,3.2004,6,31.49
25.4,286.6,254.71,12.183,8.5222,-0.1524,0.6096,6,31.89
25.5,287.82,255.56,12.168,8.5832,-0.48768,-1.8288,6,32.26
25.6,289.04,256.42,12.119,8.4003,0.21336,-2.8346,6,32.62
25.7,290.25,257.26,12.14,8.1168,2.2555,-1.8593,6,32.99
25.8,291.46,258.07,12.366,7.9309,3.9929,-0.39624,6,33.39
25.9,292.7,258.86,12.765,7.8913,3.2004,0.24384,6,33.84
26,293.98,259.65,13.085,7.9157,-0.12192,0.09144,6,34.33
26.1,295.29,260.44,13.073,7.9248,-3.2918,-0.33528,6,34.85
26.2,296.59,261.24,12.744,7.8913,-3.7186,0.03048,6,35.35
26.3,297.87,262.03,12.372,7.8943,-1.9812,0.97536,6,35.84
26.4,299.1,262.81,12.174,7.9919,-0.3048,2.347,6,36.29
26.5,300.32,263.61,12.143,8.2266,0.33528,3.2918,6,36.71
26.6,301.54,264.44,12.177,8.5557,0.21336,1.9812,6,37.1
26.7,302.75,265.29,12.198,8.7539,-0.06096,0.12192,6,37.46
26.8,303.97,266.17,12.192,8.766,0,-0.27432,6,37.8
26.9,305.19,267.04,12.192,8.7386,0,0.06096,6,38.15
27,306.41,267.92,12.192,8.7447,0,0.57912,6,38.49
27.1,307.63,268.79,12.192,8.8026,0,-0.06096,6,38.84
27.2,308.85,269.67,12.192,8.7965,0,0.09144,6,39.18
27.3,310.07,270.55,12.192,8.8057,0,2.7432,6,39.52
27.4,311.29,271.43,12.192,9.08,0,4.6025,6,39.86
27.5,312.51,272.34,12.192,9.5402,-0.06096,3.7186,6,40.17
27.6,313.73,273.29,12.186,9.9121,0.18288,4.6025,6,40.44
27.7,314.95,274.29,12.204,10.372,0.3048,2.7432,6,40.66
27.8,316.17,275.32,12.235,10.647,-0.36576,1.0058,6,40.85
27.9,317.39,276.39,12.198,10.747,-1.2802,-0.4572,6,41
28,318.61,277.46,12.07,10.702,-2.347,-1.9507,6,41.15
28.1,319.82,278.53,11.835,10.506,-2.7432,-4.1148,6,41.29
28.2,321,279.58,11.561,10.095,-2.6213,-4.572,6,41.42
28.3,322.16,280.59,11.299,9.6378,-2.7432,-1.7678,6,41.57
28.4,323.29,281.56,11.025,9.461,-2.347,2.1031,6,41.73
28.5,324.39,282.5,10.79,9.6713,-1.2802,4.572,6,41.89
28.6,325.47,283.47,10.662,10.129,-0.33528,3.6576,6,42
28.7,326.53,284.48,10.628,10.494,0.24384,1.0363,6,42.05
28.8,327.6,285.53,10.653,10.598,0.27432,-0.57912,6,42.07
28.9,328.66,286.59,10.68,10.54,-0.27432,-0.82296,6,42.07
29,329.73,287.65,10.653,10.458,-0.27432,-0.27432,6,42.08
29.1,330.8,288.69,10.625,10.43,0.39624,-0.09144,6,42.11
29.2,331.86,289.73,10.665,10.421,1.6459,0.03048,6,42.13
29.3,332.92,290.78,10.83,10.424,2.4079,0.3048,6,42.14
29.4,334.01,291.82,11.07,10.455,1.0058,0.762,6,42.19
29.5,335.11,292.86,11.171,10.531,-1.463,0.85344,6,42.25
29.6,336.23,293.92,11.025,10.616,-2.0117,0.57912,6,42.31
29.7,337.33,294.98,10.823,10.674,-0.36576,0.09144,6,42.35
29.8,338.42,296.05,10.787,10.683,2.347,-0.09144,6,42.37
29.9,339.49,297.12,11.022,10.674,2.987,-0.06096,6,42.37
30,340.6,298.18,11.32,10.668,0.97536,0,6,42.42
30.1,341.73,299.25,11.418,10.668,-0.762,-0.03048,6,42.48
30.2,342.87,300.32,11.342,10.665,-1.1582,0.03048,6,42.55
30.3,344,301.38,11.226,10.668,0,0,6,42.62
30.4,345.13,302.45,11.226,10.668,1.0363,0.03048,6,42.68
30.5,346.25,303.52,11.329,10.671,0.6096,-0.03048,6,42.73
30.6,347.38,304.58,11.39,10.668,0.85344,0,6,42.8
30.7,348.52,305.65,11.476,10.668,0.94488,0,6,42.87
30.8,349.67,306.72,11.57,10.668,0.88392,0,6,42.95
30.9,350.83,307.78,11.659,10.668,0.57912,0,6,43.05
31,351.99,308.85,11.717,10.668,-0.09144,0,6,43.14
31.1,353.16,309.92,11.707,10.668,0.1524,0,6,43.24
31.2,354.33,310.98,11.723,10.668,-0.3048,0,6,43.35
31.3,355.51,312.05,11.692,10.668,-1.4021,0,6,43.46
31.4,356.68,313.12,11.552,10.668,-2.225,0,6,43.56
31.5,357.83,314.18,11.329,10.668,-2.9261,0,6,43.65
31.6,358.96,315.25,11.037,10.668,-2.5908,0,6,43.71
31.7,360.07,316.32,10.778,10.668,-1.6154,0,6,43.75
31.8,361.15,317.39,10.616,10.668,0.06096,0,6,43.76
31.9,362.21,318.45,10.622,10.668,1.7678,0,6,43.76
32,363.27,319.52,10.799,10.668,2.6518,0,6,43.75
32.1,364.35,320.59,11.064,10.668,2.4079,0,6,43.76
32.2,365.46,321.65,11.305,10.668,1.9202,0,6,43.81
32.3,366.59,322.72,11.497,10.668,2.1641,0,6,43.87
32.4,367.74,323.79,11.713,10.668,2.1031,0,6,43.95
32.5,368.91,324.85,11.924,10.668,1.463,0,6,44.06
32.6,370.1,325.92,12.07,10.668,0.54864,0.06096,6,44.18
32.7,371.31,326.99,12.125,10.674,-0.64008,-0.21336,6,44.32
32.8,372.52,328.05,12.061,10.653,-1.7374,-0.27432,6,44.47
32.9,373.73,329.12,11.887,10.625,-2.7432,0.36576,6,44.61
33,374.91,330.18,11.613,10.662,-2.7432,1.3106,6,44.73
33.1,376.08,331.25,11.339,10.793,-1.463,2.7127,6,44.83
33.2,377.21,332.33,11.192,11.064,-0.67056,2.7127,6,44.88
33.3,378.33,333.43,11.125,11.336,-0.94488,0.85344,6,44.9
33.4,379.44,334.57,11.031,11.421,-1.7678,-0.88392,6,44.87
33.5,380.54,335.71,10.854,11.332,-2.347,-1.6764,6,44.83
33.6,381.63,336.84,10.619,11.165,-1.524,-0.33528,6,44.79
33.7,382.69,337.96,10.467,11.131,0.73152,1.9812,6,44.73
33.8,383.74,339.07,10.54,11.329,4.511,2.4689,6,44.67
33.9,384.79,340.2,10.991,11.576,4.2367,1.0363,6,44.59
34,385.89,341.36,11.415,11.68,4.1453,-1.0363,6,44.53
34.1,387.03,342.53,11.829,11.576,4.2367,-2.286,6,44.5
34.2,388.22,343.69,12.253,11.348,0.94488,-1.0973,6,44.53
34.3,389.44,344.82,12.347,11.238,-0.27432,1.0363,6,44.62
34.4,390.68,345.95,12.32,11.342,0.06096,1.8593,6,44.73
34.5,391.91,347.08,12.326,11.528,0.36576,1.3411,6,44.83
34.6,393.14,348.23,12.363,11.662,-0.18288,0.3048,6,44.91
34.7,394.38,349.4,12.344,11.692,-0.33528,0.33528,6,44.98
34.8,395.61,350.57,12.311,11.726,-0.64008,1.2497,6,45.04
34.9,396.84,351.74,12.247,11.851,-0.6096,0.79248,6,45.1
35,398.07,352.93,12.186,11.93,-0.39624,-0.88392,6,45.14
35.1,399.29,354.12,12.146,11.841,0.3048,-2.8651,6,45.17
35.2,400.5,355.3,12.177,11.555,0.51816,-2.987,6,45.2
35.3,401.72,356.46,12.229,11.256,-0.24384,-1.0363,6,45.26
35.4,402.94,357.58,12.204,11.153,-1.7374,1.585,6,45.36
35.5,404.16,358.7,12.03,11.311,-2.3774,3.6271,6,45.46
35.6,405.36,359.83,11.793,11.674,-1.1278,3.4747,6,45.53
35.7,406.54,361,11.68,12.021,1.1278,1.7374,6,45.54
35.8,407.71,362.2,11.793,12.195,2.3774,0.33528,6,45.51
35.9,408.89,363.42,12.03,12.229,1.6459,-0.1524,6,45.47
36,410.09,364.64,12.195,12.213,0.39624,0.42672,6,45.45
36.1,411.31,365.86,12.235,12.256,-0.24384,1.3106,6,45.45
36.2,412.54,367.09,12.21,12.387,-0.36576,1.7678,6,45.45
36.3,413.76,368.33,12.174,12.564,-0.24384,1.6764,6,45.43
36.4,414.98,369.59,12.149,12.731,0.36576,1.0058,6,45.39
36.5,416.19,370.86,12.186,12.832,1.2802,0.06096,6,45.33
36.6,417.41,372.14,12.314,12.838,2.347,-1.0363,6,45.27
36.7,418.64,373.43,12.549,12.735,2.5603,-1.6764,6,45.21
36.8,419.89,374.7,12.805,12.567,2.987,-1.2497,6,45.19
36.9,421.18,375.96,13.103,12.442,3.5662,-0.24384,6,45.22
37,422.49,377.2,13.46,12.418,2.4384,-0.51816,6,45.29
37.1,423.83,378.44,13.704,12.366,0.70104,-1.3716,6,45.39
37.2,425.2,379.68,13.774,12.229,-0.03048,-1.0363,6,45.52
37.3,426.58,380.9,13.771,12.125,1.0363,2.1031,6,45.68
37.4,427.96,382.11,13.874,12.335,2.347,4.3282,6,45.85
37.5,429.34,383.35,14.109,12.768,1.1887,4.7244,6,45.99
37.6,430.75,384.62,14.228,13.241,-1.1278,0.94488,6,46.13
37.7,432.18,385.95,14.115,13.335,-2.3774,-1.8288,6,46.23
37.8,433.59,387.28,13.878,13.152,-1.585,-2.5908,6,46.31
37.9,434.98,388.6,13.719,12.893,-0.57912,-2.225,6,46.38
38,436.35,389.89,13.661,12.671,-0.09144,-1.5545,6,46.46
38.1,437.72,391.15,13.652,12.515,0.54864,-5.68E-12,6,46.57
38.2,439.08,392.4,13.707,12.515,1.8593,2.1641,6,46.68
38.3,440.45,393.66,13.893,12.731,3.2309,2.6213,6,46.79
38.4,441.84,394.93,14.216,12.994,3.5357,0.36576,6,46.91
38.5,443.26,396.23,14.569,13.03,2.286,-1.3106,6,47.03
38.6,444.72,397.53,14.798,12.899,-0.03048,-0.39624,6,47.19
38.7,446.2,398.82,14.795,12.86,-2.3165,1.3716,6,47.38
38.8,447.68,400.11,14.563,12.997,-3.9014,1.6154,6,47.57
38.9,449.13,401.41,14.173,13.158,-2.9566,1.4021,6,47.72
39,450.55,402.72,13.878,13.298,0.1524,1.0973,6,47.83
39.1,451.94,404.05,13.893,13.408,2.4994,-0.24384,6,47.89
39.2,453.33,405.39,14.143,13.384,2.8956,-2.1946,6,47.94
39.3,454.74,406.73,14.432,13.164,1.4326,-2.7127,6,48.01
39.4,456.19,408.05,14.576,12.893,-0.33528,-0.3048,6,48.14
39.5,457.64,409.34,14.542,12.863,-2.4689,2.9566,6,48.3
39.6,459.1,410.62,14.295,13.158,-3.5662,3.6881,6,48.48
39.7,460.53,411.94,13.939,13.527,-1.9812,2.0726,6,48.59
39.8,461.92,413.29,13.74,13.734,1.1887,0.3048,6,48.63
39.9,463.3,414.67,13.859,13.765,3.9929,-0.36576,6,48.63
40,464.68,416.04,14.259,13.728,3.3223,-0.18288,6,48.64
40.1,466.11,417.42,14.591,13.71,0,0.06096,6,48.69
40.2,467.57,418.79,14.591,13.716,-3.6271,-0.18288,6,48.78
40.3,469.03,420.16,14.228,13.698,-4.4806,0.36576,6,48.87
40.4,470.45,421.53,13.78,13.734,-3.81,0.762,6,48.92
40.5,471.83,422.9,13.399,13.81,-4.7854,0.27432,6,48.93
40.6,473.17,424.28,12.92,13.838,-2.0422,-0.27432,6,48.89
40.7,474.46,425.67,12.716,13.81,-0.24384,-0.762,6,48.79
40.8,475.73,427.05,12.692,13.734,0.42672,-0.36576,6,48.68
40.9,477,428.42,12.735,13.698,0.18288,0.18288,6,48.58
41,478.27,429.79,12.753,13.716,-0.06096,0,6,48.48
41.1,479.55,431.16,12.747,13.716,-0.33528,0,6,48.39
41.2,480.82,432.53,12.713,13.716,-0.12192,0,6,48.29
41.3,482.09,433.9,12.701,13.716,1.0668,0,6,48.19
41.4,483.36,435.28,12.808,13.716,2.4689,0,6,48.08
41.5,484.64,436.65,13.055,13.716,3.048,0,6,47.99
41.6,485.95,438.02,13.359,13.716,2.286,0,6,47.93
41.7,487.29,439.39,13.588,13.716,1.0668,-0.06096,6,47.9
41.8,488.64,440.76,13.695,13.71,-0.36576,0.18288,6,47.88
41.9,490.01,442.13,13.658,13.728,1.3716,0.3048,6,47.88
42,491.38,443.51,13.795,13.759,2.6822,-0.42672,6,47.87
42.1,492.76,444.88,14.063,13.716,0.54864,-1.4935,6,47.88
42.2,494.17,446.25,14.118,13.567,-2.6213,-2.0422,6,47.92
42.3,495.58,447.61,13.856,13.362,-4.0538,-1.524,6,47.97
42.4,496.96,448.95,13.451,13.21,-4.2367,-0.73152,6,48.01
42.5,498.31,450.27,13.027,13.137,-2.0726,-0.06096,6,48.04
42.6,499.61,451.58,12.82,13.131,-2.7432,1.1887,6,48.03
42.7,500.89,452.89,12.546,13.25,-2.3165,3.7795,6,48
42.8,502.15,454.22,12.314,13.628,-1.2802,4.2977,6,47.93
42.9,503.38,455.58,12.186,14.057,-0.36576,2.6822,6,47.8
43,504.6,456.99,12.149,14.326,0.27432,-1.1278,6,47.61
43.1,505.81,458.42,12.177,14.213,0.21336,-1.9812,6,47.39
43.2,507.03,459.84,12.198,14.015,-0.1524,1.1582,6,47.19
43.3,508.25,461.24,12.183,14.131,0.21336,3.2309,6,47.01
43.4,509.47,462.66,12.204,14.454,0.33528,1.463,6,46.81
43.5,510.69,464.1,12.238,14.6,0.4572,-1.6764,6,46.59
43.6,511.91,465.56,12.283,14.432,-5.3035,-2.4384,6,46.35
43.7,513.14,467.01,11.753,14.188,-4.0843,-0.79248,6,46.13
43.8,514.32,468.42,11.345,14.109,-4.572,-0.64008,6,45.9
0.1,30.203,0,12.192,13.158,-3.55E-13,3.6271,7,30.203
0.2,31.422,1.3158,12.192,13.521,3.55E-13,2.1336,7,30.1062
0.3,32.641,2.6679,12.192,13.734,0,0.3048,7,29.9731
0.4,33.86,4.0413,12.192,13.765,-0.03048,-0.24384,7,29.8187
0.5,35.079,5.4178,12.189,13.74,0.06096,0.21336,7,29.6612
0.6,36.298,6.7919,12.195,13.762,-0.06096,0.06096,7,29.5061
0.7,37.518,8.168,12.189,13.768,0.03048,-3.4138,7,29.35
0.8,38.737,9.5448,12.192,13.426,0,-4.2977,7,29.1922
0.9,39.956,10.887,12.192,12.997,0,-3.9624,7,29.069
1,41.175,12.187,12.192,12.6,0,-4.1453,7,28.988
1.1,42.394,13.447,12.192,12.186,0,-0.4572,7,28.947
1.2,43.614,14.666,12.192,12.14,-7.11E-13,0.33528,7,28.948
1.3,44.833,15.88,12.192,12.174,7.11E-13,0.06096,7,28.953
1.4,46.052,17.097,12.192,12.18,0,0.1524,7,28.955
1.5,47.271,18.315,12.192,12.195,0,-0.03048,7,28.956
1.6,48.49,19.535,12.192,12.192,-0.03048,0,7,28.955
1.7,49.71,20.754,12.189,12.192,0.03048,0,7,28.956
1.8,50.928,21.973,12.192,12.192,7.11E-13,0,7,28.955
1.9,52.148,23.192,12.192,12.192,0.03048,0,7,28.956
2,53.367,24.411,12.195,12.192,-0.12192,-3.55E-13,7,28.956
2.1,54.586,25.631,12.183,12.192,-0.1524,3.55E-13,7,28.955
2.2,55.805,26.85,12.168,12.192,0.18288,0,7,28.955
2.3,57.021,28.069,12.186,12.192,1.0058,0,7,28.952
2.4,58.24,29.288,12.286,12.192,2.0422,0,7,28.952
2.5,59.469,30.507,12.491,12.192,2.3774,-3.55E-13,7,28.962
2.6,60.718,31.727,12.728,12.192,1.5545,3.55E-13,7,28.991
2.7,61.991,32.946,12.884,12.192,0.4572,0,7,29.045
2.8,63.279,34.165,12.93,12.192,-0.12192,0,7,29.114
2.9,64.572,35.384,12.917,12.192,0.24384,0,7,29.188
3,65.864,36.603,12.942,12.192,0.48768,-0.03048,7,29.261
3.1,67.158,37.823,12.991,12.189,-0.54864,0.06096,7,29.335
3.2,68.457,39.042,12.936,12.195,-1.9812,-0.06096,7,29.415
3.3,69.75,40.261,12.738,12.189,-2.8956,0.03048,7,29.489
3.4,71.024,41.48,12.448,12.192,-2.4079,0,7,29.544
3.5,72.269,42.699,12.207,12.192,-0.42672,0,7,29.57
3.6,73.49,43.918,12.165,12.192,1.524,-7.11E-13,7,29.572
3.7,74.706,45.138,12.317,12.192,1.463,7.11E-13,7,29.568
3.8,75.938,46.357,12.463,12.192,-0.9144,0,7,29.581
3.9,77.184,47.576,12.372,12.192,-3.0785,0,7,29.608
4,78.421,48.795,12.064,12.192,-2.8651,-0.03048,7,29.626
4.1,79.628,50.014,11.777,12.189,-1.585,0.06096,7,29.614
4.2,80.806,51.233,11.619,12.195,-1.7983,-0.06096,7,29.573
4.3,81.967,52.453,11.439,12.189,-2.6822,0.03048,7,29.514
4.4,83.111,53.672,11.171,12.192,-2.0726,0,7,29.439
4.5,84.228,54.891,10.964,12.192,0.36576,-0.06096,7,29.337
4.6,85.325,56.11,11,12.186,2.8042,0.06096,7,29.215
4.7,86.425,57.329,11.281,12.192,2.7432,0.64008,7,29.096
4.8,87.553,58.548,11.555,12.256,1.3716,1.4935,7,29.005
4.9,88.708,59.773,11.692,12.405,0.27432,1.9507,7,28.935
5,89.878,61.014,11.72,12.6,-0.12192,1.2497,7,28.864
5.1,91.05,62.274,11.707,12.725,0.09144,0.1524,7,28.776
5.2,92.22,63.547,11.717,12.741,-0.36576,-0.33528,7,28.673
5.3,93.392,64.821,11.68,12.707,-1.2802,0.21336,7,28.571
5.4,94.56,66.091,11.552,12.728,-1.6154,1.1278,7,28.469
5.5,95.715,67.364,11.39,12.841,-1.1887,0.1524,7,28.351
5.6,96.854,68.648,11.272,12.856,-0.88392,-3.0175,7,28.206
5.7,97.981,69.934,11.183,12.555,-1.4935,-4.2977,7,28.047
5.8,99.1,71.189,11.034,12.125,-2.1641,-4.8158,7,27.911
5.9,100.2,72.402,10.817,11.643,-1.585,-2.1946,7,27.798
6,101.28,73.566,10.659,11.424,-0.33528,2.4689,7,27.714
6.1,102.35,74.709,10.625,11.671,0.3048,3.3528,7,27.641
6.2,103.41,75.876,10.656,12.006,0.1524,0.67056,7,27.534
6.3,104.48,77.076,10.671,12.073,-0.03048,-2.2555,7,27.404
6.4,105.55,78.284,10.668,11.848,0,-1.6154,7,27.266
6.5,106.61,79.468,10.668,11.686,0,1.0058,7,27.142
6.6,107.68,80.637,10.668,11.787,0,2.4384,7,27.043
6.7,108.75,81.816,10.668,12.03,0,1.6764,7,26.934
6.8,109.81,83.019,10.668,12.198,0,0.36576,7,26.791
6.9,110.88,84.238,10.668,12.235,0.09144,-0.27432,7,26.642
7,111.95,85.462,10.677,12.207,-4.26E-12,-0.21336,7,26.488
7.1,113.01,86.683,10.677,12.186,-0.24384,2.84E-12,7,26.327
7.2,114.08,87.901,10.653,12.186,-0.6096,0.21336,7,26.179
7.3,115.15,89.12,10.592,12.207,-0.82296,0.24384,7,26.03
7.4,116.21,90.341,10.51,12.232,-0.6096,-0.33528,7,25.869
7.5,117.26,91.564,10.449,12.198,-0.24384,-1.0973,7,25.696
7.6,118.3,92.784,10.424,12.088,-0.06096,-2.7127,7,25.516
7.7,119.34,93.992,10.418,11.817,0.03048,-3.5662,7,25.348
7.8,120.39,95.174,10.421,11.46,0.27432,-2.9261,7,25.216
7.9,121.43,96.32,10.449,11.168,0.79248,-2.4689,7,25.11
8,122.47,97.437,10.528,10.921,0.88392,-1.463,7,25.033
8.1,123.53,98.529,10.616,10.775,0.54864,-0.97536,7,25.001
8.2,124.59,99.607,10.671,10.677,0.12192,-0.48768,7,24.983
8.3,125.66,100.67,10.683,10.628,-0.1524,0.24384,7,24.99
8.4,126.72,101.74,10.668,10.653,0.12192,0.21336,7,24.98
8.5,127.79,102.8,10.68,10.674,0.39624,-0.09144,7,24.99
8.6,128.86,103.87,10.72,10.665,-0.33528,0.03048,7,24.99
8.7,129.93,104.94,10.686,10.668,-1.8288,0,7,24.99
8.8,131,106,10.503,10.668,-4.2062,0,7,25
8.9,132.05,107.07,10.083,10.668,-3.5357,0,7,24.98
9,133.06,108.14,9.7292,10.668,-4.2062,0.06096,7,24.92
9.1,134.03,109.2,9.3086,10.674,-1.8288,-0.21336,7,24.83
9.2,134.96,110.27,9.1257,10.653,-0.3048,-0.27432,7,24.69
9.3,135.87,111.34,9.0952,10.625,0.33528,0.48768,7,24.53
9.4,136.78,112.4,9.1288,10.674,0.21336,1.7069,7,24.38
9.5,137.7,113.47,9.1501,10.845,-0.06096,2.1031,7,24.23
9.6,138.61,114.55,9.144,11.055,0,0.42672,7,24.06
9.7,139.53,115.66,9.144,11.098,0,-2.1641,7,23.87
9.8,140.44,116.77,9.144,10.881,0,-3.109,7,23.67
9.9,141.35,117.85,9.144,10.57,0,-2.1031,7,23.5
10,142.27,118.91,9.144,10.36,0,-0.36576,7,23.36
10.1,143.18,119.95,9.144,10.324,0,0.762,7,23.23
10.2,144.1,120.98,9.144,10.4,-2.84E-12,1.0668,7,23.12
10.3,145.01,122.02,9.144,10.506,2.84E-12,0.97536,7,22.99
10.4,145.93,123.07,9.144,10.604,0,0.67056,7,22.86
10.5,146.84,124.13,9.144,10.671,-0.06096,0.1524,7,22.71
10.6,147.76,125.2,9.1379,10.686,0.21336,-0.1524,7,22.56
10.7,148.67,126.27,9.1592,10.671,0.27432,-7.11E-12,7,22.4
10.8,149.58,127.33,9.1867,10.671,-0.39624,-0.06096,7,22.25
10.9,150.5,128.4,9.147,10.665,-1.6764,0.03048,7,22.1
11,151.42,129.47,8.9794,10.668,-2.3165,0.03048,7,21.95
11.1,152.32,130.53,8.7478,10.671,-1.2192,-0.03048,7,21.79
11.2,153.19,131.6,8.6258,10.668,1.3411,0,7,21.59
11.3,154.05,132.67,8.76,10.668,2.7127,0,7,21.38
11.4,154.93,133.73,9.0312,10.668,1.3716,0,7,21.2
11.5,155.83,134.8,9.1684,10.668,-1.463,0,7,21.03
11.6,156.75,135.87,9.0221,10.668,-4.6025,0,7,20.88
11.7,157.65,136.93,8.5618,10.668,-3.5357,0,7,20.72
11.8,158.51,138,8.2083,10.668,-4.2062,-0.06096,7,20.51
11.9,159.33,139.07,7.7876,10.662,-1.8898,0.18288,7,20.26
12,160.11,140.13,7.5987,10.68,-0.3048,0.39624,7,19.98
12.1,160.87,141.2,7.5682,10.72,0.39624,-0.3048,7,19.67
12.2,161.62,142.27,7.6078,10.689,0.18288,-1.8898,7,19.35
12.3,162.38,143.34,7.6261,10.5,-0.06096,-4.1453,7,19.04
12.4,163.15,144.39,7.62,10.086,0,-3.5966,7,18.76
12.5,163.91,145.4,7.62,9.7262,0,-4.1453,7,18.51
12.6,164.67,146.37,7.62,9.3116,0,-1.8898,7,18.3
12.7,165.43,147.31,7.62,9.1227,-0.03048,-0.3048,7,18.12
12.8,166.2,148.22,7.617,9.0922,0.03048,0.39624,7,17.98
12.9,166.96,149.13,7.62,9.1318,0.03048,0.1524,7,17.83
13,167.72,150.04,7.623,9.147,-0.06096,-0.03048,7,17.68
13.1,168.48,150.96,7.617,9.144,0.06096,0,7,17.52
13.2,169.24,151.87,7.623,9.144,-0.03048,0,7,17.37
13.3,170.01,152.78,7.62,9.144,-0.06096,0,7,17.23
13.4,170.77,153.7,7.6139,9.144,0.18288,0,7,17.07
13.5,171.53,154.61,7.6322,9.144,0.27432,0,7,16.92
13.6,172.29,155.53,7.6596,9.144,-0.09144,0.03048,7,16.76
13.7,173.06,156.44,7.6505,9.147,-1.463,-0.03048,7,16.62
13.8,173.82,157.36,7.5042,9.144,-4.2062,-0.06096,7,16.46
13.9,174.57,158.27,7.0836,9.1379,-3.5052,0.21336,7,16.3
14,175.28,159.18,6.733,9.1592,-4.5415,0.33528,7,16.1
14.1,175.96,160.1,6.2789,9.1928,-1.9812,-0.27432,7,15.86
14.2,176.58,161.02,6.0808,9.1653,0.06096,-1.8898,7,15.56
14.3,177.19,161.94,6.0869,8.9764,0.03048,-4.1453,7,15.25
14.4,177.8,162.83,6.0899,8.5618,-1.1278,-3.5966,7,14.97
14.5,178.41,163.69,5.9771,8.2022,-2.3774,-4.1453,7,14.72
14.6,179.01,164.51,5.7394,7.7876,-2.7737,-1.9507,7,14.5
14.7,179.58,165.29,5.462,7.5926,-2.5908,-0.12192,7,14.29
14.8,180.13,166.05,5.2029,7.5804,-2.7432,0.79248,7,14.08
14.9,180.65,166.81,4.9286,7.6596,-2.3165,-0.1524,7,13.84
15,181.14,167.57,4.697,7.6444,-1.3106,-1.8898,7,13.57
15.1,181.61,168.34,4.5659,7.4554,-0.39624,-4.2062,7,13.27
15.2,182.07,169.08,4.5263,7.0348,0.4572,-3.5357,7,12.99
15.3,182.52,169.79,4.572,6.6812,0.54864,-4.1758,7,12.73
15.4,182.98,170.45,4.6269,6.2636,-0.33528,-1.9202,7,12.53
15.5,183.44,171.08,4.5933,6.0716,-1.8593,-0.1524,7,12.36
15.6,183.9,171.69,4.4074,6.0564,-4.2062,0.79248,7,12.21
15.7,184.34,172.29,3.9868,6.1356,-3.5357,-0.24384,7,12.05
15.8,184.74,172.91,3.6332,6.1112,-4.2062,-1.7374,7,11.83
15.9,185.1,173.52,3.2126,5.9375,-1.8593,-3.6271,7,11.58
16,185.42,174.11,3.0267,5.5748,-0.27432,-3.6881,7,11.31
16.1,185.72,174.67,2.9992,5.206,0.33528,-4.1758,7,11.05
16.2,186.02,175.19,3.0328,4.7884,0.21336,-2.286,7,10.83
16.3,186.33,175.67,3.0541,4.5598,-0.06096,-0.4572,7,10.66
16.4,186.63,176.12,3.048,4.5141,0,0.39624,7,10.51
16.5,186.94,176.58,3.048,4.5537,0,0.36576,7,10.36
16.6,187.24,177.03,3.048,4.5903,0,0.3048,7,10.21
16.7,187.55,177.49,3.048,4.6208,0,-0.27432,7,10.06
16.8,187.85,177.95,3.048,4.5933,0,-1.8898,7,9.9
16.9,188.16,178.41,3.048,4.4044,0,-4.1453,7,9.75
17,188.46,178.85,3.048,3.9898,0,-3.5662,7,9.61
17.1,188.77,179.25,3.048,3.6332,0,-4.2062,7,9.52
17.2,189.07,179.61,3.048,3.2126,0,-1.8593,7,9.46
17.3,189.38,179.94,3.048,3.0267,0,-0.27432,7,9.44
17.4,189.68,180.24,3.048,2.9992,0,0.33528,7,9.44
17.5,189.99,180.54,3.048,3.0328,0,0.21336,7,9.45
17.6,190.29,180.84,3.048,3.0541,0,-0.06096,7,9.45
17.7,190.6,181.15,3.048,3.048,0,0,7,9.45
17.8,190.9,181.45,3.048,3.048,0,0,7,9.45
17.9,191.21,181.76,3.048,3.048,0,0,7,9.45
18,191.51,182.06,3.048,3.048,0,0,7,9.45
18.1,191.81,182.37,3.048,3.048,0.06096,0,7,9.44
18.2,192.12,182.67,3.0541,3.048,-0.21336,0,7,9.45
18.3,192.43,182.98,3.0328,3.048,-0.33528,0,7,9.45
18.4,192.73,183.28,2.9992,3.048,0.27432,0,7,9.45
18.5,193.03,183.59,3.0267,3.048,1.8898,0,7,9.44
18.6,193.33,183.89,3.2156,3.048,4.1453,0,7,9.44
18.7,193.65,184.19,3.6302,3.048,3.5662,0,7,9.46
18.8,194.02,184.5,3.9868,3.048,4.2062,0,7,9.52
18.9,194.41,184.8,4.4074,3.048,1.8593,0,7,9.61
19,194.85,185.11,4.5933,3.048,0.27432,0,7,9.74
19.1,195.31,185.41,4.6208,3.048,-0.4572,0,7,9.9
19.2,195.78,185.72,4.575,3.048,-0.27432,0,7,10.06
19.3,196.23,186.02,4.5476,3.048,0.42672,0,7,10.21
19.4,196.69,186.33,4.5903,3.048,0.94488,0,7,10.36
19.5,197.15,186.63,4.6848,3.048,1.1887,0,7,10.52
19.6,197.62,186.94,4.8036,3.048,0.94488,0,7,10.68
19.7,198.1,187.24,4.8981,3.048,0.33528,0,7,10.86
19.8,198.59,187.55,4.9317,3.048,-0.03048,0,7,11.04
19.9,199.08,187.85,4.9286,3.048,-0.12192,0,7,11.23
20,199.57,188.16,4.9164,3.048,0,0,7,11.41
20.1,200.06,188.46,4.9164,3.048,-5.68E-12,0,7,11.6
20.2,200.56,188.77,4.9164,3.048,-0.03048,0,7,11.79
20.3,201.05,189.07,4.9134,3.048,0.03048,0,7,11.98
20.4,201.54,189.38,4.9164,3.048,0,0,7,12.16
20.5,202.03,189.68,4.9164,3.048,-5.68E-12,0.06096,7,12.35
20.6,202.52,189.99,4.9164,3.0541,0.18288,-0.21336,7,12.53
20.7,203.01,190.29,4.9347,3.0328,-0.12192,-0.33528,7,12.72
20.8,203.51,190.59,4.9225,2.9992,-0.82296,0.27432,7,12.92
20.9,204,190.89,4.8402,3.0267,-0.762,1.8593,7,13.11
21,204.48,191.2,4.764,3.2126,0.70104,4.2062,7,13.28
21.1,204.96,191.52,4.8341,3.6332,3.109,3.5357,7,13.44
21.2,205.44,191.88,5.145,3.9868,4.0538,4.2062,7,13.56
21.3,205.96,192.28,5.5504,4.4074,3.81,1.8593,7,13.68
21.4,206.51,192.72,5.9314,4.5933,1.8288,0.27432,7,13.79
21.5,207.11,193.18,6.1143,4.6208,0.33528,-0.36576,7,13.93
21.6,207.72,193.64,6.1478,4.5842,-0.39624,-0.18288,7,14.08
21.7,208.33,194.1,6.1082,4.5659,-0.18288,0.06096,7,14.23
21.8,208.94,194.56,6.0899,4.572,0.06096,0.06096,7,14.38
21.9,209.55,195.02,6.096,4.5781,0,-0.21336,7,14.53
22,210.16,195.47,6.096,4.5568,0.03048,-0.33528,7,14.69
22.1,210.77,195.93,6.099,4.5232,-0.06096,0.3048,7,14.84
22.2,211.38,196.38,6.093,4.5537,0.03048,1.9812,7,15
22.3,211.99,196.84,6.096,4.7518,0,4.2977,7,15.15
22.4,212.6,197.31,6.096,5.1816,0,3.4747,7,15.29
22.5,213.21,197.83,6.096,5.5291,0.06096,4.2672,7,15.38
22.6,213.82,198.38,6.1021,5.9558,-0.18288,1.9202,7,15.44
22.7,214.43,198.98,6.0838,6.1478,-0.27432,0.39624,7,15.45
22.8,215.04,199.59,6.0564,6.1874,0.3048,-0.36576,7,15.45
22.9,215.64,200.21,6.0869,6.1509,1.3106,-0.21336,7,15.43
23,216.25,200.83,6.2179,6.1295,2.4689,0.06096,7,15.42
23.1,216.87,201.44,6.4648,6.1356,2.4994,-5.68E-12,7,15.43
23.2,217.52,202.05,6.7147,6.1356,2.1946,-0.03048,7,15.47
23.3,218.19,202.67,6.9342,6.1326,2.5298,0.03048,7,15.52
23.4,218.89,203.28,7.1872,6.1356,2.5298,0.06096,7,15.61
23.5,219.6,203.89,7.4402,6.1417,1.7678,-0.18288,7,15.71
23.6,220.35,204.51,7.617,6.1234,0.54864,-0.39624,7,15.84
23.7,221.11,205.12,7.6718,6.0838,-0.36576,0.18288,7,15.99
23.8,221.88,205.73,7.6352,6.1021,-0.21336,1.7678,7,16.15
23.9,222.64,206.34,7.6139,6.2789,0.03048,4.1148,7,16.3
24,223.4,206.97,7.617,6.6904,0.03048,3.5966,7,16.43
24.1,224.16,207.64,7.62,7.05,0,4.1148,7,16.52
24.2,224.93,208.34,7.62,7.4615,0,1.7983,7,16.59
24.3,225.69,209.09,7.62,7.6413,0.03048,0.3048,7,16.6
24.4,226.45,209.85,7.623,7.6718,-0.03048,-0.39624,7,16.6
24.5,227.21,210.62,7.62,7.6322,0,-0.18288,7,16.59
24.6,227.97,211.38,7.62,7.6139,-0.03048,0.09144,7,16.59
24.7,228.74,212.14,7.617,7.623,0.06096,-0.06096,7,16.6
24.8,229.5,212.9,7.623,7.617,-0.03048,0.03048,7,16.6
24.9,230.26,213.67,7.62,7.62,0,0,7,16.59
25,231.02,214.43,7.62,7.62,0,0,7,16.59
25.1,231.78,215.19,7.62,7.62,0,0,7,16.59
25.2,232.55,215.95,7.62,7.62,-0.03048,0.12192,7,16.6
25.3,233.31,216.71,7.617,7.6322,0.03048,-0.21336,7,16.6
25.4,234.07,217.48,7.62,7.6109,0,-0.42672,7,16.59
25.5,234.83,218.24,7.62,7.5682,0,-0.36576,7,16.59
25.6,235.59,219,7.62,7.5316,0,-0.09144,7,16.59
25.7,236.36,219.75,7.62,7.5225,0,0.79248,7,16.61
25.8,237.12,220.5,7.62,7.6017,0,1.524,7,16.62
25.9,237.88,221.26,7.62,7.7541,0,2.225,7,16.62
26,238.64,222.04,7.62,7.9766,0,2.6822,7,16.6
26.1,239.4,222.83,7.62,8.2448,0,2.8042,7,16.57
26.2,240.17,223.66,7.62,8.5253,0,3.048,7,16.51
26.3,240.93,224.51,7.62,8.8301,0,1.9812,7,16.42
26.4,241.69,225.39,7.62,9.0282,0,-0.09144,7,16.3
26.5,242.45,226.3,7.62,9.019,0,-2.1946,7,16.15
26.6,243.21,227.2,7.62,8.7996,0,-2.5908,7,16.01
26.7,243.98,228.08,7.62,8.5405,0,-1.3106,7,15.9
26.8,244.74,228.93,7.62,8.4094,0,-0.6096,7,15.81
26.9,245.5,229.77,7.62,8.3485,0,-1.0973,7,15.73
27,246.26,230.61,7.62,8.2387,0,-2.3165,7,15.65
27.1,247.02,231.43,7.62,8.0071,0,-2.5908,7,15.59
27.2,247.79,232.23,7.62,7.748,0,-1.3716,7,15.56
27.3,248.55,233.01,7.62,7.6109,0,-0.3048,7,15.54
27.4,249.31,233.77,7.62,7.5804,0,0.27432,7,15.54
27.5,250.07,234.53,7.62,7.6078,0,0.18288,7,15.54
27.6,250.83,235.29,7.62,7.6261,-0.18288,-0.06096,7,15.54
27.7,251.6,236.05,7.6017,7.62,0.36576,0,7,15.55
27.8,252.36,236.81,7.6383,7.62,0.70104,-0.03048,7,15.55
27.9,253.12,237.57,7.7084,7.617,0.27432,0.03048,7,15.55
28,253.89,238.34,7.7358,7.62,-0.24384,0,7,15.55
28.1,254.66,239.1,7.7114,7.62,-0.762,0,7,15.56
28.2,255.43,239.86,7.6352,7.62,-0.33528,0,7,15.57
28.3,256.2,240.62,7.6017,7.62,0.18288,0,7,15.58
28.4,256.96,241.38,7.62,7.62,0,0,7,15.58
28.5,257.72,242.15,7.62,7.62,0.03048,0,7,15.57
28.6,258.48,242.91,7.623,7.62,-0.03048,0,7,15.57
28.7,259.24,243.67,7.62,7.62,0,0,7,15.57
28.8,260.01,244.43,7.62,7.62,0.03048,0.06096,7,15.58
28.9,260.77,245.19,7.623,7.6261,-0.1524,-0.18288,7,15.58
29,261.53,245.96,7.6078,7.6078,-0.3048,-0.39624,7,15.57
29.1,262.29,246.72,7.5773,7.5682,0.36576,0.3048,7,15.57
29.2,263.05,247.47,7.6139,7.5987,1.2802,1.8593,7,15.58
29.3,263.81,248.23,7.7419,7.7846,2.347,4.2062,7,15.58
29.4,264.59,249.01,7.9766,8.2052,2.7432,3.5357,7,15.58
29.5,265.38,249.83,8.2509,8.5588,2.6213,4.0234,7,15.55
29.6,266.21,250.69,8.5131,8.9611,2.7737,2.225,7,15.52
29.7,267.06,251.59,8.7904,9.1836,2.286,1.0058,7,15.47
29.8,267.94,252.5,9.019,9.2842,1.3106,-0.12192,7,15.44
29.9,268.84,253.43,9.1501,9.272,0.36576,-0.42672,7,15.41
30,269.76,254.36,9.1867,9.2293,-0.3048,-0.70104,7,15.4
30.1,270.67,255.28,9.1562,9.1592,-0.1524,-0.33528,7,15.39
30.2,271.59,256.2,9.141,9.1257,0.06096,0.18288,7,15.39
30.3,272.5,257.11,9.147,9.144,-0.1524,0,7,15.39
30.4,273.42,258.03,9.1318,9.144,-0.3048,0,7,15.39
30.5,274.33,258.94,9.1013,9.144,0.33528,0,7,15.39
30.6,275.24,259.85,9.1349,9.144,1.4021,0,7,15.39
30.7,276.16,260.77,9.2751,9.144,2.5603,0,7,15.39
30.8,277.08,261.68,9.5311,9.144,2.3165,0.03048,7,15.4
30.9,278.04,262.6,9.7627,9.147,1.0973,-0.03048,7,15.44
31,279.01,263.51,9.8725,9.144,0.67056,-0.03048,7,15.5
31.1,280,264.43,9.9395,9.141,1.0973,0.03048,7,15.57
31.2,280.99,265.34,10.049,9.144,2.3165,0,7,15.65
31.3,282,266.25,10.281,9.144,2.5603,0,7,15.75
31.4,283.03,267.17,10.537,9.144,1.4021,0,7,15.86
31.5,284.08,268.08,10.677,9.144,0.33528,0,7,16
31.6,285.15,269,10.711,9.144,-0.3048,0,7,16.15
31.7,286.22,269.91,10.68,9.144,-0.18288,0,7,16.31
31.8,287.29,270.83,10.662,9.144,0.33528,0,7,16.46
31.9,288.35,271.74,10.695,9.144,-0.67056,0.06096,7,16.61
32,289.42,272.66,10.628,9.1501,-1.1887,-0.21336,7,16.76
32.1,290.49,273.57,10.51,9.1288,0.03048,-0.24384,7,16.92
32.2,291.54,274.48,10.513,9.1044,2.2555,0.33528,7,17.06
32.3,292.59,275.39,10.738,9.1379,4.3282,1.2802,7,17.2
32.4,293.66,276.31,11.171,9.2659,3.9014,2.347,7,17.35
32.5,294.78,277.23,11.561,9.5006,3.3528,2.7432,7,17.55
32.6,295.93,278.18,11.896,9.7749,1.4326,2.6213,7,17.75
32.7,297.12,279.16,12.04,10.037,0.03048,2.7737,7,17.96
32.8,298.33,280.17,12.043,10.314,-0.39624,2.286,7,18.16
32.9,299.53,281.2,12.003,10.543,-0.12192,1.3106,7,18.33
33,300.73,282.25,11.991,10.674,0.06096,0.36576,7,18.48
33.1,301.93,283.32,11.997,10.711,5.68E-12,-0.3048,7,18.61
33.2,303.13,284.39,11.997,10.68,-5.68E-12,-0.12192,7,18.74
33.3,304.33,285.46,11.997,10.668,0,-0.12192,7,18.87
33.4,305.53,286.52,11.997,10.656,5.68E-12,-0.39624,7,19.01
33.5,306.73,287.59,11.997,10.616,-5.68E-12,0.57912,7,19.14
33.6,307.93,288.65,11.997,10.674,0,1.3716,7,19.28
33.7,309.13,289.72,11.997,10.811,5.68E-12,2.6518,7,19.41
33.8,310.33,290.8,11.997,11.076,-0.06096,3.5357,7,19.53
33.9,311.53,291.91,11.991,11.43,0.21336,2.3165,7,19.62
34,312.73,293.05,12.012,11.662,0.3048,0.42672,7,19.68
34.1,313.93,294.22,12.043,11.704,-0.3048,-1.4021,7,19.71
34.2,315.13,295.39,12.012,11.564,-1.6764,-1.524,7,19.74
34.3,316.34,296.54,11.845,11.412,-3.5966,0.06096,7,19.8
34.4,317.52,297.69,11.485,11.418,-3.9929,0.27432,7,19.83
34.5,318.67,298.83,11.086,11.445,-3.9014,-0.64008,7,19.84
34.6,319.78,299.97,10.695,11.381,-0.3048,-2.0422,7,19.81
34.7,320.85,301.11,10.665,11.177,2.3774,-2.6822,7,19.74
34.8,321.91,302.23,10.903,10.909,1.4935,-2.0422,7,19.68
34.9,323,303.32,11.052,10.705,-0.48768,-0.70104,7,19.68
35,324.11,304.39,11.003,10.634,-2.8346,0.06096,7,19.72
35.1,325.21,305.45,10.72,10.641,-2.6518,0.24384,7,19.76
35.2,326.28,306.52,10.455,10.665,-1.2802,0.06096,7,19.76
35.3,327.33,307.58,10.327,10.671,-1.2192,-0.03048,7,19.75
35.4,328.36,308.65,10.205,10.668,-0.73152,0,7,19.71
35.5,329.38,309.72,10.132,10.668,-1.6154,0,7,19.66
35.6,330.39,310.78,9.97,10.668,-3.1699,0,7,19.61
35.7,331.39,311.85,9.653,10.668,-3.3223,-5.68E-12,7,19.54
35.8,332.35,312.92,9.3208,10.668,-1.9202,5.68E-12,7,19.43
35.9,333.29,313.98,9.1288,10.668,-0.36576,0,7,19.31
36,334.2,315.05,9.0922,10.668,0.36576,0,7,19.15
36.1,335.11,316.12,9.1288,10.668,0.21336,0,7,18.99
36.2,336.02,317.18,9.1501,10.668,-0.09144,0,7,18.84
36.3,336.94,318.25,9.141,10.668,0.03048,0,7,18.69
36.4,337.85,319.32,9.144,10.668,-0.03048,-0.54864,7,18.53
36.5,338.77,320.38,9.141,10.613,0.03048,1.0668,7,18.39
36.6,339.68,321.45,9.144,10.72,-0.03048,2.347,7,18.23
36.7,340.59,322.52,9.141,10.955,0.03048,0.85344,7,18.07
36.8,341.51,323.61,9.144,11.04,0.64008,-0.85344,7,17.9
36.9,342.42,324.72,9.208,10.955,-1.2802,-2.347,7,17.7
37,343.34,325.81,9.08,10.72,-2.7432,-1.0973,7,17.53
37.1,344.25,326.88,8.8057,10.61,-1.0363,0.54864,7,17.37
37.2,345.13,327.95,8.702,10.665,1.0668,0.03048,7,17.18
37.3,346,329.01,8.8087,10.668,2.7127,0,7,16.99
37.4,346.88,330.08,9.08,10.668,1.2802,0,7,16.8
37.5,347.79,331.15,9.208,10.668,-0.64008,-0.03048,7,16.64
37.6,348.71,332.21,9.144,10.665,0,0.03048,7,16.5
37.7,349.63,333.28,9.144,10.668,0,-0.03048,7,16.35
37.8,350.54,334.35,9.144,10.665,0,1.14E-11,7,16.19
37.9,351.45,335.41,9.144,10.665,0,0.03048,7,16.04
38,352.37,336.48,9.144,10.668,0,-0.06096,7,15.89
38.1,353.28,337.55,9.144,10.662,0,0.18288,7,15.73
38.2,354.2,338.61,9.144,10.68,0,0.36576,7,15.59
38.3,355.11,339.68,9.144,10.717,0,-0.27432,7,15.43
38.4,356.03,340.75,9.144,10.689,0,-1.8898,7,15.28
38.5,356.94,341.82,9.144,10.5,0,-4.633,7,15.12
38.6,357.86,342.87,9.144,10.037,0,-4.5415,7,14.99
38.7,358.77,343.87,9.144,9.5829,0,-4.1453,7,14.9
38.8,359.68,344.83,9.144,9.1684,0,-4.9987,7,14.85
38.9,360.6,345.75,9.144,8.6685,0,0.42672,7,14.85
39,361.51,346.62,9.144,8.7112,-0.03048,3.5052,7,14.89
39.1,362.43,347.49,9.141,9.0617,0.06096,3.1699,7,14.94
39.2,363.34,348.39,9.147,9.3787,-0.03048,1.6459,7,14.95
39.3,364.26,349.33,9.144,9.5433,-0.24384,1.1278,7,14.93
39.4,365.17,350.29,9.1196,9.6561,0.4572,-1.1278,7,14.88
39.5,366.08,351.25,9.1653,9.5433,0.94488,-2.3774,7,14.83
39.6,367,352.21,9.2598,9.3055,0.3048,-1.6459,7,14.79
39.7,367.92,353.14,9.2903,9.141,-0.33528,-0.39624,7,14.78
39.8,368.85,354.05,9.2568,9.1013,-0.9144,0.27432,7,14.8
39.9,369.78,354.96,9.1653,9.1288,-0.42672,0.21336,7,14.82
40,370.7,355.87,9.1227,9.1501,0.21336,-0.06096,7,14.83
40.1,371.61,356.79,9.144,9.144,0,0,7,14.82
40.2,372.52,357.7,9.144,9.144,-5.68E-12,0,7,14.82
40.3,373.44,358.62,9.144,9.144,5.68E-12,0,7,14.82
40.4,374.35,359.53,9.144,9.144,0,0,7,14.82
40.5,375.27,360.45,9.144,9.144,0,0,7,14.82
40.6,376.18,361.36,9.144,9.144,0,0,7,14.82
40.7,377.09,362.27,9.144,9.144,0,-0.03048,7,14.82
40.8,378.01,363.19,9.144,9.141,0,0.03048,7,14.82
40.9,378.92,364.1,9.144,9.144,0,-0.21336,7,14.82
41,379.84,365.02,9.144,9.1227,0,0.42672,7,14.82
41.1,380.75,365.93,9.144,9.1653,0,0.9144,7,14.82
41.2,381.67,366.85,9.144,9.2568,0,0.36576,7,14.82
41.3,382.58,367.77,9.144,9.2934,0.06096,-0.36576,7,14.81
41.4,383.5,368.7,9.1501,9.2568,-0.18288,-0.9144,7,14.8
41.5,384.41,369.63,9.1318,9.1653,-0.39624,-0.42672,7,14.78
41.6,385.32,370.54,9.0922,9.1227,0.27432,0.21336,7,14.78
41.7,386.23,371.46,9.1196,9.144,1.7374,0,7,14.77
41.8,387.15,372.37,9.2934,9.144,4.0234,-5.68E-12,7,14.78
41.9,388.07,373.28,9.6957,9.144,3.6576,5.68E-12,7,14.79
42,389.04,374.2,10.061,9.144,4.1148,0,7,14.84
42.1,390.05,375.11,10.473,9.144,1.7069,0,7,14.94
42.2,391.1,376.03,10.644,9.144,1.71E-11,0,7,15.07
42.3,392.16,376.94,10.644,9.144,0.12192,0,7,15.22
42.4,393.23,377.86,10.656,9.144,-0.64008,0,7,15.37
42.5,394.29,378.77,10.592,9.144,-2.1641,0,7,15.52
42.6,395.35,379.69,10.375,9.144,-2.4384,0,7,15.66
42.7,396.39,380.6,10.132,9.144,-2.7432,0,7,15.79
42.8,397.4,381.51,9.8572,9.144,-2.6213,0,7,15.89
42.9,398.39,382.43,9.5951,9.144,-2.6822,0,7,15.96
43,399.35,383.34,9.3269,9.144,-2.286,0.06096,7,16.01
43.1,400.28,384.26,9.0983,9.1501,-0.1524,-0.21336,7,16.02
43.2,401.19,385.17,9.083,9.1288,0.48768,-0.48768,7,16.02
43.3,402.1,386.09,9.1318,9.08,0.1524,0.42672,7,16.01
43.4,403.01,386.99,9.147,9.1227,-0.06096,2.7127,7,16.02
43.5,403.93,387.91,9.141,9.3939,-0.03048,4.6025,7,16.02
43.6,404.84,388.85,9.1379,9.8542,-5.68E-12,3.749,7,15.99
43.7,405.75,389.83,9.1379,10.229,0.03048,4.572,7,15.92
43.8,406.67,390.85,9.141,10.686,-0.06096,2.7432,7,15.82
43.9,407.58,391.92,9.1349,10.961,0.1524,0.82296,7,15.66
44,408.49,393.02,9.1501,11.043,0.3048,-1.1887,7,15.47
44.1,409.41,394.12,9.1806,10.924,-0.3048,-1.6764,7,15.29
44.2,410.33,395.21,9.1501,10.756,-1.524,-1.1582,7,15.12
44.3,411.24,396.29,8.9977,10.641,-2.347,-1.524,7,14.95
44.4,412.14,397.35,8.763,10.488,-1.7983,-2.7737,7,14.79
44.5,413.02,398.4,8.5832,10.211,0.1524,-3.9624,7,14.62
44.6,413.88,399.42,8.5984,9.8146,1.3106,-4.2367,7,14.46
44.7,414.74,400.41,8.7295,9.3909,1.1582,-2.7127,7,14.33
44.8,415.61,401.35,8.8453,9.1196,0.36576,-0.48768,7,14.26
44.9,416.49,402.26,8.8819,9.0708,-0.3048,0.67056,7,14.23
45,417.38,403.16,8.8514,9.1379,-0.06096,0.48768,7,14.22
45.1,418.27,404.08,8.8453,9.1867,0,-0.42672,7,14.19
45.2,419.15,405,8.8453,9.144,0.67056,-1.524,7,14.15
45.3,420.04,405.91,8.9124,8.9916,-1.3106,-2.1946,7,14.13
45.4,420.93,406.81,8.7813,8.7721,-2.6822,-1.3716,7,14.12
45.5,421.81,407.69,8.5131,8.635,-1.0363,0.67056,7,14.12
45.6,422.66,408.55,8.4094,8.702,1.0058,1.7678,7,14.11
45.7,423.5,409.42,8.51,8.8788,2.7127,1.3106,7,14.08
45.8,424.35,410.31,8.7813,9.0099,1.2497,0.3048,7,14.04
45.9,425.23,411.21,8.9063,9.0404,-0.64008,-0.27432,7,14.02
46,426.12,412.11,8.8422,9.0129,-1.14E-11,-0.1524,7,14.01
46.1,427,413.02,8.8422,8.9977,-5.68E-12,0.06096,7,13.98
46.2,427.89,413.92,8.8422,9.0038,0.03048,-1.71E-11,7,13.97
46.3,428.77,414.82,8.8453,9.0038,-0.03048,1.14E-11,7,13.95
46.4,429.66,415.72,8.8422,9.0038,-1.14E-11,-0.03048,7,13.94
46.5,430.54,416.62,8.8422,9.0007,0,0.03048,7,13.92
46.6,431.42,417.52,8.8422,9.0038,1.14E-11,1.71E-11,7,13.9
46.7,432.31,418.42,8.8422,9.0038,0.03048,-0.03048,7,13.89
46.8,433.19,419.32,8.8453,9.0007,-0.03048,0.73152,7,13.87
46.9,434.08,420.22,8.8422,9.0739,-0.03048,-1.3716,7,13.86
47,434.96,421.12,8.8392,8.9367,0.06096,-2.9566,7,13.84
47.1,435.85,422.02,8.8453,8.6411,0.12192,-1.1278,7,13.83
47.2,436.73,422.88,8.8575,8.5283,0.09144,1.0973,7,13.85
47.3,437.62,423.74,8.8666,8.638,-0.48768,2.9261,7,13.88
47.4,438.5,424.6,8.8179,8.9306,-1.2192,1.3411,7,13.9
47.5,439.38,425.49,8.6959,9.0648,-1.6459,-0.67056,7,13.89
47.6,440.25,426.4,8.5314,8.9977,-1.2192,1.14E-11,7,13.85
47.7,441.11,427.3,8.4094,8.9977,-0.4572,-0.03048,7,13.81
47.8,441.95,428.2,8.3637,8.9946,0.03048,0.03048,7,13.75
47.9,442.78,429.1,8.3668,8.9977,0.18288,1.14E-11,7,13.68
48,443.62,430,8.385,8.9977,-1.14E-11,-1.71E-11,7,13.62
48.1,444.46,430.9,8.385,8.9977,0.21336,-0.03048,7,13.56
48.2,445.3,431.8,8.4064,8.9946,-0.88392,0.06096,7,13.5
48.3,446.14,432.7,8.318,9.0007,-1.0363,0.33528,7,13.44
48.4,446.97,433.6,8.2144,9.0343,0.97536,-0.27432,7,13.37
48.5,447.79,434.5,8.3119,9.0068,2.8956,-1.2192,7,13.29
48.6,448.62,435.4,8.6015,8.8849,3.7186,-1.6459,7,13.22
48.7,449.48,436.29,8.9733,8.7203,1.9812,-1.0058,7,13.19
48.8,450.38,437.16,9.1714,8.6197,-0.03048,0.1524,7,13.22
48.9,451.3,438.02,9.1684,8.635,-0.09144,0.03048,7,13.28
49,452.21,438.89,9.1592,8.638,-0.18288,-1.3106,7,13.32
49.1,453.13,439.75,9.141,8.507,0.03048,-2.3165,7,13.38
49.2,454.04,440.6,9.144,8.2753,0,-2.8956,7,13.44
49.3,454.96,441.43,9.144,7.9858,0,-2.4079,7,13.53
49.4,455.87,442.23,9.144,7.745,0,-1.2802,7,13.64
49.5,456.79,443,9.144,7.617,-5.68E-12,-0.36576,7,13.79
49.6,457.7,443.76,9.144,7.5804,-0.03048,0.24384,7,13.94
49.7,458.62,444.52,9.141,7.6048,0.06096,0.64008,7,14.1
49.8,459.53,445.28,9.147,7.6688,0.12192,-0.9144,7,14.25
49.9,460.44,446.05,9.1592,7.5773,-5.68E-12,-1.9507,7,14.39
50,461.36,446.81,9.1592,7.3823,0,-0.67056,7,14.55
50.1,462.28,447.54,9.1592,7.3152,-0.12192,0.70104,7,14.74
50.2,463.19,448.28,9.147,7.3853,-0.06096,1.9202,7,14.91
50.3,464.11,449.01,9.141,7.5773,0.03048,0.88392,7,15.1
50.4,465.02,449.77,9.144,7.6657,0,-0.48768,7,15.25
50.5,465.94,450.54,9.144,7.617,0,0.03048,7,15.4
50.6,466.85,451.3,9.144,7.62,0,0,7,15.55
0.1,22.619,0,13.6,13.399,1.0058,2.286,8,22.619
0.2,23.979,1.3399,13.701,13.628,-0.48768,4.511,8,22.6391
0.3,25.349,2.7027,13.652,14.079,-0.03048,3.5052,8,22.6463
0.4,26.714,4.1105,13.649,14.429,-3.91E-12,4.511,8,22.6035
0.5,28.079,5.5535,13.649,14.88,-0.06096,2.3165,8,22.5255
0.6,29.444,7.0415,13.643,15.112,3.55E-13,0.39624,8,22.4025
0.7,30.808,8.5527,13.643,15.152,0.1524,-0.33528,8,22.2553
0.8,32.172,10.068,13.658,15.118,0.57912,-0.24384,8,22.104
0.9,33.538,11.58,13.716,15.094,0.64008,0.03048,8,21.958
1,34.91,13.089,13.78,15.097,0.6096,0.03048,8,21.821
1.1,36.288,14.599,13.841,15.1,0.42672,0.54864,8,21.689
1.2,37.672,16.109,13.884,15.155,-0.21336,-1.0973,8,21.563
1.3,39.06,17.624,13.862,15.045,-1.0058,-2.2555,8,21.436
1.4,40.446,19.129,13.762,14.819,-1.4326,-0.9144,8,21.317
1.5,41.823,20.611,13.618,14.728,-0.73152,0.9144,8,21.212
1.6,43.184,22.083,13.545,14.819,0.762,2.2555,8,21.101
1.7,44.539,23.565,13.622,15.045,1.4021,1.0668,8,20.974
1.8,45.901,25.07,13.762,15.152,0.94488,-0.51816,8,20.831
1.9,47.277,26.585,13.856,15.1,0.1524,-0.03048,8,20.692
2,48.663,28.095,13.871,15.097,-0.21336,-0.12192,8,20.568
2.1,50.05,29.605,13.85,15.085,-0.06096,0.06096,8,20.445
2.2,51.435,31.113,13.844,15.091,0.03048,0.3048,8,20.322
2.3,52.819,32.622,13.847,15.121,-7.11E-13,0.73152,8,20.197
2.4,54.204,34.134,13.847,15.194,-0.03048,0.762,8,20.07
2.5,55.589,35.654,13.844,15.27,-0.1524,0.51816,8,19.935
2.6,56.973,37.181,13.829,15.322,0.36576,-0.39624,8,19.792
2.7,58.356,38.713,13.865,15.283,-0.12192,-1.3716,8,19.643
2.8,59.743,40.241,13.853,15.146,-0.1524,-1.7678,8,19.502
2.9,61.128,41.756,13.838,14.969,0.94488,-0.82296,8,19.372
3,62.512,43.253,13.932,14.886,1.6154,0.762,8,19.259
3.1,63.905,44.741,14.094,14.963,1.8593,1.7983,8,19.164
3.2,65.314,46.238,14.28,15.142,0.64008,1.4935,8,19.076
3.3,66.742,47.752,14.344,15.292,-0.48768,-0.03048,8,18.99
3.4,68.177,49.281,14.295,15.289,-4.26E-12,-2.1031,8,18.896
3.5,69.606,50.81,14.295,15.078,4.26E-12,-4.2672,8,18.796
3.6,71.036,52.318,14.295,14.652,0.03048,-3.5357,8,18.718
3.7,72.465,53.783,14.298,14.298,-2.84E-12,-4.1148,8,18.682
3.8,73.895,55.213,14.298,13.887,-0.03048,-2.0726,8,18.682
3.9,75.325,56.601,14.295,13.679,-4.26E-12,-0.6096,8,18.724
4,76.754,57.969,14.295,13.618,0.03048,1.0973,8,18.785
4.1,78.184,59.331,14.298,13.728,-0.03048,1.2497,8,18.853
4.2,79.614,60.704,14.295,13.853,-2.84E-12,0.88392,8,18.91
4.3,81.043,62.089,14.295,13.942,0.03048,0.64008,8,18.954
4.4,82.473,63.483,14.298,14.006,-0.09144,-0.64008,8,18.99
4.5,83.903,64.884,14.289,13.942,0.24384,-0.94488,8,19.019
4.6,85.332,66.278,14.313,13.847,0.39624,-1.0363,8,19.054
4.7,86.763,67.663,14.353,13.743,-0.4572,-0.70104,8,19.1
4.8,88.198,69.037,14.307,13.673,-2.0422,0.3048,8,19.161
4.9,89.629,70.405,14.103,13.704,-3.5052,0.1524,8,19.224
5,91.039,71.775,13.753,13.719,-2.9261,-0.03048,8,19.264
5.1,92.414,73.147,13.46,13.716,-0.42672,0,8,19.267
5.2,93.76,74.518,13.417,13.716,1.3716,0,8,19.242
5.3,95.102,75.89,13.554,13.716,1.524,0,8,19.212
5.4,96.458,77.262,13.707,13.716,0.51816,0,8,19.196
5.5,97.828,78.633,13.759,13.716,-0.3048,0,8,19.195
5.6,99.204,80.005,13.728,13.716,-0.18288,0,8,19.199
5.7,100.58,81.376,13.71,13.716,0.09144,0,8,19.204
5.8,101.95,82.748,13.719,13.716,-0.09144,-0.03048,8,19.202
5.9,103.32,84.12,13.71,13.713,-0.3048,0.03048,8,19.2
6,104.69,85.491,13.679,13.716,0.18288,0,8,19.199
6.1,106.06,86.863,13.698,13.716,1.2192,0,8,19.197
6.2,107.43,88.234,13.82,13.716,2.3165,0,8,19.196
6.3,108.81,89.606,14.051,13.716,2.7737,0,8,19.204
6.4,110.22,90.977,14.329,13.716,1.7983,0,8,19.243
6.5,111.65,92.349,14.508,13.716,0.64008,0,8,19.301
6.6,113.1,93.721,14.572,13.716,0.27432,0,8,19.379
6.7,114.56,95.092,14.6,13.716,0.03048,-1.42E-12,8,19.468
6.8,116.02,96.464,14.603,13.716,-0.70104,1.42E-12,8,19.556
6.9,117.48,97.835,14.533,13.716,-3.2918,0,8,19.645
7,118.93,99.207,14.204,13.716,-4.6939,0,8,19.723
7.1,120.35,100.58,13.734,13.716,-4.3282,-0.03048,8,19.77
7.2,121.72,101.95,13.301,13.713,-4.2977,0.06096,8,19.77
7.3,123.05,103.32,12.872,13.719,-4.9073,-0.12192,8,19.73
7.4,124.34,104.69,12.381,13.707,-2.4689,-0.21336,8,19.65
7.5,125.58,106.06,12.134,13.686,0.03048,0.27432,8,19.52
7.6,126.79,107.43,12.137,13.713,1.5545,1.1582,8,19.36
7.7,128.01,108.8,12.293,13.829,1.7983,2.2555,8,19.21
7.8,129.24,110.19,12.472,14.054,0.57912,2.6518,8,19.05
7.9,130.48,111.59,12.53,14.32,-1.1278,1.8593,8,18.89
8,131.74,113.02,12.418,14.505,-1.6154,0.79248,8,18.72
8.1,132.98,114.47,12.256,14.585,-0.94488,0.03048,8,18.51
8.2,134.2,115.93,12.162,14.588,-0.03048,-0.09144,8,18.27
8.3,135.42,117.39,12.158,14.579,0.33528,-0.18288,8,18.03
8.4,136.64,118.85,12.192,14.56,0.03048,-1.524,8,17.79
8.5,137.85,120.31,12.195,14.408,-0.03048,-5.0902,8,17.54
8.6,139.07,121.75,12.192,13.899,0,-4.2977,8,17.32
8.7,140.29,123.14,12.192,13.469,-0.03048,-4.4501,8,17.15
8.8,141.51,124.48,12.189,13.024,0.03048,-4.8158,8,17.03
8.9,142.73,125.79,12.192,12.543,0.18288,-3.5357,8,16.94
9,143.95,127.04,12.21,12.189,-0.33528,-0.48768,8,16.91
9.1,145.17,128.26,12.177,12.14,-0.79248,0.42672,8,16.91
9.2,146.39,129.47,12.098,12.183,-0.3048,0.09144,8,16.92
9.3,147.6,130.69,12.067,12.192,0.3048,0,8,16.91
9.4,148.81,131.91,12.098,12.192,0.762,0,8,16.9
9.5,150.02,133.13,12.174,12.192,0.36576,0.03048,8,16.89
9.6,151.23,134.35,12.21,12.195,-0.18288,-0.03048,8,16.88
9.7,152.45,135.57,12.192,12.192,0,0,8,16.88
9.8,153.67,136.79,12.192,12.192,0,-0.03048,8,16.88
9.9,154.89,138.01,12.192,12.189,0,0.03048,8,16.88
10,156.11,139.23,12.192,12.192,0,0.03048,8,16.88
10.1,157.33,140.44,12.192,12.195,0,-0.03048,8,16.89
10.2,158.55,141.66,12.192,12.192,-0.03048,0,8,16.89
10.3,159.77,142.88,12.189,12.192,0.03048,0.18288,8,16.89
10.4,160.99,144.1,12.192,12.21,0.18288,-0.36576,8,16.89
10.5,162.21,145.32,12.21,12.174,0.06096,-0.82296,8,16.89
10.6,163.43,146.54,12.216,12.091,-0.51816,-0.3048,8,16.89
10.7,164.65,147.75,12.165,12.061,-1.4326,0.3048,8,16.9
10.8,165.87,148.96,12.021,12.091,-1.8593,0.79248,8,16.91
10.9,167.07,150.17,11.835,12.171,-1.4326,0.39624,8,16.9
11,168.25,151.38,11.692,12.21,-0.73152,-0.18288,8,16.87
11.1,169.42,152.6,11.619,12.192,-0.06096,-0.03048,8,16.82
11.2,170.58,153.82,11.613,12.189,0.9144,0.03048,8,16.76
11.3,171.74,155.04,11.704,12.192,1.8898,2.84E-12,8,16.7
11.4,172.91,156.26,11.893,12.192,1.585,0,8,16.65
11.5,174.1,157.48,12.052,12.192,0.06096,0,8,16.62
11.6,175.31,158.7,12.058,12.192,-1.9507,-0.03048,8,16.61
11.7,176.52,159.92,11.863,12.189,-2.8651,0.06096,8,16.6
11.8,177.7,161.14,11.576,12.195,-2.7737,0.21336,8,16.56
11.9,178.86,162.36,11.299,12.216,-2.8042,0.12192,8,16.5
12,179.99,163.58,11.019,12.229,-2.1336,-0.79248,8,16.41
12.1,181.09,164.8,10.805,12.149,-1.0363,-2.0726,8,16.29
12.2,182.17,166.02,10.702,11.942,-0.67056,-2.7432,8,16.15
12.3,183.24,167.21,10.634,11.668,-1.0363,-2.1641,8,16.03
12.4,184.3,168.38,10.531,11.451,-2.1336,-1.1278,8,15.92
12.5,185.36,169.52,10.317,11.339,-2.8042,0.12192,8,15.84
12.6,186.39,170.66,10.037,11.351,-2.6213,1.6459,8,15.73
12.7,187.39,171.79,9.7749,11.515,-2.7432,2.1946,8,15.6
12.8,188.37,172.94,9.5006,11.735,-2.347,0.82296,8,15.43
12.9,189.32,174.12,9.2659,11.817,-1.2802,-1.9507,8,15.2
13,190.25,175.3,9.1379,11.622,-0.33528,-3.9014,8,14.95
13.1,191.16,176.46,9.1044,11.232,0.24384,-3.4442,8,14.7
13.2,192.07,177.58,9.1288,10.887,0.21336,-2.1641,8,14.49
13.3,192.98,178.67,9.1501,10.671,-0.06096,-2.1946,8,14.31
13.4,193.9,179.74,9.144,10.452,0,-3.7186,8,14.16
13.5,194.81,180.78,9.144,10.08,-0.06096,-3.5662,8,14.03
13.6,195.73,181.79,9.1379,9.7231,0.21336,-4.1148,8,13.94
13.7,196.64,182.76,9.1592,9.3116,0.27432,-1.8898,8,13.88
13.8,197.56,183.7,9.1867,9.1227,-0.39624,-0.3048,8,13.86
13.9,198.48,184.61,9.147,9.0922,-1.6459,0.36576,8,13.87
14,199.39,185.52,8.9825,9.1288,-2.3774,0.21336,8,13.87
14.1,200.29,186.43,8.7447,9.1501,-1.1887,-0.03048,8,13.86
14.2,201.16,187.35,8.6258,9.147,1.3411,-0.03048,8,13.81
14.3,202.03,188.26,8.76,9.144,2.6518,0,8,13.77
14.4,202.9,189.17,9.0251,9.144,1.2802,0,8,13.73
14.5,203.81,190.09,9.1531,9.144,-1.3106,0,8,13.72
14.6,204.72,191,9.0221,9.144,-2.6213,0,8,13.72
14.7,205.62,191.92,8.76,9.144,-1.3411,0,8,13.7
14.8,206.5,192.83,8.6258,9.144,1.1887,0,8,13.67
14.9,207.36,193.75,8.7447,9.144,2.347,0,8,13.61
15,208.24,194.66,8.9794,9.144,1.6764,0,8,13.58
15.1,209.13,195.58,9.147,9.144,0.39624,0,8,13.55
15.2,210.05,196.49,9.1867,9.144,-0.27432,-0.06096,8,13.56
15.3,210.97,197.4,9.1592,9.1379,-0.21336,0.21336,8,13.57
15.4,211.88,198.32,9.1379,9.1592,0.06096,0.27432,8,13.56
15.5,212.8,199.23,9.144,9.1867,-0.03048,-0.4572,8,13.57
15.6,213.71,200.15,9.141,9.141,0.18288,-1.463,8,13.56
15.7,214.63,201.07,9.1592,8.9946,0.24384,-2.1031,8,13.56
15.8,215.54,201.97,9.1836,8.7843,-0.33528,-1.4021,8,13.57
15.9,216.46,202.84,9.1501,8.6441,-1.3106,-0.06096,8,13.62
16,217.37,203.71,9.019,8.638,-2.3165,-0.09144,8,13.66
16.1,218.28,204.57,8.7874,8.6289,-2.6822,-1.1887,8,13.71
16.2,219.16,205.44,8.5192,8.51,-2.8042,-2.6822,8,13.72
16.3,220.01,206.29,8.2387,8.2418,-3.048,-2.6518,8,13.72
16.4,220.83,207.11,7.9339,7.9766,-1.9507,-0.88392,8,13.72
16.5,221.62,207.91,7.7389,7.8882,-0.12192,0.57912,8,13.71
16.6,222.4,208.7,7.7267,7.9461,2.1946,1.0973,8,13.7
16.7,223.17,209.49,7.9461,8.0559,3.3833,1.0668,8,13.68
16.8,223.97,210.3,8.2845,8.1625,2.9261,1.3411,8,13.67
16.9,224.79,211.11,8.5771,8.2967,2.5603,1.7374,8,13.68
17,225.65,211.94,8.8331,8.4704,1.9812,1.2497,8,13.71
17.1,226.54,212.79,9.0312,8.5954,1.0973,0.79248,8,13.75
17.2,227.44,213.65,9.141,8.6746,0.42672,1.2802,8,13.79
17.3,228.35,214.52,9.1836,8.8026,-0.24384,1.8593,8,13.83
17.4,229.27,215.4,9.1592,8.9886,-0.21336,1.5545,8,13.87
17.5,230.19,216.3,9.1379,9.144,0.03048,0.42672,8,13.89
17.6,231.1,217.21,9.141,9.1867,0.03048,-0.27432,8,13.89
17.7,232.01,218.13,9.144,9.1592,0,-0.21336,8,13.88
17.8,232.93,219.05,9.144,9.1379,0.06096,0.06096,8,13.88
17.9,233.84,219.96,9.1501,9.144,-0.21336,0,8,13.88
18,234.76,220.87,9.1288,9.144,-0.27432,-0.09144,8,13.89
18.1,235.67,221.79,9.1013,9.1349,0.4572,0.18288,8,13.88
18.2,236.58,222.7,9.147,9.1531,1.463,0.42672,8,13.88
18.3,237.5,223.62,9.2934,9.1958,2.1031,0.12192,8,13.88
18.4,238.43,224.54,9.5037,9.208,1.4021,-0.1524,8,13.89
18.5,239.38,225.46,9.6439,9.1928,0.06096,-0.39624,8,13.92
18.6,240.34,226.38,9.65,9.1531,0.09144,-0.18288,8,13.96
18.7,241.31,227.29,9.6591,9.1349,1.1887,0.09144,8,14.02
18.8,242.27,228.21,9.778,9.144,2.286,0,8,14.06
18.9,243.25,229.12,10.007,9.144,2.8346,0,8,14.13
19,244.25,230.03,10.29,9.144,2.4384,0,8,14.22
19.1,245.28,230.95,10.534,9.144,1.9202,0,8,14.33
19.2,246.33,231.86,10.726,9.144,1.8593,0,8,14.47
19.3,247.4,232.78,10.912,9.144,1.6459,0.06096,8,14.62
19.4,248.5,233.69,11.076,9.1501,1.4021,-0.21336,8,14.81
19.5,249.6,234.61,11.217,9.1288,0.94488,-0.33528,8,14.99
19.6,250.73,235.52,11.311,9.0952,2.84E-12,0.27432,8,15.21
19.7,251.86,236.43,11.311,9.1227,-0.85344,1.8898,8,15.43
19.8,252.99,237.34,11.226,9.3116,-1.7374,4.1453,8,15.65
19.9,254.11,238.27,11.052,9.7262,-2.1946,3.5662,8,15.84
20,255.22,239.25,10.833,10.083,-1.1278,4.2062,8,15.97
20.1,256.3,240.25,10.72,10.503,0.64008,1.8898,8,16.05
20.2,257.37,241.3,10.784,10.692,2.4079,0.21336,8,16.07
20.3,258.45,242.37,11.025,10.714,2.7432,-0.67056,8,16.08
20.4,259.55,243.44,11.299,10.647,1.4326,0.03048,8,16.11
20.5,260.68,244.51,11.442,10.65,0.1524,1.1887,8,16.17
20.6,261.83,245.57,11.457,10.769,-0.54864,2.3165,8,16.26
20.7,262.97,246.65,11.403,11,0.1524,2.8956,8,16.32
20.8,264.11,247.75,11.418,11.29,1.4935,2.3165,8,16.36
20.9,265.25,248.88,11.567,11.521,2.347,1.1582,8,16.37
21,266.41,250.03,11.802,11.637,2.0726,-0.03048,8,16.38
21.1,267.59,251.2,12.009,11.634,1.2192,-0.33528,8,16.39
21.2,268.79,252.36,12.131,11.601,0.48768,0.48768,8,16.43
21.3,270,253.52,12.18,11.649,0.18288,1.5545,8,16.48
21.4,271.22,254.68,12.198,11.805,-0.03048,2.0422,8,16.54
21.5,272.44,255.86,12.195,12.009,-0.03048,1.524,8,16.58
21.6,273.66,257.07,12.192,12.162,0,0.57912,8,16.59
21.7,274.88,258.28,12.192,12.219,0,-0.06096,8,16.6
21.8,276.1,259.5,12.192,12.213,0,-0.21336,8,16.6
21.9,277.32,260.73,12.192,12.192,0,0,8,16.59
22,278.54,261.94,12.192,12.192,0,0,8,16.6
22.1,279.76,263.16,12.192,12.192,0,0,8,16.6
22.2,280.98,264.38,12.192,12.192,0,0.09144,8,16.6
22.3,282.2,265.6,12.192,12.201,0,-0.18288,8,16.6
22.4,283.41,266.82,12.192,12.183,0.06096,-0.48768,8,16.59
22.5,284.63,268.04,12.198,12.134,-0.21336,-0.1524,8,16.59
22.6,285.85,269.25,12.177,12.119,-0.24384,0.03048,8,16.6
22.7,287.07,270.47,12.152,12.122,0.33528,0.1524,8,16.6
22.8,288.29,271.68,12.186,12.137,1.2802,0.6096,8,16.61
22.9,289.51,272.89,12.314,12.198,2.347,1.1887,8,16.62
23,290.74,274.11,12.549,12.317,2.7432,2.286,8,16.63
23.1,291.99,275.34,12.823,12.546,2.6213,2.7737,8,16.65
23.2,293.27,276.6,13.085,12.823,2.7432,2.6213,8,16.67
23.3,294.58,277.88,13.359,13.085,2.347,2.7737,8,16.7
23.4,295.92,279.19,13.594,13.362,1.2802,2.286,8,16.73
23.5,297.28,280.52,13.722,13.591,0.33528,1.3411,8,16.76
23.6,298.65,281.88,13.756,13.725,-0.42672,0.3048,8,16.77
23.7,300.03,283.26,13.713,13.756,0.1524,-0.27432,8,16.77
23.8,301.4,284.63,13.728,13.728,0.70104,-0.18288,8,16.77
23.9,302.77,286,13.798,13.71,0.24384,0.03048,8,16.77
24,304.15,287.38,13.823,13.713,-0.24384,0.03048,8,16.77
24.1,305.53,288.75,13.798,13.716,-0.67056,0.03048,8,16.78
24.2,306.91,290.12,13.731,13.719,-0.3048,-0.03048,8,16.79
24.3,308.28,291.49,13.701,13.716,0.1524,0,8,16.79
24.4,309.65,292.86,13.716,13.716,0,0,8,16.79
24.5,311.03,294.23,13.716,13.716,0,0,8,16.8
24.6,312.4,295.61,13.716,13.716,0,0,8,16.79
24.7,313.77,296.98,13.716,13.716,0.06096,0,8,16.79
24.8,315.14,298.35,13.722,13.716,-0.21336,-0.18288,8,16.79
24.9,316.51,299.72,13.701,13.698,-0.33528,0.36576,8,16.79
25,317.88,301.09,13.667,13.734,0.36576,0.73152,8,16.79
25.1,319.25,302.46,13.704,13.807,1.8288,0.27432,8,16.79
25.2,320.62,303.84,13.887,13.835,3.5052,-0.27432,8,16.78
25.3,322.01,305.23,14.237,13.807,3.5357,-0.73152,8,16.78
25.4,323.43,306.61,14.591,13.734,1.3106,-0.36576,8,16.82
25.5,324.89,307.98,14.722,13.698,-0.51816,0.1524,8,16.91
25.6,326.36,309.35,14.67,13.713,-1.2192,0.03048,8,17.01
25.7,327.83,310.72,14.548,13.716,-1.4326,0,8,17.11
25.8,329.29,312.09,14.405,13.716,-1.1582,0,8,17.2
25.9,330.73,313.47,14.289,13.716,-0.54864,0,8,17.26
26,332.16,314.84,14.234,13.716,1.2497,0,8,17.32
26.1,333.58,316.21,14.359,13.716,3.749,0.03048,8,17.37
26.2,335.01,317.58,14.734,13.719,3.7795,-0.03048,8,17.43
26.3,336.49,318.95,15.112,13.716,1.6764,0,8,17.54
26.4,338,320.32,15.28,13.716,-1.7069,-0.03048,8,17.68
26.5,339.53,321.7,15.109,13.713,-3.9014,0.03048,8,17.83
26.6,341.04,323.07,14.719,13.716,-2.5603,0,8,17.97
26.7,342.51,324.44,14.463,13.716,0.48768,0.03048,8,18.07
26.8,343.96,325.81,14.512,13.719,2.286,-0.03048,8,18.15
26.9,345.41,327.18,14.74,13.716,1.8898,0,8,18.23
27,346.88,328.55,14.929,13.716,0.36576,0,8,18.33
27.1,348.37,329.93,14.966,13.716,-0.48768,0,8,18.44
27.2,349.87,331.3,14.917,13.716,-1.0058,0,8,18.57
27.3,351.36,332.67,14.816,13.716,-1.4326,-0.03048,8,18.69
27.4,352.84,334.04,14.673,13.713,-1.7983,0.03048,8,18.8
27.5,354.31,335.41,14.493,13.716,-1.8898,0.03048,8,18.9
27.6,355.76,336.78,14.304,13.719,-2.3165,0.18288,8,18.98
27.7,357.19,338.15,14.073,13.737,-2.4689,-0.762,8,19.04
27.8,358.6,339.53,13.826,13.661,-1.585,-1.0973,8,19.07
27.9,359.98,340.89,13.667,13.551,0.03048,0.51816,8,19.09
28,361.35,342.25,13.67,13.603,1.9202,2.7127,8,19.1
28.1,362.72,343.61,13.862,13.874,2.5908,4.1148,8,19.11
28.2,364.1,345,14.121,14.286,1.0058,2.8346,8,19.1
28.3,365.51,346.43,14.222,14.569,-1.0668,0.97536,8,19.08
28.4,366.94,347.88,14.115,14.667,-1.6459,-0.03048,8,19.06
28.5,368.35,349.35,13.951,14.664,-0.70104,-1.1582,8,19
28.6,369.74,350.82,13.881,14.548,2.286,-2.4079,8,18.92
28.7,371.13,352.27,14.109,14.307,3.5966,-3.0785,8,18.86
28.8,372.54,353.7,14.469,13.999,1.2497,-2.347,8,18.84
28.9,373.99,355.1,14.594,13.765,-0.9144,-0.9144,8,18.89
29,375.45,356.48,14.502,13.673,-2.225,0.09144,8,18.97
29.1,376.9,357.85,14.28,13.682,-1.0363,0.3048,8,19.05
29.2,378.33,359.21,14.176,13.713,0.48768,0.06096,8,19.12
29.3,379.74,360.59,14.225,13.719,0.03048,-0.03048,8,19.15
29.4,381.17,361.96,14.228,13.716,-5.68E-12,0.03048,8,19.21
29.5,382.59,363.33,14.228,13.719,1.14E-11,-0.06096,8,19.26
29.6,384.01,364.7,14.228,13.713,-1.14E-11,0.06096,8,19.31
29.7,385.43,366.07,14.228,13.719,5.68E-12,-0.03048,8,19.36
29.8,386.86,367.44,14.228,13.716,-5.68E-12,0,8,19.42
29.9,388.28,368.82,14.228,13.716,1.14E-11,-0.57912,8,19.46
30,389.7,370.19,14.228,13.658,0.67056,1.1278,8,19.51
30.1,391.13,371.55,14.295,13.771,-1.3411,2.347,8,19.58
30.2,392.55,372.93,14.161,14.006,-2.7432,0.94488,8,19.62
30.3,393.97,374.33,13.887,14.1,-0.88392,-0.94488,8,19.64
30.4,395.36,375.74,13.798,14.006,1.0668,-2.347,8,19.62
30.5,396.74,377.14,13.905,13.771,2.2555,-1.1278,8,19.6
30.6,398.13,378.52,14.131,13.658,-0.06096,0.54864,8,19.61
30.7,399.54,379.88,14.124,13.713,-2.4689,0.03048,8,19.66
30.8,400.96,381.26,13.878,13.716,-1.3411,-0.03048,8,19.7
30.9,402.34,382.63,13.743,13.713,-0.54864,0.03048,8,19.71
31,403.72,384,13.689,13.716,0.06096,-0.03048,8,19.72
31.1,405.09,385.37,13.695,13.713,0.18288,-1.14E-11,8,19.72
31.2,406.46,386.74,13.713,13.713,0.03048,0.03048,8,19.72
31.3,407.83,388.11,13.716,13.716,0.06096,0,8,19.72
31.4,409.2,389.48,13.722,13.716,-0.06096,-0.03048,8,19.72
31.5,410.57,390.86,13.716,13.713,-0.18288,0.67056,8,19.71
31.6,411.94,392.23,13.698,13.78,-0.33528,-1.3106,8,19.71
31.7,413.31,393.6,13.664,13.649,-0.42672,-2.8042,8,19.71
31.8,414.68,394.97,13.622,13.369,0.64008,-1.0668,8,19.71
31.9,416.04,396.31,13.686,13.262,1.3411,1.0668,8,19.73
32,417.41,397.63,13.82,13.369,0.6096,2.8346,8,19.78
32.1,418.79,398.97,13.881,13.652,-0.33528,1.3106,8,19.82
32.2,420.18,400.33,13.847,13.783,-1.0668,-0.67056,8,19.85
32.3,421.56,401.71,13.74,13.716,-0.48768,0,8,19.85
32.4,422.94,403.08,13.692,13.716,0.24384,0,8,19.86
32.5,424.31,404.46,13.716,13.716,0.06096,0,8,19.85
32.6,425.68,405.83,13.722,13.716,-0.21336,0,8,19.85
32.7,427.05,407.2,13.701,13.716,-0.24384,0,8,19.85
32.8,428.42,408.57,13.676,13.716,0.73152,0,8,19.85
32.9,429.79,409.94,13.75,13.716,1.3411,0,8,19.85
33,431.16,411.31,13.884,13.716,0.79248,0,8,19.85
33.1,432.55,412.69,13.963,13.716,-1.4326,-0.24384,8,19.86
33.2,433.95,414.06,13.82,13.692,-2.6822,0.4572,8,19.89
33.3,435.33,415.43,13.551,13.737,-0.4572,0.94488,8,19.9
33.4,436.69,416.8,13.506,13.832,4.511,0.39624,8,19.89
33.5,438.04,418.18,13.957,13.871,4.6634,-0.39624,8,19.86
33.6,439.43,419.57,14.423,13.832,4.572,-0.94488,8,19.86
33.7,440.87,420.95,14.88,13.737,5.3035,-0.42672,8,19.92
33.8,442.36,422.33,15.411,13.695,3.2918,0.21336,8,20.03
33.9,443.9,423.7,15.74,13.716,-2.3165,-0.06096,8,20.2
34,445.48,425.07,15.508,13.71,-4.7549,0.18288,8,20.41
34.1,447.03,426.44,15.033,13.728,-4.2367,0.33528,8,20.59
34.2,448.53,427.81,14.609,13.762,-4.4196,-0.42672,8,20.72
34.3,449.99,429.19,14.167,13.719,-4.0234,-1.6764,8,20.8
34.4,451.41,430.56,13.765,13.551,-4.4806,-2.3165,8,20.85
34.5,452.79,431.92,13.317,13.32,0.36576,-1.1887,8,20.87
34.6,454.12,433.25,13.353,13.201,1.9812,0.79248,8,20.87
34.7,455.45,434.57,13.551,13.28,1.3716,2.347,8,20.88
34.8,456.81,435.9,13.689,13.515,0.24384,2.8956,8,20.91
34.9,458.18,437.25,13.713,13.804,-0.03048,3.3223,8,20.93
35,459.55,438.63,13.71,14.137,-1.14E-11,3.7186,8,20.92
35.1,460.92,440.04,13.71,14.508,1.14E-11,3.5662,8,20.88
35.2,462.29,441.49,13.71,14.865,-0.06096,0.73152,8,20.8
35.3,463.66,442.98,13.704,14.938,0.18288,-2.1946,8,20.68
35.4,465.03,444.47,13.722,14.719,0.36576,-2.5298,8,20.56
35.5,466.4,445.94,13.759,14.466,-0.33528,-2.6213,8,20.46
35.6,467.78,447.39,13.725,14.204,-1.463,-3.4747,8,20.39
35.7,469.15,448.81,13.579,13.856,-5.273,-3.4138,8,20.34
35.8,470.51,450.2,13.052,13.515,-3.5966,-4.5415,8,20.31
35.9,471.81,451.55,12.692,13.061,-4.6634,-1.2497,8,20.26
36,473.08,452.85,12.226,12.936,0.27432,0.42672,8,20.23
36.1,474.31,454.15,12.253,12.978,2.7737,0.6096,8,20.16
36.2,475.53,455.45,12.53,13.039,1.4935,0.1524,8,20.08
36.3,476.78,456.75,12.68,13.055,-0.6096,-0.06096,8,20.03
36.4,478.05,458.06,12.619,13.048,-0.06096,-0.06096,8,19.99
36.5,479.31,459.36,12.613,13.042,-1.14E-11,-0.03048,8,19.95
36.6,480.58,460.66,12.613,13.039,-0.09144,-0.09144,8,19.92
36.7,481.84,461.97,12.603,13.03,-1.71E-11,0.09144,8,19.87
36.8,483.1,463.27,12.603,13.039,0.24384,0.48768,8,19.83
36.9,484.36,464.58,12.628,13.088,0.48768,0.85344,8,19.78
37,485.62,465.88,12.677,13.173,0.64008,1.0973,8,19.74
37.1,486.89,467.2,12.741,13.283,0.51816,1.585,8,19.69
37.2,488.16,468.53,12.792,13.442,0.18288,-0.94488,8,19.63
37.3,489.44,469.87,12.811,13.347,-0.03048,-2.8956,8,19.57
37.4,490.72,471.21,12.808,13.058,-0.06096,-1.2802,8,19.51
37.5,492,472.51,12.802,12.93,-1.14E-11,1.0668,8,19.49
37.6,493.28,473.81,12.802,13.036,0.51816,3.048,8,19.47
37.7,494.56,475.11,12.853,13.341,-0.85344,1.3106,8,19.45
37.8,495.85,476.45,12.768,13.472,-2.0422,-0.6096,8,19.4
37.9,497.13,477.79,12.564,13.411,-1.1278,0.51816,8,19.34
38,498.38,479.13,12.451,13.463,0.33528,0.9144,8,19.25
38.1,499.63,480.48,12.485,13.554,1.6459,0.9144,8,19.15
38.2,500.88,481.84,12.649,13.646,0.1524,0.64008,8,19.04
38.3,502.14,483.2,12.664,13.71,-1.585,0.1524,8,18.94
38.4,503.41,484.57,12.506,13.725,-1.1278,-0.03048,8,18.84
38.5,504.66,485.94,12.393,13.722,-0.3048,-0.06096,8,18.72
38.6,505.9,487.32,12.363,13.716,1.0058,-0.09144,8,18.58
38.7,507.13,488.69,12.463,13.707,1.6459,0.24384,8,18.44
38.8,508.38,490.06,12.628,13.731,2.1946,0.24384,8,18.32
38.9,509.64,491.43,12.847,13.756,2.347,-0.36576,8,18.21
39,510.93,492.81,13.082,13.719,1.1582,-0.85344,8,18.12
39.1,512.24,494.18,13.198,13.634,1.585,-3.5662,8,18.06
39.2,513.56,495.54,13.356,13.277,-2.0117,-4.511,8,18.02
39.3,514.89,496.87,13.155,12.826,5.6083,-1.463,8,18.02
39.4,516.21,498.15,13.716,12.68,-15.24,1.3411,8,18.06
0.1,22.703,0,13.868,13.716,-0.06096,0,9,22.703
0.2,24.09,1.3716,13.862,13.716,-0.21336,-7.11E-14,9,22.7184
0.3,25.476,2.7432,13.841,13.716,-0.24384,1.42E-13,9,22.7328
0.4,26.861,4.1148,13.817,13.716,-0.21336,-0.03048,9,22.7462
0.5,28.242,5.4864,13.795,13.713,-0.03048,0.03048,9,22.7556
0.6,29.622,6.8577,13.792,13.716,0,-8.88E-14,9,22.7643
0.7,31.001,8.2293,13.792,13.716,0.03048,1.78E-13,9,22.7717
0.8,32.38,9.6009,13.795,13.716,-0.03048,0,9,22.7791
0.9,33.76,10.972,13.792,13.716,0.03048,-1.78E-13,9,22.788
1,35.139,12.344,13.795,13.716,0.42672,0.48768,9,22.795
1.1,36.518,13.716,13.838,13.765,-0.85344,-0.94488,9,22.802
1.2,37.902,15.092,13.753,13.67,-1.9507,-2.0117,9,22.81
1.3,39.277,16.459,13.558,13.469,-0.70104,-0.73152,9,22.818
1.4,40.633,17.806,13.487,13.396,0.67056,0.73152,9,22.827
1.5,41.982,19.146,13.554,13.469,1.9507,1.9812,9,22.836
1.6,43.337,20.493,13.75,13.667,0.9144,0.97536,9,22.844
1.7,44.712,21.859,13.841,13.765,-0.4572,-0.48768,9,22.853
1.8,46.096,23.236,13.795,13.716,-0.03048,0.03048,9,22.86
1.9,47.476,24.607,13.792,13.719,-0.18288,0.06096,9,22.869
2,48.855,25.979,13.774,13.725,7.11E-13,-0.27432,9,22.876
2.1,50.233,27.352,13.774,13.698,0.48768,-0.48768,9,22.881
2.2,51.61,28.722,13.823,13.649,1.2802,-0.64008,9,22.888
2.3,52.992,30.087,13.951,13.585,1.6764,-0.57912,9,22.905
2.4,54.387,31.445,14.118,13.527,2.5603,-0.42672,9,22.942
2.5,55.799,32.798,14.374,13.484,-2.0422,-0.6096,9,23.001
2.6,57.237,34.146,14.17,13.423,-5.3645,0.03048,9,23.091
2.7,58.654,35.488,13.634,13.426,-2.2555,0.18288,9,23.166
2.8,60.017,36.831,13.408,13.445,2.1336,-0.79248,9,23.186
2.9,61.358,38.176,13.622,13.365,5.0597,-0.762,9,23.182
3,62.72,39.512,14.127,13.289,3.2004,0.12192,9,23.208
3.1,64.133,40.841,14.448,13.301,-1.3411,1.3411,9,23.292
3.2,65.577,42.171,14.313,13.436,-1.4935,1.4935,9,23.406
3.3,67.009,43.515,14.164,13.585,-3.5966,0.18288,9,23.494
3.4,68.425,44.873,13.804,13.603,-3.9624,-0.21336,9,23.552
3.5,69.806,46.234,13.408,13.582,-3.5357,-0.03048,9,23.572
3.6,71.146,47.592,13.055,13.579,-1.2192,-7.11E-13,9,23.554
3.7,72.452,48.95,12.933,13.579,-0.27432,0,9,23.502
3.8,73.745,50.308,12.905,13.579,-0.73152,7.11E-13,9,23.437
3.9,75.036,51.665,12.832,13.579,-1.7069,0.03048,9,23.371
4,76.319,53.023,12.661,13.582,-1.0058,-0.03048,9,23.296
4.1,77.585,54.382,12.561,13.579,0.97536,0.79248,9,23.203
4.2,78.841,55.739,12.658,13.658,1.7678,-1.1887,9,23.102
4.3,80.107,57.105,12.835,13.539,1.2497,-4.0234,9,23.002
4.4,81.39,58.459,12.96,13.137,0.21336,-2.8346,9,22.931
4.5,82.686,59.773,12.981,12.853,-0.27432,1.0058,9,22.913
4.6,83.985,61.058,12.954,12.954,-0.12192,4.2672,9,22.927
4.7,85.28,62.354,12.942,13.381,0.03048,2.225,9,22.926
4.8,86.574,63.692,12.945,13.603,-0.03048,-3.9319,9,22.882
4.9,87.869,65.052,12.942,13.21,0.18288,-4.1148,9,22.817
5,89.163,66.373,12.96,12.799,0.51816,-5.2426,9,22.79
5.1,90.459,67.653,13.012,12.274,-0.42672,-0.39624,9,22.806
5.2,91.76,68.88,12.969,12.235,-3.1394,5.0597,9,22.88
5.3,93.057,70.104,12.655,12.741,-5.9741,3.5662,9,22.953
5.4,94.322,71.378,12.058,13.097,-4.511,5.3645,9,22.944
5.5,95.528,72.687,11.607,13.634,-5.9131,0.79248,9,22.841
5.6,96.689,74.051,11.015,13.713,-2.5603,-1.1278,9,22.638
5.7,97.791,75.422,10.759,13.6,2.8346,-0.762,9,22.369
5.8,98.866,76.782,11.043,13.524,2.0117,0.39624,9,22.084
5.9,99.971,78.135,11.244,13.564,-0.57912,-0.1524,9,21.836
6,101.1,79.491,11.186,13.548,-0.06096,-3.1699,9,21.609
6.1,102.21,80.846,11.18,13.231,0,-4.2672,9,21.364
6.2,103.33,82.169,11.18,12.805,0.03048,-3.9014,9,21.161
6.3,104.45,83.449,11.183,12.415,-0.03048,-4.0234,9,21.001
6.4,105.57,84.691,11.18,12.012,0.03048,-3.8405,9,20.879
6.5,106.69,85.892,11.183,11.628,-0.03048,-4.1758,9,20.798
6.6,107.8,87.055,11.18,11.211,0,-1.6764,9,20.745
6.7,108.92,88.176,11.18,11.043,0,0.97536,9,20.744
6.8,110.04,89.28,11.18,11.14,0.03048,2.286,9,20.76
6.9,111.16,90.394,11.183,11.369,-0.06096,1.524,9,20.766
7,112.28,91.531,11.177,11.521,0.21336,0.94488,9,20.749
7.1,113.39,92.683,11.198,11.616,0.33528,-1.7374,9,20.707
7.2,114.51,93.845,11.232,11.442,-0.4572,-3.2004,9,20.665
7.3,115.64,94.989,11.186,11.122,-1.9202,-1.1278,9,20.651
7.4,116.76,96.101,10.994,11.009,-3.5662,1.1582,9,20.659
7.5,117.86,97.202,10.638,11.125,-3.9624,3.0785,9,20.658
7.6,118.92,98.315,10.241,11.433,-2.1946,1.4326,9,20.605
7.7,119.94,99.458,10.022,11.576,0.39624,-0.70104,9,20.482
7.8,120.95,100.62,10.061,11.506,2.1336,-0.03048,9,20.33
7.9,121.95,101.77,10.275,11.503,1.0668,0.03048,9,20.18
8,122.98,102.92,10.381,11.506,-0.97536,-0.03048,9,20.06
8.1,124.02,104.07,10.284,11.503,-0.88392,-0.06096,9,19.95
8.2,125.05,105.22,10.196,11.497,1.2497,0.12192,9,19.83
8.3,126.07,106.37,10.321,11.509,1.9507,0.33528,9,19.7
8.4,127.1,107.52,10.516,11.543,-0.09144,-0.09144,9,19.58
8.5,128.15,108.67,10.506,11.534,-3.1394,-1.2192,9,19.48
8.6,129.2,109.83,10.193,11.412,-4.0234,-2.6518,9,19.37
8.7,130.22,110.97,9.7902,11.147,-1.7069,-3.5052,9,19.25
8.8,131.2,112.08,9.6195,10.796,1.4326,-2.6518,9,19.12
8.9,132.16,113.16,9.7627,10.531,2.7432,-1.2192,9,19
9,133.14,114.21,10.037,10.409,1.3106,-0.09144,9,18.93
9.1,134.14,115.26,10.168,10.4,-1.1582,0.33528,9,18.88
9.2,135.16,116.3,10.052,10.433,-2.2555,0.09144,9,18.86
9.3,136.16,117.34,9.8268,10.442,-0.88392,-0.03048,9,18.82
9.4,137.14,118.38,9.7384,10.439,-1.8288,-0.03048,9,18.76
9.5,138.12,119.43,9.5555,10.436,-4.2367,0.03048,9,18.69
9.6,139.07,120.47,9.1318,10.439,-3.9014,4.26E-12,9,18.6
9.7,139.99,121.51,8.7417,10.439,-2.5298,-0.03048,9,18.48
9.8,140.86,122.56,8.4887,10.436,0.4572,0.03048,9,18.3
9.9,141.71,123.6,8.5344,10.439,0.97536,2.84E-12,9,18.11
10,142.56,124.65,8.6319,10.439,-0.21336,-0.03048,9,17.91
10.1,143.43,125.69,8.6106,10.436,0.09144,0.06096,9,17.74
10.2,144.29,126.73,8.6197,10.442,-2.84E-12,-0.12192,9,17.56
10.3,145.15,127.78,8.6197,10.43,5.68E-12,-0.1524,9,17.37
10.4,146.01,128.82,8.6197,10.415,-0.03048,0.21336,9,17.19
10.5,146.87,129.86,8.6167,10.436,0.03048,0.9144,9,17.01
10.6,147.74,130.91,8.6197,10.528,-0.03048,1.6154,9,16.83
10.7,148.6,131.96,8.6167,10.689,0.03048,1.9507,9,16.64
10.8,149.46,133.03,8.6197,10.884,-2.84E-12,1.6154,9,16.43
10.9,150.32,134.12,8.6197,11.046,2.84E-12,0.94488,9,16.2
11,151.18,135.22,8.6197,11.14,-0.03048,0.70104,9,15.96
11.1,152.04,136.33,8.6167,11.211,-0.03048,-1.2192,9,15.71
11.2,152.91,137.46,8.6136,11.089,0.39624,-1.585,9,15.45
11.3,153.77,138.56,8.6533,10.93,0.4572,-0.36576,9,15.21
11.4,154.63,139.66,8.699,10.894,-2.2555,-2.4079,9,14.97
11.5,155.5,140.75,8.4734,10.653,-5.8826,-6.1874,9,14.75
11.6,156.35,141.81,7.8852,10.034,-5.4864,-5.8522,9,14.54
11.7,157.14,142.82,7.3365,9.4488,-6.3398,-6.797,9,14.32
11.8,157.87,143.76,6.7026,8.7691,-5.5169,-5.6388,9,14.11
11.9,158.54,144.64,6.1509,8.2052,-5.8826,-6.6751,9,13.9
12,159.16,145.46,5.5626,7.5377,-2.286,-0.33528,9,13.7
12.1,159.71,146.21,5.334,7.5042,0.57912,1.1278,9,13.5
12.2,160.25,146.96,5.3919,7.617,0.6096,0.18288,9,13.29
12.3,160.79,147.72,5.4529,7.6352,-0.21336,-0.3048,9,13.07
12.4,161.33,148.49,5.4315,7.6048,-1.0668,0.21336,9,12.84
12.5,161.88,149.25,5.3249,7.6261,-1.524,0.42672,9,12.63
12.6,162.41,150.01,5.1725,7.6688,-0.82296,-0.3048,9,12.4
12.7,162.93,150.78,5.0902,7.6383,0.82296,-1.8288,9,12.15
12.8,163.43,151.54,5.1725,7.4554,1.524,-4.2367,9,11.89
12.9,163.95,152.29,5.3249,7.0317,1.0668,-3.5662,9,11.66
13,164.48,152.99,5.4315,6.6751,0.1524,-4.2062,9,11.49
13.1,165.03,153.66,5.4468,6.2545,-0.24384,-1.8898,9,11.37
13.2,165.57,154.28,5.4224,6.0655,-0.06096,-0.24384,9,11.29
13.3,166.11,154.89,5.4163,6.0411,0.03048,0.36576,9,11.22
13.4,166.66,155.49,5.4193,6.0777,-0.03048,0.21336,9,11.17
13.5,167.2,156.1,5.4163,6.099,0.03048,0.09144,9,11.1
13.6,167.74,156.71,5.4193,6.1082,0,-2.84E-12,9,11.03
13.7,168.28,157.32,5.4193,6.1082,-0.03048,-0.36576,9,10.96
13.8,168.82,157.93,5.4163,6.0716,0.03048,-1.0973,9,10.89
13.9,169.36,158.54,5.4193,5.9619,-0.03048,-1.4326,9,10.82
14,169.91,159.14,5.4163,5.8186,0.03048,-1.0058,9,10.77
14.1,170.45,159.72,5.4193,5.718,0.03048,-0.1524,9,10.73
14.2,170.99,160.29,5.4224,5.7028,-0.12192,-0.1524,9,10.7
14.3,171.53,160.86,5.4102,5.6876,-0.27432,-0.88392,9,10.67
14.4,172.07,161.43,5.3828,5.5992,0.39624,-1.5545,9,10.64
14.5,172.61,161.99,5.4224,5.4437,1.3106,-0.762,9,10.62
14.6,173.15,162.53,5.5535,5.3675,1.3411,0.762,9,10.62
14.7,173.71,163.07,5.6876,5.4437,-0.33528,1.4021,9,10.64
14.8,174.28,163.61,5.654,5.5839,-2.5298,1.0058,9,10.67
14.9,174.84,164.17,5.4011,5.6845,-2.987,0.57912,9,10.67
15,175.38,164.74,5.1024,5.7424,-1.6459,1.0058,9,10.64
15.1,175.89,165.32,4.9378,5.843,-0.21336,1.6154,9,10.57
15.2,176.39,165.9,4.9164,6.0046,0.39624,0.70104,9,10.49
15.3,176.88,166.5,4.956,6.0747,0.12192,-0.9144,9,10.38
15.4,177.37,167.11,4.9682,5.9832,2.84E-12,-2.5908,9,10.26
15.5,177.87,167.71,4.9682,5.7241,-0.03048,-2.4689,9,10.16
15.6,178.37,168.28,4.9652,5.4773,-2.84E-12,-1.1278,9,10.09
15.7,178.86,168.83,4.9652,5.3645,-2.84E-12,-0.64008,9,10.03
15.8,179.36,169.36,4.9652,5.3005,5.68E-12,-1.0973,9,10
15.9,179.86,169.89,4.9652,5.1907,-2.84E-12,-2.3165,9,9.97
16,180.35,170.41,4.9652,4.9591,0.3048,-2.5908,9,9.94
16.1,180.85,170.91,4.9957,4.7,-0.57912,-1.3716,9,9.94
16.2,181.35,171.38,4.9378,4.5629,-1.3106,-0.36576,9,9.97
16.3,181.84,171.83,4.8067,4.5263,-0.4572,0.42672,9,10.01
16.4,182.32,172.29,4.761,4.569,0.4572,0.51816,9,10.03
16.5,182.8,172.74,4.8067,4.6208,1.2802,-0.4572,9,10.06
16.6,183.28,173.21,4.9347,4.575,0.6096,-1.6764,9,10.07
16.7,183.78,173.66,4.9957,4.4074,-0.27432,-2.347,9,10.12
16.8,184.27,174.1,4.9682,4.1727,-0.03048,-1.1278,9,10.17
16.9,184.77,174.52,4.9652,4.0599,2.84E-12,1.1278,9,10.25
17,185.27,174.93,4.9652,4.1727,2.84E-12,2.347,9,10.34
17.1,185.76,175.34,4.9652,4.4074,-2.84E-12,1.7069,9,10.42
17.2,186.26,175.78,4.9652,4.5781,2.84E-12,0.36576,9,10.48
17.3,186.76,176.24,4.9652,4.6147,-2.84E-12,-0.27432,9,10.52
17.4,187.25,176.7,4.9652,4.5872,0.03048,-0.21336,9,10.55
17.5,187.75,177.16,4.9682,4.5659,-0.09144,0.03048,9,10.59
17.6,188.25,177.62,4.9591,4.569,-0.06096,0.03048,9,10.63
17.7,188.74,178.08,4.953,4.572,0.21336,0,9,10.66
17.8,189.24,178.53,4.9743,4.572,0.73152,0,9,10.71
17.9,189.74,178.99,5.0475,4.572,1.0668,-0.03048,9,10.75
18,190.24,179.45,5.1542,4.569,0.88392,0.06096,9,10.79
18.1,190.76,179.9,5.2426,4.575,0.27432,-0.06096,9,10.86
18.2,191.28,180.36,5.27,4.569,0,0.03048,9,10.92
18.3,191.81,180.82,5.27,4.572,-0.09144,0.3048,9,10.99
18.4,192.33,181.28,5.2608,4.6025,-0.03048,-0.6096,9,11.05
18.5,192.86,181.74,5.2578,4.5415,-2.84E-12,-1.3411,9,11.12
18.6,193.39,182.19,5.2578,4.4074,5.68E-12,-0.4572,9,11.2
18.7,193.91,182.63,5.2578,4.3617,0.03048,0.4572,9,11.28
18.8,194.44,183.07,5.2608,4.4074,-0.03048,1.3411,9,11.37
18.9,194.96,183.51,5.2578,4.5415,-2.84E-12,0.64008,9,11.45
19,195.49,183.96,5.2578,4.6055,0.09144,-0.36576,9,11.53
19.1,196.02,184.42,5.2669,4.569,0.06096,-0.03048,9,11.6
19.2,196.54,184.88,5.273,4.5659,-0.3048,0.21336,9,11.66
19.3,197.07,185.34,5.2426,4.5872,-0.762,0.27432,9,11.73
19.4,197.59,185.8,5.1664,4.6147,-0.97536,-0.36576,9,11.79
19.5,198.11,186.26,5.0688,4.5781,-0.73152,-1.7069,9,11.85
19.6,198.62,186.71,4.9957,4.4074,-0.3048,-2.3165,9,11.91
19.7,199.12,187.16,4.9652,4.1758,0.03048,-0.79248,9,11.96
19.8,199.61,187.57,4.9682,4.0965,0.09144,0.9144,9,12.04
19.9,200.11,187.98,4.9774,4.188,0.03048,0.64008,9,12.13
20,200.61,188.4,4.9804,4.252,-0.03048,-0.64008,9,12.21
20.1,201.11,188.83,4.9774,4.188,0.03048,-0.94488,9,12.28
20.2,201.6,189.25,4.9804,4.0935,0,0.85344,9,12.35
20.3,202.1,189.65,4.9804,4.1788,-2.84E-12,2.2555,9,12.45
20.4,202.6,190.07,4.9804,4.4044,-0.03048,1.7374,9,12.53
20.5,203.1,190.51,4.9774,4.5781,0,0.36576,9,12.59
20.6,203.6,190.97,4.9774,4.6147,0.03048,-0.36576,9,12.63
20.7,204.09,191.43,4.9804,4.5781,-0.03048,0.03048,9,12.66
20.8,204.59,191.89,4.9774,4.5811,-2.84E-12,0.36576,9,12.7
20.9,205.09,192.35,4.9774,4.6177,0.03048,-0.42672,9,12.74
21,205.59,192.81,4.9804,4.575,-2.84E-12,-1.6459,9,12.78
21.1,206.09,193.27,4.9804,4.4105,-0.03048,-2.3774,9,12.82
21.2,206.58,193.71,4.9774,4.1727,0.03048,-1.1278,9,12.87
21.3,207.08,194.13,4.9804,4.0599,-0.03048,1.1278,9,12.95
21.4,207.58,194.53,4.9774,4.1727,0,2.347,9,13.05
21.5,208.08,194.95,4.9774,4.4074,0.03048,1.7069,9,13.13
21.6,208.57,195.39,4.9804,4.5781,-0.03048,0.36576,9,13.18
21.7,209.07,195.85,4.9774,4.6147,0.03048,-0.3048,9,13.22
21.8,209.57,196.31,4.9804,4.5842,0.06096,-0.18288,9,13.26
21.9,210.07,196.77,4.9865,4.5659,-0.24384,0.12192,9,13.3
22,210.57,197.22,4.9621,4.5781,-0.36576,-0.18288,9,13.35
22.1,211.06,197.68,4.9256,4.5598,0.33528,-0.39624,9,13.38
22.2,211.56,198.14,4.9591,4.5202,2.1946,0.3048,9,13.42
22.3,212.05,198.59,5.1786,4.5507,4.5415,1.8898,9,13.46
22.4,212.57,199.05,5.6327,4.7396,3.4442,4.1758,9,13.52
22.5,213.13,199.52,5.9771,5.1572,4.5415,3.5357,9,13.61
22.6,213.73,200.03,6.4313,5.5108,2.1641,4.1758,9,13.7
22.7,214.37,200.59,6.6477,5.9284,0.36576,1.8898,9,13.78
22.8,215.04,201.18,6.6843,6.1173,-0.39624,0.27432,9,13.86
22.9,215.71,201.79,6.6446,6.1448,-0.21336,-0.33528,9,13.92
23,216.37,202.4,6.6233,6.1112,0.06096,-0.1524,9,13.97
23.1,217.03,203.02,6.6294,6.096,0,-0.1524,9,14.01
23.2,217.7,203.63,6.6294,6.0808,0.03048,-0.24384,9,14.07
23.3,218.36,204.23,6.6324,6.0564,-0.03048,0.3048,9,14.13
23.4,219.02,204.84,6.6294,6.0869,2.84E-12,1.4021,9,14.18
23.5,219.69,205.45,6.6294,6.2271,-2.84E-12,2.6213,9,14.24
23.6,220.35,206.07,6.6294,6.4892,2.84E-12,2.3774,9,14.28
23.7,221.01,206.72,6.6294,6.7269,-2.84E-12,0.85344,9,14.29
23.8,221.67,207.39,6.6294,6.8123,0.03048,0.09144,9,14.28
23.9,222.34,208.07,6.6324,6.8214,-0.12192,0.39624,9,14.27
24,223,208.76,6.6203,6.861,-0.27432,1.7069,9,14.24
24.1,223.66,209.44,6.5928,7.0317,0.27432,2.286,9,14.22
24.2,224.32,210.14,6.6203,7.2603,1.3106,1.2802,9,14.18
24.3,224.98,210.87,6.7513,7.3884,2.5908,0.39624,9,14.11
24.4,225.66,211.61,7.0104,7.428,3.3223,-0.21336,9,14.05
24.5,226.36,212.35,7.3426,7.4066,2.5908,-0.21336,9,14.01
24.6,227.09,213.09,7.6017,7.3853,1.3106,0.06096,9,14
24.7,227.85,213.83,7.7328,7.3914,0.06096,2.84E-12,9,14.02
24.8,228.63,214.57,7.7389,7.3914,-0.3048,-2.84E-12,9,14.06
24.9,229.4,215.31,7.7084,7.3914,-0.09144,0,9,14.09
25,230.17,216.05,7.6992,7.3914,0.03048,2.84E-12,9,14.12
25.1,230.94,216.79,7.7023,7.3914,0.09144,-2.84E-12,9,14.15
25.2,231.71,217.53,7.7114,7.3914,-0.06096,2.84E-12,9,14.18
25.3,232.48,218.27,7.7053,7.3914,-0.27432,-5.68E-12,9,14.21
25.4,233.25,219.01,7.6779,7.3914,-0.4572,2.84E-12,9,14.24
25.5,234.02,219.74,7.6322,7.3914,-0.21336,-0.03048,9,14.28
25.6,234.79,220.48,7.6109,7.3884,0.21336,-0.24384,9,14.31
25.7,235.55,221.22,7.6322,7.364,0.4572,0.09144,9,14.33
25.8,236.31,221.96,7.6779,7.3731,0.27432,0.9144,9,14.35
25.9,237.08,222.7,7.7053,7.4646,0.12192,1.7983,9,14.38
26,237.85,223.44,7.7175,7.6444,-0.3048,2.3774,9,14.41
26.1,238.62,224.21,7.6871,7.8821,-0.57912,1.7983,9,14.41
26.2,239.39,225,7.6291,8.062,0.67056,0.94488,9,14.39
26.3,240.15,225.8,7.6962,8.1564,4.2977,0.24384,9,14.35
26.4,240.92,226.62,8.126,8.1808,4.1758,-0.18288,9,14.3
26.5,241.73,227.44,8.5435,8.1625,4.5415,-0.12192,9,14.29
26.6,242.59,228.25,8.9977,8.1504,3.9319,-0.12192,9,14.34
26.7,243.49,229.07,9.3909,8.1382,-1.2802,-0.03048,9,14.42
26.8,244.43,229.88,9.2629,8.1351,-2.286,0.06096,9,14.55
26.9,245.35,230.69,9.0343,8.1412,-0.67056,2.84E-12,9,14.66
27,246.26,231.51,8.9672,8.1412,1.1278,-0.33528,9,14.75
27.1,247.15,232.32,9.08,8.1077,0.97536,-0.42672,9,14.83
27.2,248.06,233.13,9.1775,8.065,-0.12192,-0.18288,9,14.93
27.3,248.98,233.94,9.1653,8.0467,-0.27432,0.18288,9,15.04
27.4,249.9,234.74,9.1379,8.065,0.06096,0.4572,9,15.16
27.5,250.81,235.55,9.144,8.1107,0,0.33528,9,15.26
27.6,251.72,236.36,9.144,8.1443,0,-0.12192,9,15.36
27.7,252.64,237.18,9.144,8.1321,0,-0.4572,9,15.46
27.8,253.55,237.99,9.144,8.0863,0,0.18288,9,15.56
27.9,254.47,238.8,9.144,8.1046,0,2.9261,9,15.67
28,255.38,239.61,9.144,8.3972,0,5.0597,9,15.77
28.1,256.3,240.45,9.144,8.9032,0,4.7854,9,15.85
28.2,257.21,241.34,9.144,9.3817,0,4.7854,9,15.87
28.3,258.12,242.28,9.144,9.8603,0,4.9987,9,15.84
28.4,259.04,243.26,9.144,10.36,0,3.1699,9,15.78
28.5,259.95,244.3,9.144,10.677,0,0.9144,9,15.65
28.6,260.87,245.37,9.144,10.769,0,0.42672,9,15.5
28.7,261.78,246.44,9.144,10.811,0,-0.54864,9,15.34
28.8,262.7,247.52,9.144,10.756,0.18288,-4.0234,9,15.18
28.9,263.61,248.6,9.1623,10.354,-0.36576,-4.1758,9,15.01
29,264.53,249.64,9.1257,9.9365,-0.82296,-4.2367,9,14.89
29.1,265.44,250.63,9.0434,9.5128,-0.12192,-3.7186,9,14.81
29.2,266.34,251.58,9.0312,9.141,0.70104,-0.67056,9,14.76
29.3,267.25,252.49,9.1013,9.0739,0.42672,0.48768,9,14.76
29.4,268.16,253.4,9.144,9.1227,-1.463,0.3048,9,14.76
29.5,269.07,254.31,8.9977,9.1531,-4.3586,-0.12192,9,14.76
29.6,269.97,255.23,8.5618,9.141,-3.5662,0.03048,9,14.74
29.7,270.83,256.14,8.2052,9.144,-4.2062,0,9,14.69
29.8,271.65,257.06,7.7846,9.144,-1.8593,0,9,14.59
29.9,272.43,257.97,7.5987,9.144,-0.3048,0,9,14.46
30,273.19,258.89,7.5682,9.144,0.36576,0.03048,9,14.3
30.1,273.94,259.8,7.6048,9.147,0.21336,-0.03048,9,14.14
30.2,274.7,260.72,7.6261,9.144,-0.06096,0,9,13.98
30.3,275.47,261.63,7.62,9.144,0,0,9,13.84
30.4,276.23,262.54,7.62,9.144,-0.03048,0.1524,9,13.69
30.5,276.99,263.46,7.617,9.1592,0.03048,-0.3048,9,13.53
30.6,277.75,264.38,7.62,9.1288,0,-0.762,9,13.37
30.7,278.51,265.29,7.62,9.0526,0,-0.27432,9,13.22
30.8,279.28,266.19,7.62,9.0251,0,0.24384,9,13.09
30.9,280.04,267.1,7.62,9.0495,0,0.9144,9,12.94
31,280.8,268,7.62,9.141,0.06096,0.73152,9,12.8
31.1,281.56,268.91,7.6261,9.2141,-0.33528,-0.51816,9,12.65
31.2,282.32,269.84,7.5926,9.1623,-0.33528,-1.8288,9,12.48
31.3,283.08,270.75,7.559,8.9794,1.0973,-4.2062,9,12.33
31.4,283.84,271.65,7.6688,8.5588,3.3528,-3.5662,9,12.19
31.5,284.61,272.51,8.004,8.2022,4.4501,-4.1453,9,12.1
31.6,285.41,273.33,8.4491,7.7876,2.6213,-1.8898,9,12.08
31.7,286.25,274.11,8.7112,7.5987,-1.2497,-0.3048,9,12.14
31.8,287.12,274.87,8.5862,7.5682,-3.5052,0.39624,9,12.25
31.9,287.98,275.62,8.2357,7.6078,-2.8042,0.1524,9,12.36
32,288.81,276.38,7.9553,7.623,-0.94488,-0.03048,9,12.43
32.1,289.6,277.15,7.8608,7.62,0.27432,0,9,12.45
32.2,290.39,277.91,7.8882,7.62,0.24384,-0.03048,9,12.48
32.3,291.18,278.67,7.9126,7.617,-0.1524,0.03048,9,12.51
32.4,291.97,279.43,7.8974,7.62,0.12192,0,9,12.54
32.5,292.76,280.19,7.9096,7.62,1.0363,0,9,12.57
32.6,293.55,280.95,8.0132,7.62,2.1946,0,9,12.6
32.7,294.35,281.72,8.2326,7.62,2.8956,0,9,12.63
32.8,295.17,282.48,8.5222,7.62,2.3165,-0.06096,9,12.69
32.9,296.02,283.24,8.7539,7.6139,1.0973,5.68E-12,9,12.78
33,296.9,284,8.8636,7.6139,0.09144,0.12192,9,12.9
33.1,297.79,284.76,8.8727,7.6261,-0.33528,0.4572,9,13.03
33.2,298.67,285.53,8.8392,7.6718,0.12192,0.51816,9,13.14
33.3,299.56,286.29,8.8514,7.7236,0.24384,0.42672,9,13.27
33.4,300.44,287.07,8.8758,7.7663,-0.51816,0.1524,9,13.37
33.5,301.33,287.84,8.824,7.7815,-1.524,-0.06096,9,13.49
33.6,302.21,288.62,8.6716,7.7754,-1.7069,0.1524,9,13.59
33.7,303.08,289.4,8.5009,7.7907,-0.12192,0.21336,9,13.68
33.8,303.93,290.18,8.4887,7.812,1.9812,-1.0973,9,13.75
33.9,304.78,290.96,8.6868,7.7023,2.7737,-1.3106,9,13.82
34,305.65,291.73,8.9642,7.5712,1.7678,0.79248,9,13.92
34.1,306.54,292.49,9.141,7.6505,0.4572,5.5169,9,14.05
34.2,307.46,293.25,9.1867,8.2022,-0.24384,4.0538,9,14.21
34.3,308.38,294.07,9.1623,8.6076,-0.21336,4.2672,9,14.31
34.4,309.29,294.93,9.141,9.0343,0.03048,5.0292,9,14.36
34.5,310.21,295.84,9.144,9.5372,0,1.4326,9,14.37
34.6,311.12,296.79,9.144,9.6804,0,-0.48768,9,14.33
34.7,312.04,297.76,9.144,9.6317,0,-0.33528,9,14.28
34.8,312.95,298.72,9.144,9.5982,-0.03048,0.42672,9,14.23
34.9,313.86,299.68,9.141,9.6408,0.03048,-0.09144,9,14.18
35,314.78,300.64,9.144,9.6317,0,-1.2192,9,14.14
35.1,315.69,301.61,9.144,9.5098,0,-2.6822,9,14.08
35.2,316.61,302.56,9.144,9.2415,0,-3.4747,9,14.05
35.3,317.52,303.48,9.144,8.8941,0,-2.7127,9,14.04
35.4,318.44,304.37,9.144,8.6228,0,-1.2192,9,14.07
35.5,319.35,305.23,9.144,8.5009,0,-0.03048,9,14.12
35.6,320.26,306.08,9.144,8.4978,0,0.33528,9,14.18
35.7,321.18,306.93,9.144,8.5314,0,0,9,14.25
35.8,322.09,307.79,9.144,8.5314,0,-0.27432,9,14.3
35.9,323.01,308.64,9.144,8.5039,0,0.18288,9,14.37
36,323.92,309.49,9.144,8.5222,0,0.94488,9,14.43
36.1,324.84,310.34,9.144,8.6167,0,1.8288,9,14.5
36.2,325.75,311.2,9.144,8.7996,0,2.286,9,14.55
36.3,326.67,312.08,9.144,9.0282,0,1.8898,9,14.59
36.4,327.58,312.99,9.144,9.2172,0,0.9144,9,14.59
36.5,328.49,313.91,9.144,9.3086,0,0.1524,9,14.58
36.6,329.41,314.84,9.144,9.3238,0,-0.21336,9,14.57
36.7,330.32,315.77,9.144,9.3025,0,-0.09144,9,14.55
36.8,331.24,316.7,9.144,9.2934,0,0.1524,9,14.54
36.9,332.15,317.63,9.144,9.3086,0,-0.03048,9,14.52
37,333.07,318.56,9.144,9.3055,-0.03048,-0.36576,9,14.51
37.1,333.98,319.49,9.141,9.269,0.03048,-0.73152,9,14.49
37.2,334.9,320.42,9.144,9.1958,0,-0.73152,9,14.48
37.3,335.81,321.34,9.144,9.1227,0,-0.21336,9,14.47
37.4,336.72,322.25,9.144,9.1013,0.03048,0.18288,9,14.47
37.5,337.64,323.16,9.147,9.1196,-0.03048,0.21336,9,14.48
37.6,338.55,324.07,9.144,9.141,0,0.09144,9,14.48
37.7,339.47,324.99,9.144,9.1501,0,-0.06096,9,14.48
37.8,340.38,325.9,9.144,9.144,-0.09144,0,9,14.48
37.9,341.3,326.82,9.1349,9.144,0.18288,-0.06096,9,14.48
38,342.21,327.73,9.1531,9.1379,0.39624,0.18288,9,14.48
38.1,343.12,328.65,9.1928,9.1562,0.12192,0.36576,9,14.47
38.2,344.04,329.56,9.205,9.1928,-0.1524,-0.27432,9,14.48
38.3,344.96,330.48,9.1897,9.1653,-0.36576,-1.8593,9,14.48
38.4,345.88,331.4,9.1531,8.9794,-0.18288,-4.2062,9,14.48
38.5,346.8,332.3,9.1349,8.5588,0.09144,-3.5357,9,14.5
38.6,347.71,333.15,9.144,8.2052,0,-4.2367,9,14.56
38.7,348.63,333.97,9.144,7.7815,0,-1.6459,9,14.66
38.8,349.54,334.75,9.144,7.617,0,-0.21336,9,14.79
38.9,350.46,335.51,9.144,7.5956,0,-0.54864,9,14.95
39,351.37,336.27,9.144,7.5408,-0.03048,-0.67056,9,15.1
39.1,352.28,337.02,9.141,7.4737,0.03048,1.0058,9,15.26
39.2,353.2,337.77,9.144,7.5743,0,5.6083,9,15.43
39.3,354.11,338.53,9.144,8.1351,0,4.2672,9,15.58
39.4,355.03,339.34,9.144,8.5618,0,4.2672,9,15.69
39.5,355.94,340.2,9.144,8.9886,0,5.334,9,15.74
39.6,356.86,341.1,9.144,9.522,0,1.6154,9,15.76
39.7,357.77,342.05,9.144,9.6835,0,-0.03048,9,15.72
39.8,358.68,343.02,9.144,9.6804,0,-0.12192,9,15.66
39.9,359.6,343.99,9.144,9.6683,0,0.18288,9,15.61
40,360.51,344.95,9.144,9.6865,-0.03048,-0.57912,9,15.56
40.1,361.43,345.92,9.141,9.6286,0.06096,-1.524,9,15.51
0.1,29.189,0,13.585,13.551,-2.5603,0.36576,10,29.189
0.2,30.548,1.3551,13.329,13.588,-2.3165,-0.09144,10,29.1929
0.3,31.881,2.7139,13.097,13.579,-1.1278,0.27432,10,29.1671
0.4,33.191,4.0718,12.984,13.606,-0.64008,0.57912,10,29.1192
0.5,34.489,5.4325,12.92,13.664,-1.0973,0.42672,10,29.0565
0.6,35.781,6.7989,12.811,13.707,-2.3165,0.1524,10,28.9821
0.7,37.062,8.1696,12.579,13.722,-2.5603,0,10,28.8924
0.8,38.32,9.5418,12.323,13.722,-1.3716,-0.03048,10,28.7782
0.9,39.552,10.914,12.186,13.719,-0.36576,-0.03048,10,28.638
1,40.771,12.286,12.149,13.716,0.27432,-0.06096,10,28.485
1.1,41.986,13.657,12.177,13.71,0.1524,0.33528,10,28.329
1.2,43.204,15.028,12.192,13.743,0.12192,0.09144,10,28.176
1.3,44.423,16.403,12.204,13.753,0.4572,-0.79248,10,28.02
1.4,45.643,17.778,12.25,13.673,-0.24384,-2.0726,10,27.865
1.5,46.868,19.145,12.226,13.466,-2.8956,-3.5966,10,27.723
1.6,48.091,20.492,11.936,13.106,-4.9378,-3.81,10,27.599
1.7,49.284,21.803,11.442,12.725,-4.2672,-3.5357,10,27.481
1.8,50.429,23.075,11.015,12.372,-4.3891,-2.0117,10,27.354
1.9,51.53,24.312,10.577,12.171,-4.3891,-0.27432,10,27.218
2,52.588,25.529,10.138,12.143,-1.3411,0.33528,10,27.059
2.1,53.602,26.744,10.004,12.177,-0.4572,0.18288,10,26.858
2.2,54.602,27.961,9.9578,12.195,-0.4572,-0.03048,10,26.641
2.3,55.598,29.181,9.9121,12.192,-0.18288,0,10,26.417
2.4,56.589,30.4,9.8938,12.192,0.12192,0.03048,10,26.189
2.5,57.578,31.619,9.906,12.195,0.03048,-0.03048,10,25.959
2.6,58.569,32.839,9.909,12.192,-0.03048,0,10,25.73
2.7,59.56,34.058,9.906,12.192,0,-0.03048,10,25.502
2.8,60.55,35.277,9.906,12.189,0,0.03048,10,25.273
2.9,61.541,36.496,9.906,12.192,0,-0.06096,10,25.045
3,62.532,37.715,9.906,12.186,0.03048,0.21336,10,24.817
3.1,63.522,38.934,9.909,12.207,-0.03048,0.27432,10,24.588
3.2,64.513,40.155,9.906,12.235,-0.03048,-0.36576,10,24.358
3.3,65.504,41.378,9.903,12.198,0.09144,-1.3106,10,24.126
3.4,66.494,42.598,9.9121,12.067,0.27432,-2.3165,10,23.896
3.5,67.485,43.805,9.9395,11.835,0,-2.7432,10,23.68
3.6,68.479,44.988,9.9395,11.561,-0.97536,-2.6213,10,23.491
3.7,69.473,46.144,9.842,11.299,-2.3165,-2.7432,10,23.329
3.8,70.457,47.274,9.6103,11.025,-2.8346,-2.347,10,23.183
3.9,71.418,48.377,9.3269,10.79,-1.8898,-1.2802,10,23.041
4,72.351,49.456,9.1379,10.662,-0.48768,-0.57912,10,22.895
4.1,73.265,50.522,9.0891,10.604,0.27432,0.82296,10,22.743
4.2,74.174,51.582,9.1166,10.686,0.3048,1.3106,10,22.592
4.3,75.085,52.651,9.147,10.817,0.03048,-0.1524,10,22.434
4.4,76,53.733,9.1501,10.802,-0.09144,-1.9812,10,22.267
4.5,76.915,54.813,9.141,10.604,0.03048,-3.1699,10,22.102
4.6,77.829,55.873,9.144,10.287,0,-1.585,10,21.956
4.7,78.744,56.902,9.144,10.129,0,1.7374,10,21.842
4.8,79.658,57.915,9.144,10.302,0.03048,2.7432,10,21.743
4.9,80.572,58.945,9.147,10.577,-0.09144,0.36576,10,21.627
5,81.487,60.003,9.1379,10.613,0.18288,-5.1511,10,21.484
5.1,82.401,61.064,9.1562,10.098,0.39624,-4.2977,10,21.337
5.2,83.316,62.074,9.1958,9.6683,-0.3048,-4.2672,10,21.242
5.3,84.236,63.041,9.1653,9.2415,-1.8898,-4.633,10,21.195
5.4,85.153,63.965,8.9764,8.7782,-4.1758,-2.4689,10,21.188
5.5,86.05,64.843,8.5588,8.5314,-3.5357,-2.5298,10,21.207
5.6,86.906,65.696,8.2052,8.2784,-4.2062,-3.3223,10,21.21
5.7,87.727,66.524,7.7846,7.9461,-1.8288,-3.0175,10,21.203
5.8,88.505,67.318,7.6017,7.6444,-0.3048,-1.3411,10,21.187
5.9,89.265,68.083,7.5712,7.5103,0.6096,0.73152,10,21.182
6,90.022,68.834,7.6322,7.5834,-0.33528,2.1946,10,21.188
6.1,90.786,69.592,7.5987,7.8029,-1.1582,3.2614,10,21.194
6.2,91.545,70.372,7.4828,8.129,-0.42672,3.1699,10,21.173
6.3,92.294,71.185,7.4402,8.446,0.48768,1.6459,10,21.109
6.4,93.038,72.03,7.4889,8.6106,1.2497,1.0668,10,21.008
6.5,93.787,72.891,7.6139,8.7173,0.762,0.94488,10,20.896
6.6,94.548,73.763,7.6901,8.8118,-0.09144,0.36576,10,20.785
6.7,95.317,74.644,7.681,8.8483,0.06096,-0.57912,10,20.673
6.8,96.085,75.529,7.6871,8.7904,7.11E-12,-1.0973,10,20.556
6.9,96.854,76.408,7.6871,8.6807,-0.03048,-0.39624,10,20.446
7,97.623,77.276,7.684,8.6411,-0.06096,-0.09144,10,20.347
7.1,98.391,78.14,7.6779,8.6319,0.1524,-1.2497,10,20.251
7.2,99.159,79.003,7.6932,8.507,0.48768,-2.6213,10,20.156
7.3,99.928,79.854,7.7419,8.2448,-0.3048,-2.7127,10,20.074
7.4,100.7,80.678,7.7114,7.9736,-1.9812,-0.85344,10,20.022
7.5,101.47,81.475,7.5133,7.8882,-4.511,0.57912,10,19.995
7.6,102.22,82.264,7.0622,7.9461,-3.6881,1.0363,10,19.956
7.7,102.93,83.059,6.6934,8.0498,-3.9319,1.2802,10,19.871
7.8,103.6,83.864,6.3002,8.1778,-3.9624,1.6459,10,19.736
7.9,104.23,84.682,5.904,8.3424,-3.871,1.5545,10,19.548
8,104.82,85.516,5.5169,8.4978,-3.6576,-0.36576,10,19.304
8.1,105.37,86.366,5.1511,8.4612,-4.0843,-2.9566,10,19.004
8.2,105.89,87.212,4.7427,8.1656,-1.9507,-3.5357,10,18.678
8.3,106.36,88.028,4.5476,7.812,-0.1524,-2.1031,10,18.332
8.4,106.82,88.81,4.5324,7.6017,0.762,-0.03048,10,18.01
8.5,107.27,89.57,4.6086,7.5987,-0.12192,-0.42672,10,17.7
8.6,107.73,90.33,4.5964,7.556,-1.9202,-0.97536,10,17.4
8.7,108.19,91.085,4.4044,7.4585,-4.1453,1.0973,10,17.105
8.8,108.63,91.831,3.9898,7.5682,-3.5662,3.2004,10,16.799
8.9,109.03,92.588,3.6332,7.8882,-4.1758,2.225,10,16.442
9,109.39,93.377,3.2156,8.1107,-1.8898,-7.7419,10,16.013
9.1,109.71,94.188,3.0267,7.3365,-0.3048,-6.4618,10,15.522
9.2,110.02,94.921,2.9962,6.6904,0.36576,-8.2601,10,15.099
9.3,110.32,95.59,3.0328,5.8644,0.21336,-7.7724,10,14.73
9.4,110.62,96.177,3.0541,5.0871,-0.09144,-6.4313,10,14.443
9.5,110.93,96.686,3.045,4.444,0.1524,-5.9741,10,14.244
9.6,111.23,97.13,3.0602,3.8466,0.39624,0.27432,10,14.1
9.7,111.54,97.515,3.0998,3.874,-0.3048,0.4572,10,14.025
9.8,111.85,97.902,3.0693,3.9197,-1.8898,0,10,13.948
9.9,112.15,98.294,2.8804,3.9197,-4.1758,-7.11E-12,10,13.856
10,112.44,98.686,2.4628,3.9197,-3.5357,0.03048,10,13.754
10.1,112.69,99.078,2.1092,3.9228,-4.2062,-0.03048,10,13.612
10.2,112.9,99.47,1.6886,3.9197,-1.8288,0,10,13.43
10.3,113.07,99.862,1.5057,3.9197,-0.33528,-7.11E-12,10,13.208
10.4,113.22,100.25,1.4722,3.9197,0.39624,7.11E-12,10,12.97
10.5,113.36,100.65,1.5118,3.9197,0.1524,0,10,12.71
10.6,113.52,101.04,1.527,3.9197,-0.03048,-0.06096,10,12.48
10.7,113.67,101.43,1.524,3.9136,-1.42E-12,0.3048,10,12.24
10.8,113.82,101.82,1.524,3.9441,1.42E-12,0.4572,10,12
10.9,113.97,102.22,1.524,3.9898,0,-0.79248,10,11.75
11,114.13,102.61,1.524,3.9106,0,-4.6634,10,11.52
11.1,114.28,103.01,1.524,3.4442,0,-4.572,10,11.27
11.2,114.43,103.35,1.524,2.987,0,-4.7854,10,11.08
11.3,114.58,103.65,1.524,2.5085,0,-4.572,10,10.93
11.4,114.74,103.9,1.524,2.0513,0,-4.6634,10,10.84
11.5,114.89,104.11,1.524,1.585,0,-0.85344,10,10.78
11.6,115.04,104.26,1.524,1.4996,0,0.54864,10,10.78
11.7,115.19,104.41,1.524,1.5545,0,0.27432,10,10.78
11.8,115.35,104.57,1.524,1.5819,0,-0.06096,10,10.78
11.9,115.5,104.73,1.524,1.5758,0.03048,-0.03048,10,10.77
12,115.65,104.88,1.527,1.5728,-0.03048,5.68E-12,10,10.77
12.1,115.8,105.04,1.524,1.5728,0,0.03048,10,10.76
12.2,115.96,105.2,1.524,1.5758,-0.03048,0,10,10.76
12.3,116.11,105.36,1.521,1.5758,0.09144,-5.68E-12,10,10.75
12.4,116.26,105.51,1.5301,1.5758,-0.18288,5.68E-12,10,10.75
12.5,116.41,105.67,1.5118,1.5758,-0.3048,-0.03048,10,10.74
12.6,116.56,105.83,1.4813,1.5728,0.36576,0.03048,10,10.73
12.7,116.71,105.99,1.5179,1.5758,1.7069,-0.03048,10,10.72
12.8,116.86,106.14,1.6886,1.5728,2.3165,0.03048,10,10.72
12.9,117.03,106.3,1.9202,1.5758,1.1887,-1.42E-12,10,10.73
13,117.22,106.46,2.0391,1.5758,-1.2497,-0.03048,10,10.76
13.1,117.43,106.62,1.9141,1.5728,-2.1641,0.03048,10,10.81
13.2,117.62,106.77,1.6977,1.5758,-1.3411,0,10,10.85
13.3,117.79,106.93,1.5636,1.5758,-0.51816,-0.03048,10,10.86
13.4,117.95,107.09,1.5118,1.5728,-1.1887,0.03048,10,10.86
13.5,118.1,107.25,1.3929,1.5758,-2.7432,5.68E-12,10,10.85
13.6,118.24,107.4,1.1186,1.5758,-3.4442,-0.03048,10,10.84
13.7,118.35,107.56,0.77419,1.5728,-2.0422,0.03048,10,10.79
13.8,118.43,107.72,0.56998,1.5758,-0.36576,0.09144,10,10.71
13.9,118.48,107.88,0.5334,1.585,0.4572,-0.06096,10,10.6
14,118.54,108.04,0.57912,1.5789,0.39624,-0.27432,10,10.5
14.1,118.59,108.19,0.61874,1.5514,-0.03048,-0.4572,10,10.4
14.2,118.66,108.35,0.6157,1.5057,-0.09144,-0.33528,10,10.31
14.3,118.72,108.5,0.60655,1.4722,0.06096,0.03048,10,10.22
14.4,118.78,108.65,0.61265,1.4752,-0.03048,0.27432,10,10.13
14.5,118.84,108.79,0.6096,1.5027,-1.42E-12,0.21336,10,10.05
14.6,118.9,108.94,0.6096,1.524,1.42E-12,0.06096,10,9.96
14.7,118.96,109.1,0.6096,1.5301,-8.53E-12,-0.03048,10,9.86
14.8,119.02,109.25,0.6096,1.527,7.11E-12,-0.03048,10,9.77
14.9,119.08,109.4,0.6096,1.524,1.42E-12,0,10,9.68
15,119.14,109.55,0.6096,1.524,-1.42E-12,0,10,9.59
15.1,119.21,109.71,0.6096,1.524,0,-0.03048,10,9.5
15.2,119.27,109.86,0.6096,1.521,-5.68E-12,0.03048,10,9.41
15.3,119.33,110.01,0.6096,1.524,5.68E-12,0,10,9.32
15.4,119.39,110.16,0.6096,1.524,1.42E-12,0,10,9.23
15.5,119.45,110.32,0.6096,1.524,-1.42E-12,0.03048,10,9.13
15.6,119.51,110.47,0.6096,1.527,0,-0.09144,10,9.04
15.7,119.57,110.62,0.6096,1.5179,-5.68E-12,0.18288,10,8.95
15.8,119.63,110.77,0.6096,1.5362,5.68E-12,0.3048,10,8.86
15.9,119.69,110.93,0.6096,1.5667,1.42E-12,-0.36576,10,8.76
16,119.75,111.08,0.6096,1.5301,-1.42E-12,-1.3106,10,8.67
16.1,119.81,111.24,0.6096,1.399,0,-2.3165,10,8.57
16.2,119.88,111.38,0.6096,1.1674,-5.68E-12,-2.7737,10,8.5
16.3,119.94,111.49,0.6096,0.89002,0.03048,-2.6213,10,8.45
16.4,120,111.58,0.61265,0.62789,-0.03048,-2.5298,10,8.42
16.5,120.06,111.64,0.6096,0.3749,-1.42E-12,-2.0726,10,8.42
16.6,120.12,111.68,0.6096,0.16764,-0.1524,-1.2802,10,8.44
16.7,120.18,111.7,0.59436,0.039624,-0.18288,-0.39624,10,8.48
16.8,120.24,111.7,0.57607,0,-0.18288,0,10,8.54
16.9,120.3,111.7,0.55778,0,-1.42E-12,0,10,8.6
17,120.35,111.7,0.55778,0,-0.03048,1.7983,10,8.65
17.1,120.41,111.7,0.55474,0.17983,0.06096,3.7795,10,8.71
17.2,120.46,111.72,0.56083,0.55778,-0.03048,2.2555,10,8.74
17.3,120.52,111.78,0.55778,0.78334,-1.42E-12,0.27432,10,8.74
17.4,120.58,111.85,0.55778,0.81077,0.03048,-0.51816,10,8.73
17.5,120.63,111.94,0.56083,0.75895,0,-7.11E-12,10,8.69
17.6,120.69,112.01,0.56083,0.75895,-0.03048,0.03048,10,8.68
17.7,120.74,112.09,0.55778,0.762,1.42E-12,0,10,8.65
17.8,120.8,112.16,0.55778,0.762,-1.42E-12,0.03048,10,8.64
17.9,120.86,112.24,0.55778,0.76505,0.03048,-0.03048,10,8.62
18,120.91,112.32,0.56083,0.762,-0.03048,0,10,8.59
18.1,120.97,112.39,0.55778,0.762,0.03048,0,10,8.58
18.2,121.02,112.47,0.56083,0.762,-0.03048,0,10,8.55
18.3,121.08,112.55,0.55778,0.762,-1.42E-12,0,10,8.53
18.4,121.14,112.62,0.55778,0.762,0,0,10,8.52
18.5,121.19,112.7,0.55778,0.762,0,0,10,8.49
18.6,121.25,112.77,0.55778,0.762,0.03048,0,10,8.48
18.7,121.3,112.85,0.56083,0.762,-0.03048,0,10,8.45
18.8,121.36,112.93,0.55778,0.762,0.03048,0,10,8.43
18.9,121.41,113,0.56083,0.762,-0.03048,0,10,8.41
19,121.47,113.08,0.55778,0.762,0,0,10,8.39
19.1,121.53,113.15,0.55778,0.762,0.06096,-0.03048,10,8.38
19.2,121.58,113.23,0.56388,0.75895,-0.09144,0.03048,10,8.35
19.3,121.64,113.31,0.55474,0.762,-0.12192,0.03048,10,8.33
19.4,121.69,113.38,0.54254,0.76505,-0.09144,-0.03048,10,8.31
19.5,121.75,113.46,0.5334,0.762,0.51816,0,10,8.29
19.6,121.8,113.54,0.58522,0.762,1.3716,0,10,8.26
19.7,121.86,113.61,0.72238,0.762,1.7983,0,10,8.25
19.8,121.93,113.69,0.90221,0.762,1.4021,0,10,8.24
19.9,122.02,113.76,1.0424,0.762,0.48768,0,10,8.26
20,122.13,113.84,1.0912,0.762,-0.09144,0,10,8.29
20.1,122.24,113.92,1.082,0.762,-0.12192,0,10,8.32
20.2,122.34,113.99,1.0698,0.762,-0.06096,0,10,8.35
20.3,122.45,114.07,1.0638,0.762,0.03048,0,10,8.38
20.4,122.56,114.15,1.0668,0.762,7.11E-12,0,10,8.41
20.5,122.66,114.22,1.0668,0.762,-7.11E-12,-0.1524,10,8.44
20.6,122.77,114.3,1.0668,0.74676,7.11E-12,-0.09144,10,8.47
20.7,122.88,114.37,1.0668,0.73762,-5.68E-12,0.48768,10,8.51
20.8,122.98,114.45,1.0668,0.78638,-1.42E-12,1.2192,10,8.53
20.9,123.09,114.52,1.0668,0.9083,7.11E-12,1.6459,10,8.57
21,123.2,114.62,1.0668,1.0729,-7.11E-12,1.2192,10,8.58
21.1,123.3,114.72,1.0668,1.1948,-0.03048,0.4572,10,8.58
21.2,123.41,114.84,1.0638,1.2405,0.1524,-0.06096,10,8.57
21.3,123.52,114.97,1.079,1.2344,0.27432,-0.12192,10,8.55
21.4,123.63,115.09,1.1064,1.2222,-0.3048,-0.03048,10,8.54
21.5,123.74,115.21,1.0759,1.2192,-1.4021,5.68E-12,10,8.53
21.6,123.84,115.33,0.93574,1.2192,-2.8346,-5.68E-12,10,8.51
21.7,123.94,115.46,0.65227,1.2192,-3.2614,7.11E-12,10,8.48
21.8,124,115.58,0.32614,1.2192,-2.3774,0,10,8.42
21.9,124.04,115.7,0.088392,1.2192,-0.88392,-7.11E-12,10,8.34
22,124.04,115.82,0,1.2192,0,-0.03048,10,8.22
22.1,124.04,115.94,0,1.2162,0,0.03048,10,8.1
22.2,124.04,116.07,0,1.2192,3.9624,7.11E-12,10,7.97
22.3,124.04,116.19,0.39624,1.2192,3.9014,-0.03048,10,7.85
22.4,124.08,116.31,0.78638,1.2162,0.09144,0.1524,10,7.77
22.5,124.16,116.43,0.79553,1.2314,-3.048,0.33528,10,7.73
22.6,124.24,116.55,0.49073,1.2649,-4.0538,-0.36576,10,7.69
22.7,124.29,116.68,0.085344,1.2283,-0.85344,-1.6154,10,7.61
22.8,124.3,116.8,0,1.0668,0,-3.1699,10,7.5
22.9,124.3,116.91,0,0.74981,0,-3.7186,10,7.39
23,124.3,116.98,0,0.37795,0,-2.7127,10,7.32
23.1,124.3,117.02,0,0.10668,0,-1.0668,10,7.28
23.2,124.3,117.03,0,0,0,0,10,7.27
23.3,124.3,117.03,0,0,0,0.09144,10,7.27
23.4,124.3,117.03,0,0.009144,0,3.3833,10,7.27
23.5,124.3,117.03,0,0.34747,0,3.0785,10,7.27
23.6,124.3,117.07,0,0.65532,0,1.2802,10,7.23
23.7,124.3,117.13,0,0.78334,0,-1.1582,10,7.17
23.8,124.3,117.21,0,0.66751,0,-2.6822,10,7.09
23.9,124.3,117.28,0,0.39929,0,-2.4689,10,7.02
24,124.3,117.32,0,0.1524,0,-1.2802,10,6.98
24.1,124.3,117.33,0,0.024384,0,-0.24384,10,6.97
24.2,124.3,117.34,0,0,0,0,10,6.96
24.3,124.3,117.34,0,0,0,0,10,6.96
24.4,124.3,117.34,0,0,0,0,10,6.96
24.5,124.3,117.34,0,0,0,0,10,6.96
24.6,124.3,117.34,0,0,0,0,10,6.96
24.7,124.3,117.34,0,0,0,0,10,6.96
24.8,124.3,117.34,0,0,0,0,10,6.96
24.9,124.3,117.34,0,0,0,0,10,6.96
25,124.3,117.34,0,0,0,0,10,6.96
25.1,124.3,117.34,0,0,0,0,10,6.96
25.2,124.3,117.34,0,0,0,0,10,6.96
25.3,124.3,117.34,0,0,0,0,10,6.96
25.4,124.3,117.34,0,0,0,0,10,6.96
25.5,124.3,117.34,0,0,0,0,10,6.96
25.6,124.3,117.34,0,0,0,0,10,6.96
25.7,124.3,117.34,0,0,0,0,10,6.96
25.8,124.3,117.34,0,0,0,0,10,6.96
25.9,124.3,117.34,0,0,0,0,10,6.96
26,124.3,117.34,0,0,0,0,10,6.96
26.1,124.3,117.34,0,0,0,0,10,6.96
26.2,124.3,117.34,0,0,2.6822,0,10,6.96
26.3,124.3,117.34,0.26822,0,3.3833,0,10,6.96
26.4,124.33,117.34,0.60655,0,2.9261,0,10,6.99
26.5,124.39,117.34,0.89916,0,2.7127,0,10,7.05
26.6,124.48,117.34,1.1704,0,2.286,0,10,7.14
26.7,124.59,117.34,1.399,0,1.3106,0,10,7.25
26.8,124.73,117.34,1.5301,0,0.36576,0,10,7.39
26.9,124.89,117.34,1.5667,0,-0.3048,0,10,7.55
27,125.04,117.34,1.5362,0,-0.12192,0,10,7.7
27.1,125.2,117.34,1.524,0,-0.12192,0,10,7.86
27.2,125.35,117.34,1.5118,0,-0.39624,0,10,8.01
27.3,125.5,117.34,1.4722,0,0.27432,0,10,8.16
27.4,125.65,117.34,1.4996,0,1.9202,0,10,8.31
27.5,125.8,117.34,1.6916,0,4.1758,0,10,8.46
27.6,125.97,117.34,2.1092,0,3.5357,0,10,8.63
27.7,126.18,117.34,2.4628,0,4.2672,0,10,8.84
27.8,126.42,117.34,2.8895,0,1.6459,0,10,9.08
27.9,126.71,117.34,3.0541,0,-0.06096,0,10,9.37
28,127.02,117.34,3.048,0,-0.09144,0,10,9.68
28.1,127.32,117.34,3.0389,0,1.6764,0.4572,10,9.98
28.2,127.63,117.34,3.2065,0.04572,4.2672,5.0902,10,10.29
28.3,127.95,117.34,3.6332,0.55474,3.5357,3.4138,10,10.61
28.4,128.31,117.4,3.9868,0.89611,4.2062,4.6634,10,10.91
28.5,128.71,117.49,4.4074,1.3625,1.8288,1.8288,10,11.22
28.6,129.15,117.62,4.5903,1.5453,0.33528,0.3048,10,11.53
28.7,129.61,117.78,4.6238,1.5758,-0.33528,-0.39624,10,11.83
28.8,130.07,117.94,4.5903,1.5362,-0.36576,-0.1524,10,12.13
28.9,130.53,118.09,4.5537,1.521,-0.33528,0.03048,10,12.44
29,130.99,118.24,4.5202,1.524,0.3048,0.03048,10,12.75
29.1,131.44,118.39,4.5507,1.527,1.8593,-0.1524,10,13.05
29.2,131.89,118.55,4.7366,1.5118,4.1758,-0.39624,10,13.34
29.3,132.37,118.7,5.1542,1.4722,3.5662,0.33528,10,13.67
29.4,132.88,118.84,5.5108,1.5057,4.1758,1.8288,10,14.04
29.5,133.43,119,5.9284,1.6886,1.8898,4.2062,10,14.43
29.6,134.03,119.16,6.1173,2.1092,0.3048,3.5357,10,14.87
29.7,134.64,119.37,6.1478,2.4628,-0.39624,4.2062,10,15.27
29.8,135.25,119.62,6.1082,2.8834,-0.12192,1.8898,10,15.63
29.9,135.86,119.91,6.096,3.0724,-0.1524,0.12192,10,15.95
30,136.47,120.22,6.0808,3.0846,-0.36576,-0.73152,10,16.25
30.1,137.08,120.53,6.0442,3.0114,0.3048,0.09144,10,16.55
30.2,137.69,120.83,6.0747,3.0206,1.8593,1.9507,10,16.86
30.3,138.29,121.13,6.2606,3.2156,4.2062,4.1758,10,17.16
30.4,138.92,121.45,6.6812,3.6332,3.5357,3.5357,10,17.47
30.5,139.59,121.81,7.0348,3.9868,4.1758,4.2367,10,17.78
30.6,140.29,122.21,7.4524,4.4105,1.8593,1.1278,10,18.08
30.7,141.04,122.65,7.6383,4.5232,0.33528,1.0058,10,18.39
30.8,141.8,123.11,7.6718,4.6238,-0.39624,2.286,10,18.69
30.9,142.57,123.57,7.6322,4.8524,0.48768,2.5298,10,19
31,143.33,124.05,7.681,5.1054,-1.2802,2.8651,10,19.28
31.1,144.1,124.56,7.5529,5.3919,-2.8042,2.225,10,19.54
31.2,144.85,125.1,7.2725,5.6144,-1.2497,2.5908,10,19.75
31.3,145.58,125.66,7.1476,5.8735,0.70104,2.4384,10,19.92
31.4,146.3,126.25,7.2177,6.1173,3.1699,0.27432,10,20.05
31.5,147.02,126.86,7.5347,6.1448,3.2004,-0.36576,10,20.16
31.6,147.77,127.48,7.8547,6.1082,3.5052,-0.18288,10,20.29
31.7,148.56,128.09,8.2052,6.0899,3.5357,0.06096,10,20.47
31.8,149.38,128.7,8.5588,6.096,4.1758,-0.03048,10,20.68
31.9,150.23,129.31,8.9764,6.093,1.8898,0.03048,10,20.92
32,151.13,129.92,9.1653,6.096,0.3048,0,10,21.21
32.1,152.05,130.53,9.1958,6.096,-0.39624,0,10,21.52
32.2,152.97,131.14,9.1562,6.096,-0.18288,-0.06096,10,21.83
32.3,153.88,131.75,9.1379,6.0899,0.06096,0.18288,10,22.13
32.4,154.8,132.35,9.144,6.1082,0,0.27432,10,22.45
32.5,155.71,132.97,9.144,6.1356,0,-0.762,10,22.74
32.6,156.63,133.58,9.144,6.0594,0,-1.4021,10,23.05
32.7,157.54,134.18,9.144,5.9192,0,-0.4572,10,23.36
32.8,158.45,134.78,9.144,5.8735,-2.84E-12,2.2555,10,23.67
32.9,159.37,135.36,9.144,6.099,2.84E-12,4.4806,10,24.01
33,160.28,135.97,9.144,6.5471,0,3.9929,10,24.31
33.1,161.2,136.63,9.144,6.9464,0,3.1394,10,24.57
33.2,162.11,137.32,9.144,7.2603,0,0.70104,10,24.79
33.3,163.03,138.05,9.144,7.3304,0,-0.39624,10,24.98
33.4,163.94,138.78,9.144,7.2908,0,-0.33528,10,25.16
33.5,164.85,139.51,9.144,7.2573,-0.24384,0.06096,10,25.34
33.6,165.77,140.24,9.1196,7.2634,0.4572,0,10,25.53
33.7,166.68,140.96,9.1653,7.2634,0.97536,2.84E-12,10,25.72
33.8,167.6,141.69,9.2629,7.2634,0.36576,0.03048,10,25.91
33.9,168.52,142.42,9.2994,7.2664,-0.39624,-0.03048,10,26.1
34,169.45,143.14,9.2598,7.2634,-0.94488,0.67056,10,26.31
34.1,170.38,143.87,9.1653,7.3304,-0.42672,-1.3106,10,26.51
34.2,171.3,144.6,9.1227,7.1994,0.21336,-2.7432,10,26.7
34.3,172.21,145.32,9.144,6.9251,0,-1.0363,10,26.89
34.4,173.12,146.01,9.144,6.8214,0,1.0058,10,27.11
34.5,174.04,146.7,9.144,6.922,0,2.8042,10,27.34
34.6,174.95,147.39,9.144,7.2024,0,1.2802,10,27.56
34.7,175.87,148.11,9.144,7.3304,-2.84E-12,-0.67056,10,27.76
34.8,176.78,148.84,9.144,7.2634,2.84E-12,0.03048,10,27.94
34.9,177.7,149.57,9.144,7.2664,0,-0.03048,10,28.13
35,178.61,150.3,9.144,7.2634,0,-2.84E-12,10,28.31
35.1,179.52,151.02,9.144,7.2634,-0.03048,0,10,28.5
35.2,180.44,151.75,9.141,7.2634,0.18288,-5.68E-12,10,28.69
35.3,181.35,152.47,9.1592,7.2634,0.06096,0.03048,10,28.88
35.4,182.27,153.2,9.1653,7.2664,-1.0668,-0.03048,10,29.07
35.5,183.18,153.93,9.0587,7.2634,-0.64008,-0.06096,10,29.25
35.6,184.09,154.65,8.9946,7.2573,3.3223,-0.09144,10,29.44
35.7,184.99,155.38,9.3269,7.2481,5.1206,0.1524,10,29.61
35.8,185.92,156.1,9.8389,7.2634,4.3282,0.64008,10,29.82
35.9,186.91,156.83,10.272,7.3274,5.6388,1.0973,10,30.08
36,187.93,157.56,10.836,7.4371,-3.2614,1.1278,10,30.37
36.1,189.02,158.31,10.51,7.5499,-5.4864,0.67056,10,30.71
36.2,190.07,159.06,9.9609,7.617,-2.8956,0.18288,10,31.01
36.3,191.06,159.82,9.6713,7.6352,8.0467,-0.09144,10,31.24
36.4,192.03,160.59,10.476,7.6261,4.2367,-0.06096,10,31.44
36.5,193.08,161.35,10.9,7.62,5.334,-0.03048,10,31.73
36.6,194.17,162.11,11.433,7.617,4.3282,0.03048,10,32.06
36.7,195.31,162.87,11.866,7.62,-0.36576,0.03048,10,32.44
36.8,196.5,163.64,11.829,7.623,-0.03048,-0.03048,10,32.86
36.9,197.68,164.4,11.826,7.62,1.9812,0,10,33.28
37,198.86,165.16,12.024,7.62,0.88392,-0.18288,10,33.7
37.1,200.07,165.92,12.113,7.6017,-0.48768,0.27432,10,34.15
37.2,201.28,166.68,12.064,7.6291,0.03048,0.64008,10,34.6
37.3,202.48,167.44,12.067,7.6932,-0.03048,0.79248,10,35.04
37.4,203.69,168.21,12.064,7.7724,0.09144,1.2192,10,35.48
37.5,204.9,168.99,12.073,7.8943,0.4572,0.88392,10,35.91
37.6,206.11,169.78,12.119,7.9827,-0.1524,0.762,10,36.33
37.7,207.32,170.58,12.104,8.0589,-1.6764,0.94488,10,36.74
37.8,208.53,171.38,11.936,8.1534,-3.7795,1.6459,10,37.15
37.9,209.72,172.2,11.558,8.318,-3.81,3.1699,10,37.52
38,210.88,173.03,11.177,8.635,-3.4442,3.2918,10,37.85
38.1,211.99,173.9,10.833,8.9642,-1.9812,1.9202,10,38.09
38.2,213.08,174.79,10.634,9.1562,-1.6459,0.39624,10,38.29
38.3,214.14,175.71,10.47,9.1958,-1.7069,-0.39624,10,38.43
38.4,215.19,176.63,10.299,9.1562,-0.85344,-0.1524,10,38.56
38.5,216.22,177.54,10.214,9.141,1.3411,0.03048,10,38.68
38.6,217.24,178.46,10.348,9.144,2.3165,0,10,38.78
38.7,218.27,179.37,10.58,9.144,2.3165,0,10,38.9
38.8,219.33,180.29,10.811,9.144,-1.0668,-0.03048,10,39.04
38.9,220.41,181.2,10.705,9.141,-3.1699,0.03048,10,39.21
39,221.48,182.11,10.388,9.144,-1.1887,0.06096,10,39.37
39.1,222.52,183.03,10.269,9.1501,1.0668,-0.21336,10,39.49
39.2,223.55,183.94,10.375,9.1288,2.8346,-0.24384,10,39.61
39.3,224.59,184.86,10.659,9.1044,1.3106,0.24384,10,39.73
39.4,225.65,185.77,10.79,9.1288,-0.70104,1.1887,10,39.88
39.5,226.73,186.68,10.72,9.2476,-5.68E-12,2.987,10,40.05
39.6,227.8,187.6,10.72,9.5463,0.03048,4.4806,10,40.2
39.7,228.88,188.56,10.723,9.9944,-2.84E-12,4.1148,10,40.32
39.8,229.95,189.56,10.723,10.406,-0.03048,4.2367,10,40.39
39.9,231.02,190.6,10.72,10.83,0.03048,4.511,10,40.42
40,232.09,191.68,10.723,11.281,-2.84E-12,3.81,10,40.41
40.1,233.16,192.81,10.723,11.662,-5.68E-12,-0.24384,10,40.35
40.2,234.24,193.98,10.723,11.637,-0.03048,-2.4079,10,40.26
40.3,235.31,195.14,10.72,11.396,0.03048,-0.54864,10,40.17
40.4,236.38,196.28,10.723,11.342,-0.03048,0.73152,10,40.1
40.5,237.45,197.41,10.72,11.415,0.03048,0.36576,10,40.04
40.6,238.53,198.56,10.723,11.451,-0.03048,-3.5662,10,39.97
40.7,239.6,199.7,10.72,11.095,0.03048,-4.2672,10,39.9
40.8,240.67,200.81,10.723,10.668,0,-3.9624,10,39.86
40.9,241.74,201.88,10.723,10.272,-0.03048,-0.18288,10,39.86
41,242.81,202.9,10.72,10.253,0.03048,2.0422,10,39.91
41.1,243.89,203.93,10.723,10.458,0.48768,1.9812,10,39.96
41.2,244.96,204.97,10.772,10.656,-0.85344,0.64008,10,39.99
41.3,246.04,206.04,10.686,10.72,-2.1031,-0.03048,10,40
41.4,247.1,207.11,10.476,10.717,-1.1582,-0.64008,10,39.99
41.5,248.15,208.18,10.36,10.653,0.3048,-1.5545,10,39.97
41.6,249.19,209.25,10.391,10.497,1.8593,-1.524,10,39.94
41.7,250.23,210.3,10.577,10.345,1.1278,0.42672,10,39.93
41.8,251.28,211.33,10.689,10.388,-0.21336,3.048,10,39.95
41.9,252.35,212.37,10.668,10.692,0.09144,3.5966,10,39.98
42,253.42,213.44,10.677,11.052,-0.09144,2.0422,10,39.98
42.1,254.49,214.55,10.668,11.256,-2.84E-12,0.3048,10,39.94
42.2,255.55,215.67,10.668,11.287,2.84E-12,-0.42672,10,39.88
42.3,256.62,216.8,10.668,11.244,-0.03048,-0.18288,10,39.82
42.4,257.69,217.93,10.665,11.226,1.14E-11,0.70104,10,39.76
42.5,258.76,219.05,10.665,11.296,0.06096,-1.2497,10,39.71
42.6,259.82,220.18,10.671,11.171,0.12192,-2.7737,10,39.64
42.7,260.89,221.29,10.683,10.894,5.68E-12,-1.0363,10,39.6
42.8,261.96,222.38,10.683,10.79,-2.27E-11,1.0058,10,39.58
42.9,263.03,223.46,10.683,10.891,-0.12192,2.7737,10,39.57
43,264.09,224.55,10.671,11.168,-0.03048,1.2497,10,39.54
43.1,265.16,225.67,10.668,11.293,-0.03048,-0.6096,10,39.49
43.2,266.23,226.8,10.665,11.232,0.06096,-0.03048,10,39.43
0.1,13.699,0,13.713,13.576,0.54864,-0.48768,11,13.699
0.2,15.071,1.3576,13.768,13.527,1.2497,-3.2614,11,13.7134
0.3,16.447,2.7103,13.893,13.201,1.4935,-3.2614,11,13.7367
0.4,17.837,4.0304,14.042,12.875,0.79248,0.09144,11,13.8066
0.5,19.241,5.3178,14.121,12.884,0.36576,2.8651,11,13.9232
0.6,20.653,6.6062,14.158,13.17,0.21336,2.4689,11,14.0468
0.7,22.069,7.9233,14.179,13.417,-0.51816,-0.3048,11,14.1457
0.8,23.487,9.265,14.127,13.387,-2.4384,-2.8042,11,14.222
0.9,24.899,10.604,13.884,13.106,-4.3586,-2.9566,11,14.295
1,26.288,11.914,13.448,12.811,-3.5662,-1.463,11,14.374
1.1,27.633,13.195,13.091,12.664,-4.1148,0.24384,11,14.438
1.2,28.942,14.462,12.68,12.689,-1.9812,2.0422,11,14.48
1.3,30.21,15.731,12.482,12.893,-1.4326,2.8956,11,14.479
1.4,31.458,17.02,12.338,13.183,-1.0668,3.2004,11,14.438
1.5,32.692,18.338,12.232,13.503,-0.64008,2.4994,11,14.354
1.6,33.915,19.689,12.168,13.753,-0.06096,1.1887,11,14.226
1.7,35.132,21.064,12.162,13.871,0.3048,0.36576,11,14.068
1.8,36.348,22.451,12.192,13.908,0.03048,0.03048,11,13.897
1.9,37.567,23.842,12.195,13.911,-0.03048,0.06096,11,13.725
2,38.786,25.233,12.192,13.917,0,-0.24384,11,13.553
2.1,40.006,26.625,12.192,13.893,0,-1.0058,11,13.381
2.2,41.225,28.014,12.192,13.792,0,-0.88392,11,13.211
2.3,42.444,29.393,12.192,13.704,-0.03048,0.39624,11,13.051
2.4,43.663,30.763,12.189,13.743,0.03048,1.0058,11,12.9
2.5,44.882,32.138,12.192,13.844,0.03048,-0.36576,11,12.744
2.6,46.101,33.522,12.195,13.807,-0.03048,-4.1758,11,12.579
2.7,47.321,34.903,12.192,13.39,0,-4.0538,11,12.418
2.8,48.54,36.242,12.192,12.984,0.18288,-4.2977,11,12.298
2.9,49.759,37.54,12.21,12.555,-0.36576,-3.7186,11,12.219
3,50.98,38.796,12.174,12.183,-0.79248,-0.42672,11,12.184
3.1,52.198,40.014,12.094,12.14,-0.3048,0.85344,11,12.184
3.2,53.407,41.228,12.064,12.226,0.27432,-0.06096,11,12.179
3.3,54.613,42.451,12.091,12.219,0.82296,-1.9202,11,12.162
3.4,55.823,43.673,12.174,12.027,0.36576,-4.2062,11,12.15
3.5,57.04,44.875,12.21,11.607,-0.18288,-3.5357,11,12.165
3.6,58.261,46.036,12.192,11.253,0,-4.2062,11,12.225
3.7,59.48,47.161,12.192,10.833,0,-1.8593,11,12.319
3.8,60.699,48.245,12.192,10.647,-7.11E-13,-0.3048,11,12.454
3.9,61.919,49.309,12.192,10.616,7.11E-13,0.57912,11,12.61
4,63.138,50.371,12.192,10.674,0,-0.18288,11,12.767
4.1,64.357,51.438,12.192,10.656,0,-0.82296,11,12.919
4.2,65.576,52.504,12.192,10.574,-0.03048,-0.3048,11,13.072
4.3,66.795,53.561,12.189,10.543,-2.84E-12,0.3048,11,13.234
4.4,68.014,54.616,12.189,10.574,0.03048,0.79248,11,13.398
4.5,69.233,55.673,12.192,10.653,0,0.36576,11,13.56
4.6,70.452,56.738,12.192,10.689,-0.03048,-0.33528,11,13.714
4.7,71.672,57.807,12.189,10.656,-0.03048,-0.39624,11,13.865
4.8,72.89,58.873,12.186,10.616,-0.21336,0.27432,11,14.017
4.9,74.109,59.934,12.165,10.644,-0.42672,1.9202,11,14.175
5,75.326,60.999,12.122,10.836,0.27432,4.1453,11,14.327
5.1,76.538,62.082,12.149,11.25,1.8288,3.5662,11,14.456
5.2,77.753,63.207,12.332,11.607,2.5603,4.2062,11,14.546
5.3,78.986,64.368,12.588,12.027,1.4021,1.8593,11,14.618
5.4,80.245,65.571,12.728,12.213,-1.1582,0.27432,11,14.674
5.5,81.518,66.792,12.613,12.241,-2.4689,-0.33528,11,14.726
5.6,82.779,68.016,12.366,12.207,-1.7069,-0.18288,11,14.763
5.7,84.015,69.237,12.195,12.189,-0.4572,-2.84E-12,11,14.778
5.8,85.235,70.456,12.149,12.189,0.24384,-0.03048,11,14.779
5.9,86.45,71.675,12.174,12.186,0.36576,-0.09144,11,14.775
6,87.667,72.893,12.21,12.177,0.21336,-0.09144,11,14.774
6.1,88.888,74.111,12.232,12.168,-0.3048,4.26E-12,11,14.777
6.2,90.111,75.328,12.201,12.168,-1.3411,-0.03048,11,14.783
6.3,91.331,76.544,12.067,12.165,-2.6822,0.06096,11,14.787
6.4,92.538,77.761,11.799,12.171,-2.8346,0.18288,11,14.777
6.5,93.718,78.978,11.515,12.189,-0.97536,0.3048,11,14.74
6.6,94.87,80.197,11.418,12.219,1.3411,0.3048,11,14.673
6.7,96.011,81.419,11.552,12.25,2.6213,-0.48768,11,14.592
6.8,97.167,82.644,11.814,12.201,1.4021,-1.7374,11,14.523
6.9,98.348,83.864,11.954,12.027,-0.97536,-2.3774,11,14.484
7,99.543,85.067,11.857,11.79,-2.6518,-0.97536,11,14.476
7.1,100.73,86.246,11.592,11.692,-3.2309,1.4326,11,14.484
7.2,101.89,87.415,11.268,11.835,-2.6518,2.0117,11,14.475
7.3,103.02,88.598,11.003,12.037,-0.9144,0.3048,11,14.422
7.4,104.12,89.802,10.912,12.067,1.2192,-2.1946,11,14.318
7.5,105.21,91.009,11.034,11.848,2.286,-2.6213,11,14.201
7.6,106.31,92.193,11.262,11.585,1.8593,-1.2802,11,14.117
7.7,107.44,93.352,11.448,11.457,0.64008,-0.6096,11,14.088
7.8,108.58,94.498,11.512,11.396,-0.6096,-1.0973,11,14.082
7.9,109.73,95.637,11.451,11.287,-1.5545,-2.3165,11,14.093
8,110.88,96.766,11.296,11.055,-2.4994,-2.5603,11,14.114
8.1,112.01,97.872,11.046,10.799,-2.4689,-1.4021,11,14.138
8.2,113.11,98.951,10.799,10.659,-1.3716,-0.3048,11,14.159
8.3,114.19,100.02,10.662,10.628,-0.36576,0.24384,11,14.17
8.4,115.26,101.08,10.625,10.653,0.3048,0.21336,11,14.18
8.5,116.32,102.15,10.656,10.674,0.1524,-0.06096,11,14.17
8.6,117.39,103.21,10.671,10.668,-0.03048,0,11,14.18
8.7,118.45,104.28,10.668,10.668,0,0,11,14.17
8.8,119.52,105.35,10.668,10.668,0,0,11,14.17
8.9,120.59,106.41,10.668,10.668,0,0,11,14.18
9,121.65,107.48,10.668,10.668,0,0,11,14.17
9.1,122.72,108.55,10.668,10.668,0,0,11,14.17
9.2,123.79,109.61,10.668,10.668,-0.06096,0,11,14.18
9.3,124.85,110.68,10.662,10.668,0.21336,0.03048,11,14.17
9.4,125.92,111.75,10.683,10.671,0.24384,-0.06096,11,14.17
9.5,126.99,112.81,10.708,10.665,-0.39624,0.03048,11,14.18
9.6,128.06,113.88,10.668,10.668,-1.2192,0,11,14.18
9.7,129.13,114.95,10.546,10.668,-2.1641,-1.42E-12,11,14.18
9.8,130.18,116.01,10.33,10.668,-2.1641,1.42E-12,11,14.17
9.9,131.21,117.08,10.113,10.668,-1.3106,0,11,14.13
10,132.22,118.15,9.9822,10.668,-1.2497,0,11,14.07
10.1,133.22,119.21,9.8572,10.668,-1.1278,0,11,14.01
10.2,134.21,120.28,9.7445,10.668,-1.0973,0,11,13.93
10.3,135.18,121.35,9.6347,10.668,0.1524,0,11,13.83
10.4,136.15,122.42,9.65,10.668,1.585,-0.03048,11,13.73
10.5,137.11,123.48,9.8085,10.665,0.88392,0.1524,11,13.63
10.6,138.09,124.55,9.8969,10.68,-0.85344,0.36576,11,13.54
10.7,139.08,125.62,9.8115,10.717,-2.7127,-0.36576,11,13.46
10.8,140.06,126.69,9.5402,10.68,-2.7127,-1.9812,11,13.37
10.9,141.02,127.76,9.269,10.482,-1.3411,-3.1394,11,13.26
11,141.94,128.8,9.1349,10.168,-0.3048,-2.8042,11,13.14
11.1,142.86,129.82,9.1044,9.8877,0.24384,-1.4935,11,13.04
11.2,143.77,130.81,9.1288,9.7384,0.3048,-0.85344,11,12.96
11.3,144.68,131.78,9.1592,9.653,0.36576,-1.6154,11,12.9
11.4,145.6,132.75,9.1958,9.4915,-0.33528,-2.0117,11,12.85
11.5,146.52,133.7,9.1623,9.2903,-1.8288,-1.463,11,12.82
11.6,147.43,134.63,8.9794,9.144,-4.2062,-0.42672,11,12.8
11.7,148.33,135.54,8.5588,9.1013,-3.5357,0.3048,11,12.79
11.8,149.19,136.45,8.2052,9.1318,-4.2062,0.18288,11,12.74
11.9,150.01,137.37,7.7846,9.1501,-1.8593,-0.06096,11,12.64
12,150.79,138.28,7.5987,9.144,-0.24384,0,11,12.51
12.1,151.55,139.19,7.5743,9.144,0.36576,0,11,12.36
12.2,152.3,140.11,7.6109,9.144,0.09144,0,11,12.19
12.3,153.06,141.02,7.62,9.144,-0.33528,0,11,12.04
12.4,153.83,141.94,7.5865,9.144,-0.36576,-0.06096,11,11.89
12.5,154.58,142.85,7.5499,9.1379,-0.27432,0.36576,11,11.73
12.6,155.34,143.77,7.5225,9.1745,-0.12192,0.48768,11,11.57
12.7,156.09,144.68,7.5103,9.2232,0.03048,-1.4326,11,11.41
12.8,156.84,145.61,7.5133,9.08,0,-5.6693,11,11.23
12.9,157.59,146.51,7.5133,8.5131,-0.06096,-4.8768,11,11.08
13,158.35,147.37,7.5072,8.0254,0.18288,-5.4254,11,10.98
13.1,159.1,148.17,7.5255,7.4828,0.4572,-4.7854,11,10.93
13.2,159.85,148.92,7.5712,7.0043,-0.03048,-5.5778,11,10.93
13.3,160.61,149.62,7.5682,6.4465,-1.4935,-0.79248,11,10.99
13.4,161.36,150.26,7.4188,6.3673,-3.749,0.4572,11,11.1
13.5,162.1,150.9,7.0439,6.413,-3.7186,0.21336,11,11.2
13.6,162.81,151.54,6.6721,6.4343,-4.0538,-0.03048,11,11.27
13.7,163.48,152.18,6.2667,6.4313,-1.8898,2.84E-12,11,11.3
13.8,164.1,152.83,6.0777,6.4313,-0.33528,2.84E-12,11,11.27
13.9,164.71,153.47,6.0442,6.4313,0.39624,-0.03048,11,11.24
14,165.31,154.11,6.0838,6.4282,0.18288,0.03048,11,11.2
14.1,165.92,154.75,6.1021,6.4313,-0.06096,-8.53E-12,11,11.17
14.2,166.53,155.4,6.096,6.4313,-0.06096,-0.03048,11,11.13
14.3,167.14,156.04,6.0899,6.4282,0.18288,0.03048,11,11.1
14.4,167.75,156.68,6.1082,6.4313,0.36576,-8.53E-12,11,11.07
14.5,168.36,157.33,6.1448,6.4313,-0.24384,-0.09144,11,11.03
14.6,168.98,157.97,6.1204,6.4221,-1.9202,0.33528,11,11.01
14.7,169.59,158.61,5.9284,6.4557,-4.1758,0.51816,11,10.98
14.8,170.18,159.26,5.5108,6.5075,-3.5357,-0.9144,11,10.92
14.9,170.73,159.91,5.1572,6.416,-4.1758,-5.1206,11,10.82
15,171.25,160.55,4.7396,5.904,-1.9507,-4.572,11,10.7
15.1,171.72,161.14,4.5446,5.4468,-0.09144,-4.9987,11,10.58
15.2,172.18,161.69,4.5354,4.9469,0.64008,-4.6025,11,10.49
15.3,172.63,162.18,4.5994,4.4867,-0.1524,-5.0902,11,10.45
15.4,173.09,162.63,4.5842,3.9776,-1.3716,-0.9144,11,10.46
15.5,173.55,163.03,4.447,3.8862,-2.3165,0.51816,11,10.52
15.6,173.99,163.41,4.2154,3.938,-2.7432,0.3048,11,10.58
15.7,174.42,163.81,3.9411,3.9685,-2.4994,-0.06096,11,10.61
15.8,174.81,164.21,3.6911,3.9624,-2.987,-2.84E-12,11,10.6
15.9,175.18,164.6,3.3924,3.9624,-2.7432,8.53E-12,11,10.58
16,175.52,165,3.1181,3.9624,-1.4935,-8.53E-12,11,10.52
16.1,175.83,165.39,2.9688,3.9624,-0.18288,0,11,10.44
16.2,176.13,165.79,2.9505,3.9624,0.762,0.03048,11,10.34
16.3,176.42,166.19,3.0267,3.9654,0.36576,-0.03048,11,10.23
16.4,176.72,166.58,3.0632,3.9624,-0.1524,8.53E-12,11,10.14
16.5,177.03,166.98,3.048,3.9624,-0.03048,-0.06096,11,10.05
16.6,177.34,167.38,3.045,3.9563,0.03048,0.1524,11,9.96
16.7,177.64,167.77,3.048,3.9715,0,0.24384,11,9.87
16.8,177.94,168.17,3.048,3.9959,0,-0.21336,11,9.77
16.9,178.25,168.57,3.048,3.9746,0,-1.1887,11,9.68
17,178.55,168.97,3.048,3.8557,0,-2.4689,11,9.58
17.1,178.86,169.35,3.048,3.6088,0.03048,-3.0175,11,9.51
17.2,179.16,169.71,3.051,3.3071,-0.03048,-2.1946,11,9.45
17.3,179.47,170.04,3.048,3.0876,0,-0.9144,11,9.43
17.4,179.77,170.35,3.048,2.9962,0,0.1524,11,9.42
17.5,180.08,170.65,3.048,3.0114,0,0.39624,11,9.43
17.6,180.38,170.95,3.048,3.051,-2.84E-12,-2.84E-12,11,9.43
17.7,180.69,171.26,3.048,3.051,2.84E-12,-0.03048,11,9.43
17.8,180.99,171.56,3.048,3.048,-0.03048,0,11,9.43
17.9,181.3,171.87,3.045,3.048,0.03048,0.03048,11,9.43
18,181.6,172.17,3.048,3.051,0,-0.03048,11,9.43
18.1,181.91,172.48,3.048,3.048,0,-0.03048,11,9.43
18.2,182.21,172.78,3.048,3.045,0,0.03048,11,9.43
18.3,182.52,173.09,3.048,3.048,0,0,11,9.43
18.4,182.82,173.39,3.048,3.048,0,0,11,9.43
18.5,183.13,173.7,3.048,3.048,0,0,11,9.43
18.6,183.43,174,3.048,3.048,0.03048,0,11,9.43
18.7,183.74,174.31,3.051,3.048,-0.03048,0,11,9.43
18.8,184.04,174.61,3.048,3.048,0.06096,0.12192,11,9.43
18.9,184.35,174.92,3.0541,3.0602,-0.21336,-0.24384,11,9.43
19,184.65,175.22,3.0328,3.0358,-0.36576,-0.4572,11,9.43
19.1,184.95,175.52,2.9962,2.9901,0.3048,-0.21336,11,9.43
19.2,185.25,175.82,3.0267,2.9688,1.8898,0.21336,11,9.43
19.3,185.56,176.12,3.2156,2.9901,4.1453,0.4572,11,9.44
19.4,185.88,176.42,3.6302,3.0358,3.5966,0.24384,11,9.46
19.5,186.24,176.72,3.9898,3.0602,4.1453,-0.12192,11,9.52
19.6,186.64,177.03,4.4044,3.048,1.9202,0,11,9.61
19.7,187.08,177.33,4.5964,3.048,0.1524,0,11,9.75
19.8,187.54,177.64,4.6116,3.048,-0.67056,0,11,9.9
19.9,188,177.94,4.5446,3.048,0.1524,0,11,10.06
20,188.46,178.25,4.5598,3.048,1.3411,0.06096,11,10.21
20.1,188.91,178.55,4.6939,3.0541,2.347,-0.21336,11,10.36
20.2,189.38,178.86,4.9286,3.0328,2.7432,-0.24384,11,10.52
20.3,189.87,179.16,5.2029,3.0084,2.6213,0.33528,11,10.71
20.4,190.39,179.46,5.4651,3.0419,2.7432,1.3106,11,10.93
20.5,190.94,179.77,5.7394,3.173,2.3165,2.286,11,11.17
20.6,191.52,180.08,5.971,3.4016,1.3411,2.7737,11,11.44
20.7,192.11,180.42,6.1051,3.6789,0.3048,2.6213,11,11.69
20.8,192.72,180.79,6.1356,3.9411,-0.24384,2.7432,11,11.93
20.9,193.34,181.19,6.1112,4.2154,-0.21336,2.4079,11,12.15
21,193.95,181.61,6.0899,4.4562,0.06096,1.0668,11,12.34
21.1,194.56,182.05,6.096,4.5629,0,-2.84E-12,11,12.51
21.2,195.17,182.51,6.096,4.5629,0,0.03048,11,12.66
21.3,195.78,182.97,6.096,4.5659,0,1.6459,11,12.81
21.4,196.39,183.42,6.096,4.7305,0,4.2672,11,12.97
21.5,196.99,183.9,6.096,5.1572,0,3.5662,11,13.09
21.6,197.6,184.41,6.096,5.5138,0,4.1453,11,13.19
21.7,198.21,184.96,6.096,5.9284,0,1.8898,11,13.25
21.8,198.82,185.56,6.096,6.1173,0,0.27432,11,13.26
21.9,199.43,186.17,6.096,6.1448,0,-0.33528,11,13.26
22,200.04,186.78,6.096,6.1112,0,-0.21336,11,13.26
22.1,200.65,187.39,6.096,6.0899,0,0.06096,11,13.26
22.2,201.26,188,6.096,6.096,0,0,11,13.26
22.3,201.87,188.61,6.096,6.096,0,0,11,13.26
22.4,202.48,189.22,6.096,6.096,0,0,11,13.26
22.5,203.09,189.83,6.096,6.096,0,0,11,13.26
22.6,203.7,190.44,6.096,6.096,0,0,11,13.26
22.7,204.31,191.05,6.096,6.096,0,0,11,13.26
22.8,204.92,191.66,6.096,6.096,0,0,11,13.26
22.9,205.53,192.27,6.096,6.096,0,0,11,13.26
23,206.14,192.88,6.096,6.096,0,0,11,13.26
23.1,206.75,193.49,6.096,6.096,0,0,11,13.26
23.2,207.36,194.1,6.096,6.096,0,0,11,13.26
23.3,207.97,194.71,6.096,6.096,-0.18288,0,11,13.26
23.4,208.58,195.32,6.0777,6.096,0.36576,0,11,13.26
23.5,209.19,195.93,6.1143,6.096,0.67056,0,11,13.26
23.6,209.8,196.54,6.1813,6.096,0.3048,0,11,13.26
23.7,210.41,197.15,6.2118,6.096,-0.3048,0,11,13.26
23.8,211.04,197.76,6.1813,6.096,-0.70104,-0.03048,11,13.28
23.9,211.65,198.37,6.1112,6.093,-0.33528,0.06096,11,13.28
24,212.27,198.97,6.0777,6.099,0.21336,-0.03048,11,13.3
24.1,212.87,199.58,6.099,6.096,-0.03048,0,11,13.29
24.2,213.48,200.19,6.096,6.096,0,0,11,13.29
24.3,214.09,200.8,6.096,6.096,0,-0.03048,11,13.29
24.4,214.7,201.41,6.096,6.093,-2.84E-12,0.03048,11,13.29
24.5,215.31,202.02,6.096,6.096,-0.03048,0,11,13.29
24.6,215.92,202.63,6.093,6.096,0.03048,0.03048,11,13.29
24.7,216.53,203.24,6.096,6.099,0.03048,-0.03048,11,13.29
24.8,217.14,203.85,6.099,6.096,-0.03048,0,11,13.29
24.9,217.75,204.46,6.096,6.096,0,0,11,13.29
25,218.36,205.07,6.096,6.096,0,-0.03048,11,13.29
25.1,218.97,205.68,6.096,6.093,0,0.03048,11,13.29
25.2,219.58,206.29,6.096,6.096,0,0,11,13.29
25.3,220.19,206.9,6.096,6.096,0,0.03048,11,13.29
25.4,220.8,207.51,6.096,6.099,0,-0.03048,11,13.29
25.5,221.41,208.12,6.096,6.096,0,-0.18288,11,13.29
25.6,222.02,208.73,6.096,6.0777,0,0.33528,11,13.29
25.7,222.63,209.34,6.096,6.1112,-0.03048,0.762,11,13.29
25.8,223.24,209.95,6.093,6.1874,0.03048,0.3048,11,13.29
25.9,223.85,210.57,6.096,6.2179,0.06096,-0.27432,11,13.28
26,224.46,211.19,6.1021,6.1905,-0.18288,-0.762,11,13.27
26.1,225.07,211.81,6.0838,6.1143,-0.3048,-0.36576,11,13.26
26.2,225.67,212.42,6.0533,6.0777,0.42672,0.18288,11,13.25
26.3,226.28,213.03,6.096,6.096,1.4935,0,11,13.25
26.4,226.89,213.64,6.2454,6.096,2.1031,-0.03048,11,13.25
26.5,227.51,214.25,6.4557,6.093,1.4021,0.06096,11,13.26
26.6,228.16,214.85,6.5959,6.099,0.09144,-0.03048,11,13.31
26.7,228.82,215.46,6.605,6.096,0.06096,0,11,13.36
26.8,229.48,216.07,6.6111,6.096,1.1582,0,11,13.41
26.9,230.14,216.68,6.7269,6.096,2.3165,-0.03048,11,13.46
27,230.81,217.29,6.9586,6.093,2.987,0.03048,11,13.52
27.1,231.51,217.9,7.2573,6.096,2.3774,0.03048,11,13.61
27.2,232.23,218.51,7.495,6.099,1.3411,-0.03048,11,13.72
27.3,232.98,219.12,7.6291,6.096,0.33528,0,11,13.86
27.4,233.75,219.73,7.6627,6.096,-0.3048,0,11,14.02
27.5,234.51,220.34,7.6322,6.096,-0.1524,0,11,14.17
27.6,235.28,220.95,7.617,6.096,2.84E-12,0,11,14.33
27.7,236.04,221.56,7.617,6.096,0.03048,0,11,14.48
27.8,236.8,222.17,7.62,6.096,0,0.03048,11,14.63
27.9,237.56,222.78,7.62,6.099,0.06096,-0.1524,11,14.78
28,238.32,223.39,7.6261,6.0838,-0.18288,-0.3048,11,14.93
28.1,239.09,224,7.6078,6.0533,-0.27432,0.36576,11,15.09
28.2,239.85,224.6,7.5804,6.0899,0.27432,1.7069,11,15.25
28.3,240.61,225.21,7.6078,6.2606,1.3716,2.3165,11,15.4
28.4,241.37,225.84,7.745,6.4922,2.7127,0.70104,11,15.53
28.5,242.14,226.49,8.0162,6.5623,2.7127,-1.0363,11,15.65
28.6,242.94,227.14,8.2875,6.4587,0.88392,-0.48768,11,15.8
28.7,243.77,227.79,8.3759,6.4099,-0.9144,2.1641,11,15.98
28.8,244.61,228.43,8.2845,6.6264,-1.6459,4.2672,11,16.18
28.9,245.44,229.09,8.1199,7.0531,-0.18288,3.9929,11,16.35
29,246.25,229.8,8.1016,7.4524,1.1278,1.8898,11,16.45
29.1,247.06,230.54,8.2144,7.6413,1.463,0.3048,11,16.52
29.2,247.88,231.31,8.3607,7.6718,2.7737,-0.36576,11,16.57
29.3,248.72,232.08,8.638,7.6352,3.3833,-0.21336,11,16.64
29.4,249.58,232.84,8.9764,7.6139,3.0175,0.06096,11,16.74
29.5,250.48,233.6,9.2781,7.62,1.4021,-0.03048,11,16.88
29.6,251.41,234.36,9.4183,7.617,-0.3048,0.09144,11,17.05
29.7,252.35,235.12,9.3878,7.6261,-0.21336,-0.18288,11,17.23
29.8,253.29,235.89,9.3665,7.6078,-0.03048,-0.36576,11,17.4
29.9,254.22,236.65,9.3635,7.5712,1.14E-11,0.27432,11,17.57
30,255.16,237.4,9.3635,7.5987,0.09144,1.8593,11,17.76
30.1,256.1,238.16,9.3726,7.7846,5.68E-12,4.2062,11,17.94
30.2,257.03,238.94,9.3726,8.2052,-0.21336,3.5357,11,18.09
30.3,257.97,239.76,9.3513,8.5588,-0.57912,4.1758,11,18.21
30.4,258.91,240.62,9.2934,8.9764,-0.79248,1.8898,11,18.29
30.5,259.83,241.52,9.2141,9.1653,-0.57912,0.3048,11,18.31
30.6,260.76,242.43,9.1562,9.1958,-0.21336,-0.39624,11,18.33
30.7,261.67,243.35,9.1349,9.1562,0,-0.18288,11,18.32
30.8,262.59,244.27,9.1349,9.1379,0.06096,0.12192,11,18.32
30.9,263.5,245.18,9.141,9.1501,0.06096,0.12192,11,18.32
31,264.41,246.1,9.147,9.1623,-0.03048,-0.88392,11,18.31
31.1,265.33,247.01,9.144,9.0739,0,-0.88392,11,18.32
31.2,266.24,247.92,9.144,8.9855,0,1.0668,11,18.32
31.3,267.16,248.82,9.144,9.0922,0,4.4501,11,18.34
31.4,268.07,249.73,9.144,9.5372,0,3.5357,11,18.34
31.5,268.99,250.68,9.144,9.8908,0,4.511,11,18.31
31.6,269.9,251.67,9.144,10.342,0,1.2497,11,18.23
31.7,270.81,252.71,9.144,10.467,0,0.09144,11,18.1
31.8,271.73,253.75,9.144,10.476,0,-0.36576,11,17.98
31.9,272.64,254.8,9.144,10.439,0,-0.12192,11,17.84
32,273.56,255.84,9.144,10.427,0,-0.06096,11,17.72
32.1,274.47,256.89,9.144,10.421,-5.68E-12,-0.03048,11,17.58
32.2,275.39,257.93,9.144,10.418,5.68E-12,0.27432,11,17.46
32.3,276.3,258.97,9.144,10.445,-0.54864,0.64008,11,17.33
32.4,277.21,260.02,9.0891,10.51,1.0668,0.82296,11,17.19
32.5,278.12,261.07,9.1958,10.592,2.286,0.6096,11,17.05
32.6,279.04,262.13,9.4244,10.653,0.82296,0.27432,11,16.91
32.7,279.99,263.19,9.5067,10.68,-0.88392,-0.06096,11,16.8
32.8,280.94,264.26,9.4183,10.674,-2.225,-0.06096,11,16.68
32.9,281.88,265.33,9.1958,10.668,-1.0668,0,11,16.55
33,282.8,266.39,9.0891,10.668,0.54864,0,11,16.41
33.1,283.71,267.46,9.144,10.668,0,-5.68E-12,11,16.25
33.2,284.62,268.53,9.144,10.668,-0.03048,5.68E-12,11,16.09
33.3,285.54,269.59,9.141,10.668,0.03048,0,11,15.95
33.4,286.45,270.66,9.144,10.668,-0.03048,0,11,15.79
33.5,287.36,271.73,9.141,10.668,0.03048,0,11,15.63
33.6,288.28,272.79,9.144,10.668,0,0,11,15.49
33.7,289.19,273.86,9.144,10.668,-0.03048,0,11,15.33
33.8,290.11,274.93,9.141,10.668,-0.03048,0,11,15.18
33.9,291.02,275.99,9.1379,10.668,0.18288,-0.6096,11,15.03
34,291.93,277.06,9.1562,10.607,0.3048,1.2802,11,14.87
34.1,292.85,278.12,9.1867,10.735,-0.42672,2.8042,11,14.73
34.2,293.77,279.19,9.144,11.015,-1.524,0.6096,11,14.58
34.3,294.68,280.3,8.9916,11.076,-2.1031,-4.4501,11,14.38
34.4,295.58,281.4,8.7813,10.631,-1.3411,-4.2367,11,14.18
34.5,296.46,282.47,8.6472,10.208,-0.18288,-4.3891,11,13.99
34.6,297.33,283.49,8.6289,9.7688,-0.24384,-4.6025,11,13.84
34.7,298.19,284.46,8.6045,9.3086,-0.94488,-1.8898,11,13.73
34.8,299.05,285.4,8.51,9.1196,-0.51816,-0.27432,11,13.65
34.9,299.9,286.31,8.4582,9.0922,-1.5545,0.36576,11,13.59
35,300.75,287.22,8.3028,9.1288,-2.3165,0.1524,11,13.53
35.1,301.58,288.13,8.0711,9.144,-1.3106,0.12192,11,13.45
35.2,302.38,289.04,7.94,9.1562,-0.24384,0.3048,11,13.34
35.3,303.18,289.96,7.9157,9.1867,1.2802,-0.39624,11,13.22
35.4,303.97,290.88,8.0437,9.147,1.463,-1.7069,11,13.09
35.5,304.77,291.79,8.19,8.9764,0.94488,-2.2555,11,12.98
35.6,305.59,292.69,8.2845,8.7508,0.88392,-0.88392,11,12.9
35.7,306.42,293.57,8.3729,8.6624,-0.85344,1.0058,11,12.85
35.8,307.26,294.43,8.2875,8.763,-2.7127,1.0058,11,12.83
35.9,308.09,295.31,8.0162,8.8636,-2.7127,-0.6096,11,12.78
36,308.89,296.19,7.745,8.8026,-1.3411,-2.5603,11,12.7
36.1,309.66,297.08,7.6109,8.5466,-0.3048,-2.9261,11,12.58
36.2,310.42,297.93,7.5804,8.254,0.24384,-2.8346,11,12.49
36.3,311.18,298.76,7.6048,7.9705,0.21336,-2.2555,11,12.42
36.4,311.94,299.55,7.6261,7.745,-0.06096,-0.64008,11,12.39
36.5,312.7,300.33,7.62,7.681,-0.03048,-1.7069,11,12.37
36.6,313.47,301.09,7.617,7.5103,0.03048,-2.5603,11,12.38
36.7,314.23,301.85,7.62,7.2542,0.03048,-0.88392,11,12.38
36.8,314.99,302.57,7.623,7.1658,-0.03048,1.0058,11,12.42
36.9,315.75,303.29,7.62,7.2664,0,2.8956,11,12.46
37,316.51,304.01,7.62,7.556,0,1.3106,11,12.5
37.1,317.28,304.77,7.62,7.6871,0,-0.67056,11,12.51
37.2,318.04,305.54,7.62,7.62,0,0.03048,11,12.5
37.3,318.8,306.3,7.62,7.623,0,-0.03048,11,12.5
37.4,319.56,307.06,7.62,7.62,0,0,11,12.5
37.5,320.32,307.83,7.62,7.62,0,-0.03048,11,12.49
37.6,321.09,308.59,7.62,7.617,0,0.03048,11,12.5
37.7,321.85,309.35,7.62,7.62,-0.24384,0,11,12.5
37.8,322.61,310.11,7.5956,7.62,0.4572,0,11,12.5
37.9,323.37,310.87,7.6413,7.62,0.88392,0,11,12.5
38,324.13,311.63,7.7297,7.62,0.33528,0,11,12.5
38.1,324.91,312.4,7.7633,7.62,-0.3048,0,11,12.51
38.2,325.68,313.16,7.7328,7.62,-0.9144,0,11,12.52
38.3,326.46,313.92,7.6413,7.62,-0.4572,0,11,12.54
38.4,327.22,314.68,7.5956,7.62,0.24384,0,11,12.54
38.5,327.98,315.44,7.62,7.62,0.03048,0,11,12.54
38.6,328.74,316.21,7.623,7.62,-0.03048,0,11,12.53
38.7,329.5,316.97,7.62,7.62,0,0,11,12.53
38.8,330.27,317.73,7.62,7.62,0,0,11,12.54
38.9,331.03,318.49,7.62,7.62,0,0,11,12.54
39,331.79,319.25,7.62,7.62,0,0,11,12.54
39.1,332.55,320.02,7.62,7.62,0.03048,0.06096,11,12.53
39.2,333.31,320.78,7.623,7.6261,-0.1524,-0.21336,11,12.53
39.3,334.08,321.54,7.6078,7.6048,-0.3048,-0.24384,11,12.54
39.4,334.84,322.3,7.5773,7.5804,0.36576,0.09144,11,12.54
39.5,335.6,323.06,7.6139,7.5895,1.3411,1.7678,11,12.54
39.6,336.36,323.82,7.748,7.7663,2.5298,3.2614,11,12.54
39.7,337.13,324.6,8.001,8.0924,2.5298,3.1394,11,12.53
39.8,337.93,325.4,8.254,8.4064,1.4021,2.6213,11,12.53
39.9,338.76,326.25,8.3942,8.6685,0.1524,1.5545,11,12.51
40,339.6,327.11,8.4094,8.824,-0.54864,0.21336,11,12.49
40.1,340.44,327.99,8.3546,8.8453,0.1524,-0.85344,11,12.45
40.2,341.27,328.88,8.3698,8.76,1.4326,-0.94488,11,12.39
40.3,342.11,329.76,8.5131,8.6655,2.286,0.82296,11,12.35
40.4,342.96,330.62,8.7417,8.7478,2.4079,2.3165,11,12.34
40.5,343.84,331.5,8.9825,8.9794,2.0117,1.6764,11,12.34
40.6,344.73,332.39,9.1836,9.147,1.9812,0.39624,11,12.34
40.7,345.65,333.31,9.3817,9.1867,1.8288,-0.27432,11,12.34
40.8,346.59,334.23,9.5646,9.1592,1.463,-0.21336,11,12.36
40.9,347.55,335.14,9.7109,9.1379,0.64008,0.06096,11,12.41
41,348.52,336.06,9.7749,9.144,-0.1524,0,11,12.46
41.1,349.5,336.97,9.7597,9.144,0.48768,0,11,12.53
41.2,350.47,337.89,9.8085,9.144,-0.48768,0,11,12.58
41.3,351.45,338.8,9.7597,9.144,-2.1946,0,11,12.65
41.4,352.43,339.72,9.5402,9.144,-2.8042,0,11,12.71
41.5,353.38,340.63,9.2598,9.144,-3.1699,0.03048,11,12.75
41.6,354.31,341.54,8.9428,9.147,-1.9202,-0.06096,11,12.77
41.7,355.2,342.46,8.7508,9.141,-0.67056,-0.3048,11,12.74
41.8,356.08,343.37,8.6838,9.1105,0.18288,-0.12192,11,12.71
41.9,356.95,344.28,8.702,9.0983,1.2192,1.0363,11,12.67
42,357.82,345.19,8.824,9.2019,0.54864,2.4994,11,12.63
42.1,358.7,346.11,8.8788,9.4518,-0.21336,3.3833,11,12.59
42.2,359.59,347.06,8.8575,9.7902,-0.12192,2.5298,11,12.53
42.3,360.47,348.04,8.8453,10.043,5.68E-12,1.0058,11,12.43
42.4,361.36,349.04,8.8453,10.144,0.03048,0.54864,11,12.32
42.5,362.24,350.06,8.8483,10.199,5.68E-12,-1.1887,11,12.18
42.6,363.13,351.08,8.8483,10.08,-5.68E-12,-2.6213,11,12.05
42.7,364.01,352.08,8.8483,9.8176,0,-1.6459,11,11.93
42.8,364.9,353.07,8.8483,9.653,-0.03048,0.33528,11,11.83
42.9,365.78,354.03,8.8453,9.6865,0.03048,2.5298,11,11.75
43,366.67,355,8.8483,9.9395,-5.68E-12,1.9812,11,11.67
43.1,367.55,355.99,8.8483,10.138,-5.68E-12,0.12192,11,11.56
43.2,368.43,357.01,8.8483,10.15,-0.03048,0.03048,11,11.42
43.3,369.32,358.02,8.8453,10.153,0.03048,-0.09144,11,11.3
43.4,370.2,359.04,8.8483,10.144,-5.68E-12,-0.06096,11,11.16
43.5,371.09,360.05,8.8483,10.138,0,0.03048,11,11.04
43.6,371.97,361.07,8.8483,10.141,-0.03048,-0.03048,11,10.9
43.7,372.86,362.08,8.8453,10.138,0.03048,0.03048,11,10.78
43.8,373.74,363.09,8.8483,10.141,-5.68E-12,-0.03048,11,10.65
43.9,374.63,364.11,8.8483,10.138,0,0.03048,11,10.52
44,375.51,365.12,8.8483,10.141,0.39624,-0.03048,11,10.39
44.1,376.4,366.14,8.888,10.138,-0.54864,0.03048,11,10.26
44.2,377.29,367.15,8.8331,10.141,-2.3165,-0.03048,11,10.14
44.3,378.17,368.16,8.6015,10.138,-1.6459,-0.06096,11,10.01
44.4,379.03,369.18,8.4369,10.132,0.3048,0.27432,11,9.85
44.5,379.87,370.19,8.4673,10.159,1.7374,0.51816,11,9.68
44.6,380.72,371.21,8.6411,10.211,0.70104,-0.70104,11,9.51
44.7,381.58,372.23,8.7112,10.141,-1.524,-3.9319,11,9.35
0.1,20.126,0,13.131,13.362,4.1758,1.1278,12,20.126
0.2,21.439,1.3362,13.548,13.475,1.8898,0.18288,12,20.1028
0.3,22.794,2.6838,13.737,13.493,0.3048,0.33528,12,20.1102
0.4,24.167,4.0331,13.768,13.527,-0.36576,0.24384,12,20.1339
0.5,25.544,5.3858,13.731,13.551,-0.21336,-0.97536,12,20.1582
0.6,26.917,6.741,13.71,13.454,0.06096,-3.5357,12,20.176
0.7,28.288,8.0863,13.716,13.1,0.18288,-4.3282,12,20.2017
0.8,29.66,9.3964,13.734,12.667,-0.33528,-3.3223,12,20.2636
0.9,31.033,10.663,13.701,12.335,-0.94488,0.18288,12,20.37
1,32.403,11.897,13.606,12.354,-0.6096,2.8346,12,20.506
1.1,33.764,13.132,13.545,12.637,0.64008,3.4442,12,20.632
1.2,35.118,14.396,13.609,12.981,2.1946,2.4079,12,20.722
1.3,36.479,15.694,13.829,13.222,2.8956,1.3716,12,20.785
1.4,37.862,17.016,14.118,13.359,2.1641,1.2192,12,20.846
1.5,39.274,18.352,14.335,13.481,1.0973,0.18288,12,20.922
1.6,40.708,19.7,14.444,13.5,0.67056,-0.762,12,21.008
1.7,42.152,21.05,14.512,13.423,1.0668,-0.12192,12,21.102
1.8,43.603,22.392,14.618,13.411,2.347,1.0363,12,21.211
1.9,45.065,23.734,14.853,13.515,2.8042,1.6459,12,21.331
2,46.55,25.085,15.133,13.679,1.463,0.70104,12,21.465
2.1,48.064,26.453,15.28,13.75,-0.3048,-0.67056,12,21.611
2.2,49.592,27.828,15.249,13.682,-1.9812,0.27432,12,21.764
2.3,51.116,29.196,15.051,13.71,-2.4994,1.4935,12,21.92
2.4,52.622,30.567,14.801,13.859,-1.8288,3.1394,12,22.055
2.5,54.102,31.953,14.618,14.173,-0.762,3.9014,12,22.149
2.6,55.564,33.37,14.542,14.563,0.762,3.9929,12,22.194
2.7,57.018,34.827,14.618,14.963,2.0726,2.7737,12,22.191
2.8,58.48,36.323,14.825,15.24,2.347,0.70104,12,22.157
2.9,59.962,37.847,15.06,15.31,1.6459,-0.54864,12,22.115
3,61.468,39.378,15.225,15.255,0.48768,-0.21336,12,22.09
3.1,62.991,40.904,15.274,15.234,-0.12192,0.06096,12,22.087
3.2,64.518,42.427,15.261,15.24,-0.21336,-0.03048,12,22.091
3.3,66.044,43.951,15.24,15.237,-0.09144,0.03048,12,22.093
3.4,67.568,45.475,15.231,15.24,0.24384,0.21336,12,22.093
3.5,69.091,46.999,15.255,15.261,0.36576,0.09144,12,22.092
3.6,70.617,48.525,15.292,15.27,-0.3048,-0.64008,12,22.092
3.7,72.146,50.052,15.261,15.206,-1.8898,-1.6764,12,22.094
3.8,73.672,51.572,15.072,15.039,-4.1453,-2.286,12,22.1
3.9,75.179,53.076,14.658,14.81,-3.5966,-1.9202,12,22.103
4,76.645,54.557,14.298,14.618,-4.1453,-0.73152,12,22.088
4.1,78.075,56.019,13.884,14.545,-1.8898,0.79248,12,22.056
4.2,79.463,57.474,13.695,14.624,-0.3048,2.0422,12,21.989
4.3,80.833,58.936,13.664,14.829,0.39624,2.3165,12,21.897
4.4,82.199,60.419,13.704,15.06,0.1524,1.6459,12,21.78
4.5,83.569,61.925,13.719,15.225,-0.03048,0.51816,12,21.644
4.6,84.941,63.447,13.716,15.277,0.03048,-0.18288,12,21.494
4.7,86.313,64.975,13.719,15.258,-0.09144,-0.1524,12,21.338
4.8,87.685,66.501,13.71,15.243,0.18288,-0.06096,12,21.184
4.9,89.056,68.025,13.728,15.237,0.36576,0.03048,12,21.031
5,90.429,69.549,13.765,15.24,-0.36576,0,12,20.88
5.1,91.805,71.073,13.728,15.24,-1.8898,0,12,20.732
5.2,93.178,72.597,13.539,15.24,-3.3223,0,12,20.581
5.3,94.532,74.121,13.207,15.24,-3.1699,-0.03048,12,20.411
5.4,95.853,75.645,12.89,15.237,-1.6459,0.03048,12,20.208
5.5,97.142,77.169,12.725,15.24,-0.70104,0.03048,12,19.973
5.6,98.414,78.693,12.655,15.243,-1.2192,-0.03048,12,19.721
5.7,99.68,80.217,12.533,15.24,-1.8593,0,12,19.463
5.8,100.93,81.741,12.347,15.24,-1.5545,-0.06096,12,19.189
5.9,102.17,83.265,12.192,15.234,-0.42672,0.36576,12,18.905
6,103.39,84.788,12.149,15.27,0.27432,0.48768,12,18.602
6.1,104.6,86.315,12.177,15.319,0.1524,-1.9202,12,18.285
6.2,105.82,87.847,12.192,15.127,0.06096,-5.8217,12,17.973
6.3,107.04,89.36,12.198,14.545,0.42672,-5.273,12,17.68
6.4,108.26,90.815,12.241,14.018,0.09144,-6.0655,12,17.445
6.5,109.48,92.216,12.25,13.411,-1.2192,-5.3035,12,17.264
6.6,110.71,93.557,12.128,12.881,-2.8346,-6.157,12,17.153
6.7,111.92,94.846,11.845,12.265,-3.1394,-1.585,12,17.074
6.8,113.1,96.072,11.531,12.107,-0.85344,2.1641,12,17.028
6.9,114.26,97.283,11.445,12.323,1.2192,2.7127,12,16.977
7,115.4,98.515,11.567,12.594,0.97536,1.1278,12,16.885
7.1,116.56,99.774,11.665,12.707,-1.1582,-1.1887,12,16.786
7.2,117.73,101.05,11.549,12.588,-3.6271,-2.347,12,16.68
7.3,118.88,102.3,11.186,12.354,-3.4747,-1.6459,12,16.58
7.4,120,103.54,10.839,12.189,-1.8288,-0.39624,12,16.46
7.5,121.08,104.76,10.656,12.149,-0.36576,0.3048,12,16.32
7.6,122.15,105.97,10.619,12.18,0.33528,0.09144,12,16.18
7.7,123.21,107.19,10.653,12.189,0.21336,0.12192,12,16.02
7.8,124.28,108.41,10.674,12.201,-0.06096,0.39624,12,15.87
7.9,125.34,109.63,10.668,12.241,0,0.12192,12,15.71
8,126.41,110.85,10.668,12.253,1.42E-12,0.03048,12,15.56
8.1,127.48,112.08,10.668,12.256,-1.42E-12,-0.06096,12,15.4
8.2,128.54,113.31,10.668,12.25,-0.03048,-0.4572,12,15.23
8.3,129.61,114.53,10.665,12.204,2.84E-12,-1.7678,12,15.08
8.4,130.68,115.75,10.665,12.027,0.06096,-4.2062,12,14.93
8.5,131.74,116.95,10.671,11.607,0.24384,-3.5357,12,14.79
8.6,132.81,118.11,10.695,11.253,0.3048,-4.1758,12,14.7
8.7,133.88,119.24,10.726,10.836,0.21336,-1.8898,12,14.64
8.8,134.95,120.32,10.747,10.647,0.09144,-0.27432,12,14.63
8.9,136.03,121.39,10.756,10.619,0.03048,0.33528,12,14.64
9,137.1,122.45,10.759,10.653,-0.03048,0.21336,12,14.65
9.1,138.18,123.51,10.756,10.674,-0.09144,-0.09144,12,14.67
9.2,139.25,124.58,10.747,10.665,-0.3048,0.03048,12,14.67
9.3,140.33,125.65,10.717,10.668,-0.06096,0.03048,12,14.68
9.4,141.4,126.72,10.711,10.671,0.03048,-0.03048,12,14.68
9.5,142.47,127.78,10.714,10.668,-0.48768,0,12,14.69
9.6,143.54,128.85,10.665,10.668,-1.5545,-0.12192,12,14.69
9.7,144.61,129.92,10.51,10.656,-1.8288,-0.03048,12,14.69
9.8,145.66,130.98,10.327,10.653,-1.1887,0.3048,12,14.68
9.9,146.69,132.05,10.208,10.683,-0.73152,0.82296,12,14.64
10,147.71,133.12,10.135,10.766,-1.6459,1.0668,12,14.59
10.1,148.73,134.19,9.97,10.872,-3.1699,0.82296,12,14.54
10.2,149.72,135.28,9.653,10.955,-3.3223,0.27432,12,14.44
10.3,150.69,136.37,9.3208,10.982,-1.8898,0.09144,12,14.32
10.4,151.62,137.47,9.1318,10.991,-0.3048,-0.06096,12,14.15
10.5,152.54,138.57,9.1013,10.985,0.18288,-0.33528,12,13.97
10.6,153.45,139.67,9.1196,10.951,-0.21336,-0.79248,12,13.78
10.7,154.36,140.77,9.0983,10.872,-0.27432,-1.0668,12,13.59
10.8,155.27,141.85,9.0708,10.766,0.21336,-0.82296,12,13.42
10.9,156.17,142.93,9.0922,10.683,0.42672,-0.33528,12,13.24
11,157.08,144,9.1349,10.65,0.18288,0.21336,12,13.08
11.1,158,145.06,9.1531,10.671,-0.1524,0.4572,12,12.94
11.2,158.91,146.13,9.1379,10.717,0.18288,-0.27432,12,12.78
11.3,159.83,147.2,9.1562,10.689,0.39624,-1.8898,12,12.63
11.4,160.74,148.27,9.1958,10.5,-0.3048,-4.1453,12,12.47
11.5,161.66,149.32,9.1653,10.086,-1.8898,-3.5966,12,12.34
11.6,162.58,150.33,8.9764,9.7262,-4.1758,-4.1453,12,12.25
11.7,163.48,151.3,8.5588,9.3116,-3.5357,-1.7678,12,12.18
11.8,164.33,152.23,8.2052,9.1349,-4.1758,-0.51816,12,12.1
11.9,165.15,153.15,7.7876,9.083,-1.8898,-0.12192,12,12
12,165.93,154.05,7.5987,9.0708,-0.27432,8.53E-12,12,11.88
12.1,166.69,154.96,7.5712,9.0708,0.33528,0.1524,12,11.73
12.2,167.45,155.87,7.6048,9.0861,0.21336,0.48768,12,11.58
12.3,168.21,156.78,7.6261,9.1349,-0.06096,0.18288,12,11.43
12.4,168.97,157.69,7.62,9.1531,0,-0.09144,12,11.28
12.5,169.73,158.61,7.62,9.144,-0.06096,0,12,11.12
12.6,170.49,159.52,7.6139,9.144,0.21336,0,12,10.97
12.7,171.26,160.43,7.6352,9.144,0.27432,0,12,10.83
12.8,172.02,161.35,7.6627,9.144,-0.42672,-0.06096,12,10.67
12.9,172.79,162.26,7.62,9.1379,-1.5545,0.3048,12,10.53
13,173.55,163.18,7.4646,9.1684,-1.8593,0.36576,12,10.37
13.1,174.29,164.09,7.2786,9.205,-1.2192,-0.85344,12,10.2
13.2,175.02,165.01,7.1567,9.1196,-0.73152,-3.3833,12,10.01
13.3,175.74,165.93,7.0836,8.7813,-1.585,-4.6025,12,9.81
13.4,176.45,166.8,6.9251,8.321,-3.2309,-4.6025,12,9.65
13.5,177.14,167.64,6.602,7.8608,-3.2614,-4.8158,12,9.5
13.6,177.8,168.42,6.2758,7.3792,-1.9202,-4.6025,12,9.38
13.7,178.43,169.16,6.0838,6.919,-0.39624,-4.6025,12,9.27
13.8,179.03,169.85,6.0442,6.4587,0.39624,-3.3833,12,9.18
13.9,179.64,170.5,6.0838,6.1204,0.1524,-0.85344,12,9.14
14,180.25,171.11,6.099,6.035,2.84E-12,0.36576,12,9.14
14.1,180.86,171.71,6.099,6.0716,-0.03048,0.3048,12,9.15
14.2,181.47,172.32,6.096,6.1021,0,-0.06096,12,9.15
14.3,182.08,172.93,6.096,6.096,0,0,12,9.15
14.4,182.69,173.54,6.096,6.096,-0.03048,0,12,9.15
14.5,183.3,174.15,6.093,6.096,0.06096,0,12,9.15
14.6,183.91,174.76,6.099,6.096,-0.06096,0,12,9.15
14.7,184.52,175.37,6.093,6.096,0.03048,0,12,9.15
14.8,185.12,175.98,6.096,6.096,0,0,12,9.14
14.9,185.73,176.59,6.096,6.096,0,0,12,9.14
15,186.34,177.2,6.096,6.096,0,0,12,9.14
15.1,186.95,177.81,6.096,6.096,0,0,12,9.14
15.2,187.56,178.42,6.096,6.096,0,-0.09144,12,9.14
15.3,188.17,179.03,6.096,6.0869,-0.09144,0.42672,12,9.14
15.4,188.78,179.64,6.0869,6.1295,0.12192,0.48768,12,9.14
15.5,189.39,180.25,6.099,6.1783,0.3048,-1.9812,12,9.14
15.6,190,180.87,6.1295,5.9802,0.64008,-5.7912,12,9.13
15.7,190.61,181.47,6.1935,5.4011,1.6459,-5.273,12,9.14
15.8,191.23,182.01,6.3581,4.8738,2.6213,-6.035,12,9.22
15.9,191.87,182.49,6.6203,4.2702,2.8346,-5.273,12,9.38
16,192.53,182.92,6.9037,3.7429,1.8288,-5.8217,12,9.61
16.1,193.22,183.29,7.0866,3.1608,0.70104,-1.9202,12,9.93
16.2,193.93,183.61,7.1567,2.9688,1.2192,0.48768,12,10.32
16.3,194.65,183.91,7.2786,3.0175,1.8898,0.36576,12,10.74
16.4,195.37,184.21,7.4676,3.0541,1.524,-0.09144,12,11.16
16.5,196.12,184.51,7.62,3.045,0.42672,0.09144,12,11.61
16.6,196.88,184.82,7.6627,3.0541,-0.3048,0.03048,12,12.06
16.7,197.65,185.12,7.6322,3.0571,-0.18288,-0.03048,12,12.53
16.8,198.41,185.43,7.6139,3.0541,0.06096,-0.12192,12,12.98
16.9,199.17,185.74,7.62,3.0419,0.03048,-0.12192,12,13.43
17,199.94,186.04,7.623,3.0297,-0.06096,0.12192,12,13.9
17.1,200.7,186.34,7.617,3.0419,0.03048,0.12192,12,14.36
17.2,201.46,186.65,7.62,3.0541,0,8.53E-12,12,14.81
17.3,202.22,186.95,7.62,3.0541,0,-1.14E-11,12,15.27
17.4,202.98,187.26,7.62,3.0541,0,-0.09144,12,15.72
17.5,203.75,187.56,7.62,3.045,0,0.03048,12,16.19
17.6,204.51,187.87,7.62,3.048,0,0,12,16.64
17.7,205.27,188.17,7.62,3.048,0,0,12,17.1
17.8,206.03,188.48,7.62,3.048,0,0,12,17.55
17.9,206.79,188.78,7.62,3.048,0,0.03048,12,18.01
18,207.56,189.09,7.62,3.051,0,-0.03048,12,18.47
18.1,208.32,189.39,7.62,3.048,0,-0.18288,12,18.93
18.2,209.08,189.7,7.62,3.0297,0.03048,0.33528,12,19.38
18.3,209.84,190,7.623,3.0632,-0.06096,0.79248,12,19.84
18.4,210.6,190.31,7.617,3.1425,0.03048,0.09144,12,20.29
18.5,211.37,190.62,7.62,3.1516,0,-0.64008,12,20.75
18.6,212.13,190.93,7.62,3.0876,-0.06096,-0.4572,12,21.2
18.7,212.89,191.24,7.6139,3.0419,0.21336,1.5545,12,21.65
18.8,213.65,191.55,7.6352,3.1974,0.36576,4.3586,12,22.1
18.9,214.41,191.87,7.6718,3.6332,-0.3048,3.5357,12,22.54
19,215.18,192.23,7.6413,3.9868,-1.8898,4.2062,12,22.95
19.1,215.95,192.63,7.4524,4.4074,-4.1148,1.8898,12,23.32
19.2,216.69,193.07,7.0409,4.5964,-3.5662,0.12192,12,23.62
19.3,217.39,193.53,6.6843,4.6086,-3.7186,-0.64008,12,23.86
19.4,218.06,193.99,6.3124,4.5446,-2.2555,0.1524,12,24.07
19.5,218.69,194.45,6.0869,4.5598,-2.1946,1.3716,12,24.24
19.6,219.3,194.9,5.8674,4.697,-2.9261,2.286,12,24.4
19.7,219.89,195.37,5.5748,4.9256,-3.0175,2.7737,12,24.52
19.8,220.45,195.86,5.273,5.2029,-1.6459,2.6213,12,24.59
19.9,220.97,196.38,5.1084,5.4651,-0.762,2.8346,12,24.59
20,221.49,196.93,5.0322,5.7485,-1.2192,2.1031,12,24.56
20.1,221.99,197.51,4.9103,5.9588,-1.7069,0.9144,12,24.48
20.2,222.48,198.1,4.7396,6.0503,-1.2497,0.67056,12,24.38
20.3,222.95,198.71,4.6147,6.1173,-0.85344,1.5545,12,24.24
20.4,223.42,199.32,4.5293,6.2728,-1.2497,3.8405,12,24.1
20.5,223.87,199.95,4.4044,6.6568,-1.7069,4.3586,12,23.92
20.6,224.31,200.61,4.2337,7.0927,-1.2192,2.1031,12,23.7
20.7,224.73,201.32,4.1118,7.303,-0.762,-0.4572,12,23.41
20.8,225.14,202.05,4.0356,7.2573,-1.6154,-0.9144,12,23.09
20.9,225.55,202.78,3.874,7.1658,-3.1699,1.0058,12,22.77
21,225.93,203.49,3.557,7.2664,-3.3223,1.8898,12,22.44
21.1,226.29,204.22,3.2248,7.4554,-1.8593,0.12192,12,22.07
21.2,226.61,204.96,3.0389,7.4676,-0.42672,-1.463,12,21.65
21.3,226.92,205.71,2.9962,7.3213,0.39624,-1.5545,12,21.21
21.4,227.22,206.44,3.0358,7.1658,0.33528,-0.97536,12,20.78
21.5,227.52,207.16,3.0693,7.0683,-0.3048,-1.1582,12,20.36
21.6,227.83,207.87,3.0389,6.9525,-0.64008,-1.9812,12,19.96
21.7,228.13,208.56,2.9748,6.7544,-0.67056,-1.5545,12,19.57
21.8,228.43,209.24,2.9078,6.5989,-0.9144,-0.36576,12,19.19
21.9,228.72,209.9,2.8164,6.5623,-1.524,0.39624,12,18.82
22,229,210.55,2.664,6.602,-2.1641,0.4572,12,18.45
22.1,229.27,211.21,2.4475,6.6477,-1.9507,-0.33528,12,18.06
22.2,229.51,211.88,2.2525,6.6142,-0.88392,-1.3716,12,17.63
22.3,229.74,212.54,2.1641,6.477,0.06096,-2.3165,12,17.2
22.4,229.95,213.19,2.1702,6.2454,0.4572,-2.7127,12,16.76
22.5,230.17,213.81,2.2159,5.9741,0.3048,-2.8956,12,16.36
22.6,230.39,214.41,2.2464,5.6845,0.21336,-2.1336,12,15.98
22.7,230.62,214.98,2.2677,5.4712,-0.06096,-1.0363,12,15.64
22.8,230.84,215.53,2.2616,5.3675,-0.06096,-0.67056,12,15.31
22.9,231.07,216.06,2.2555,5.3005,2.84E-12,-1.0973,12,15.01
23,231.29,216.59,2.2555,5.1907,0.03048,-2.3165,12,14.7
23.1,231.52,217.11,2.2586,4.9591,-0.03048,-2.5603,12,14.41
23.2,231.75,217.61,2.2555,4.7031,0.03048,-1.4021,12,14.14
23.3,231.97,218.08,2.2586,4.5629,-0.03048,-0.33528,12,13.89
23.4,232.2,218.53,2.2555,4.5293,0.03048,0.3048,12,13.67
23.5,232.42,218.99,2.2586,4.5598,-0.03048,0.18288,12,13.43
23.6,232.65,219.44,2.2555,4.5781,0,-0.12192,12,13.21
23.7,232.87,219.9,2.2555,4.5659,0.03048,0.18288,12,12.97
23.8,233.1,220.36,2.2586,4.5842,0,0.3048,12,12.74
23.9,233.33,220.82,2.2586,4.6147,-0.03048,-0.42672,12,12.51
24,233.55,221.28,2.2555,4.572,0.03048,-1.5545,12,12.27
24.1,233.78,221.73,2.2586,4.4166,-0.03048,-1.8593,12,12.05
24.2,234,222.18,2.2555,4.2306,0.03048,-1.2192,12,11.82
24.3,234.23,222.6,2.2586,4.1087,-0.03048,-0.70104,12,11.63
24.4,234.45,223.01,2.2555,4.0386,0.03048,-1.6459,12,11.44
24.5,234.68,223.41,2.2586,3.874,-0.03048,-3.1394,12,11.27
24.6,234.91,223.8,2.2555,3.5601,2.84E-12,-3.3528,12,11.11
24.7,235.13,224.16,2.2555,3.2248,0.09144,-1.9507,12,10.97
24.8,235.36,224.48,2.2647,3.0297,-0.24384,-0.18288,12,10.88
24.9,235.58,224.78,2.2403,3.0114,-0.4572,0.73152,12,10.8
25,235.81,225.08,2.1946,3.0846,0.54864,-0.12192,12,10.73
25.1,236.03,225.39,2.2494,3.0724,3.1699,-1.8898,12,10.64
25.2,236.25,225.7,2.5664,2.8834,4.572,-4.1758,12,10.55
25.3,236.51,225.99,3.0236,2.4658,3.9929,-3.5662,12,10.52
25.4,236.81,226.23,3.4229,2.1092,4.572,-4.2062,12,10.58
25.5,237.15,226.45,3.8801,1.6886,3.1699,-1.8593,12,10.7
25.6,237.54,226.61,4.1971,1.5027,0.57912,-0.3048,12,10.93
25.7,237.96,226.76,4.255,1.4722,-0.4572,0.42672,12,11.2
25.8,238.39,226.91,4.2093,1.5149,-0.21336,0.03048,12,11.48
25.9,238.81,227.06,4.188,1.5179,0.03048,-0.33528,12,11.75
26,239.23,227.21,4.191,1.4844,-2.84E-12,0.3048,12,12.02
26.1,239.65,227.36,4.191,1.5149,-0.03048,1.3716,12,12.29
26.2,240.06,227.51,4.188,1.652,0.03048,2.4994,12,12.55
26.3,240.48,227.68,4.191,1.902,-2.84E-12,2.8956,12,12.8
26.4,240.9,227.87,4.191,2.1915,0.03048,1.2497,12,13.03
26.5,241.32,228.09,4.194,2.3165,-0.03048,-1.0363,12,13.23
26.6,241.74,228.32,4.191,2.2128,-0.03048,-2.3165,12,13.42
26.7,242.16,228.54,4.188,1.9812,0.03048,-2.1946,12,13.62
26.8,242.58,228.74,4.191,1.7617,0.06096,-0.06096,12,13.84
26.9,243,228.92,4.1971,1.7556,-0.3048,1.4021,12,14.08
27,243.42,229.09,4.1666,1.8959,-0.39624,1.8288,12,14.33
27.1,243.83,229.28,4.127,2.0787,0.70104,2.0117,12,14.55
27.2,244.25,229.49,4.1971,2.2799,3.5662,1.6764,12,14.76
27.3,244.67,229.72,4.5537,2.4475,4.3586,2.3165,12,14.95
27.4,245.12,229.96,4.9896,2.6792,3.9014,3.1699,12,15.16
27.5,245.62,230.23,5.3797,2.9962,4.6634,3.7186,12,15.39
27.6,246.16,230.53,5.8461,3.368,2.5603,3.4442,12,15.63
27.7,246.74,230.87,6.1021,3.7125,0.48768,2.4384,12,15.87
27.8,247.35,231.24,6.1509,3.9563,-0.39624,1.0668,12,16.11
27.9,247.97,231.63,6.1112,4.063,-0.21336,0.06096,12,16.34
28,248.58,232.04,6.0899,4.0691,0.06096,-0.3048,12,16.54
28.1,249.19,232.45,6.096,4.0386,0.06096,-0.09144,12,16.74
28.2,249.8,232.85,6.1021,4.0295,-0.21336,0.03048,12,16.95
28.3,250.41,233.25,6.0808,4.0325,-0.27432,-5.68E-12,12,17.16
28.4,251.02,233.66,6.0533,4.0325,0.4572,8.53E-12,12,17.36
28.5,251.62,234.06,6.099,4.0325,1.463,-1.14E-11,12,17.56
28.6,252.23,234.46,6.2454,4.0325,2.1031,1.14E-11,12,17.77
28.7,252.86,234.87,6.4557,4.0325,1.4021,-2.84E-12,12,17.99
28.8,253.5,235.27,6.5959,4.0325,0.12192,-5.68E-12,12,18.23
28.9,254.16,235.67,6.6081,4.0325,0.27432,5.68E-12,12,18.49
29,254.82,236.08,6.6355,4.0325,0.9144,-5.68E-12,12,18.74
29.1,255.49,236.48,6.7269,4.0325,1.0973,8.53E-12,12,19.01
29.2,256.16,236.88,6.8367,4.0325,0.51816,-1.14E-11,12,19.28
29.3,256.84,237.29,6.8885,4.0325,-5.68E-12,1.14E-11,12,19.55
29.4,257.53,237.69,6.8885,4.0325,-0.51816,-2.84E-12,12,19.84
29.5,258.22,238.09,6.8367,4.0325,0.82296,-5.68E-12,12,20.13
29.6,258.9,238.5,6.919,4.0325,0.94488,5.68E-12,12,20.4
29.7,259.6,238.9,7.0134,4.0325,-1.6154,0.03048,12,20.7
29.8,260.3,239.3,6.8519,4.0356,-3.4138,-0.06096,12,21
29.9,260.98,239.71,6.5105,4.0295,-3.6881,-0.1524,12,21.27
30,261.63,240.11,6.1417,4.0142,-1.4326,-0.06096,12,21.52
30.1,262.25,240.51,5.9985,4.0081,0.82296,0.6096,12,21.74
30.2,262.85,240.91,6.0808,4.0691,0.18288,1.4021,12,21.94
30.3,263.46,241.32,6.099,4.2093,-0.03048,1.9202,12,22.14
30.4,264.07,241.74,6.096,4.4013,0,1.2192,12,22.33
30.5,264.67,242.18,6.096,4.5232,-0.03048,0.18288,12,22.49
30.6,265.28,242.63,6.093,4.5415,0.03048,0.33528,12,22.65
30.7,265.89,243.09,6.096,4.575,0,1.6459,12,22.8
30.8,266.5,243.54,6.096,4.7396,-0.03048,4.1453,12,22.96
30.9,267.11,244.02,6.093,5.1542,0.03048,3.5662,12,23.09
31,267.72,244.53,6.096,5.5108,0,4.1758,12,23.19
31.1,268.33,245.08,6.096,5.9284,0,1.9507,12,23.25
31.2,268.94,245.68,6.096,6.1234,0,0.09144,12,23.26
31.3,269.55,246.29,6.096,6.1326,0,-0.64008,12,23.26
31.4,270.16,246.9,6.096,6.0686,-0.03048,0.18288,12,23.26
31.5,270.77,247.51,6.093,6.0869,0.03048,1.3106,12,23.26
31.6,271.38,248.12,6.096,6.2179,0,2.3165,12,23.26
31.7,271.99,248.74,6.096,6.4496,0,2.7737,12,23.25
31.8,272.6,249.38,6.096,6.7269,0,2.6518,12,23.22
31.9,273.21,250.06,6.096,6.9921,-0.03048,2.7127,12,23.15
32,273.82,250.76,6.093,7.2634,0.03048,2.3165,12,23.06
32.1,274.43,251.48,6.096,7.495,-0.03048,1.3411,12,22.95
32.2,275.04,252.23,6.093,7.6291,0.03048,0.3048,12,22.81
32.3,275.65,252.99,6.096,7.6596,0,-0.18288,12,22.66
32.4,276.26,253.76,6.096,7.6413,0,-0.42672,12,22.5
32.5,276.87,254.53,6.096,7.5987,-0.03048,-0.3048,12,22.34
32.6,277.47,255.28,6.093,7.5682,0.03048,0.33528,12,22.19
32.7,278.08,256.04,6.096,7.6017,0,1.8288,12,22.04
32.8,278.69,256.8,6.096,7.7846,0,4.6025,12,21.89
32.9,279.3,257.58,6.096,8.2448,0.06096,4.3282,12,21.72
33,279.91,258.4,6.1021,8.6777,0.4572,4.2062,12,21.51
33.1,280.52,259.27,6.1478,9.0983,-1.585,4.511,12,21.25
33.2,281.14,260.18,5.9893,9.5494,-2.3774,-0.24384,12,20.96
33.3,281.74,261.14,5.7516,9.525,0.27432,-3.109,12,20.6
33.4,282.31,262.09,5.779,9.2141,4.3891,-2.987,12,20.22
33.5,282.89,263.01,6.2179,8.9154,3.5662,-1.6459,12,19.88
33.6,283.51,263.9,6.5745,8.7508,4.6634,-0.88392,12,19.61
33.7,284.17,264.78,7.0409,8.6624,2.225,1.0058,12,19.39
33.8,284.87,265.64,7.2634,8.763,2.3165,1.0058,12,19.23
33.9,285.6,266.52,7.495,8.8636,1.3106,-1.0363,12,19.08
34,286.35,267.41,7.6261,8.76,0.33528,-2.5603,12,18.94
34.1,287.11,268.28,7.6596,8.5039,-0.24384,-1.3106,12,18.83
34.2,287.88,269.13,7.6352,8.3729,-0.21336,1.4021,12,18.75
34.3,288.64,269.97,7.6139,8.5131,0.06096,2.7432,12,18.67
34.4,289.4,270.82,7.62,8.7874,0,0.762,12,18.58
34.5,290.16,271.7,7.62,8.8636,0,-2.4689,12,18.46
34.6,290.93,272.59,7.62,8.6167,0,-4.2977,12,18.34
34.7,291.69,273.45,7.62,8.1869,0,-4.0234,12,18.24
34.8,292.45,274.27,7.62,7.7846,0,-1.8593,12,18.18
34.9,293.21,275.05,7.62,7.5987,0,-0.3048,12,18.16
35,293.97,275.81,7.62,7.5682,0,0.36576,12,18.16
35.1,294.74,276.56,7.62,7.6048,0,0.18288,12,18.18
35.2,295.5,277.32,7.62,7.623,0,-0.03048,12,18.18
35.3,296.26,278.09,7.62,7.62,0,0,12,18.17
35.4,297.02,278.85,7.62,7.62,0,0.64008,12,18.17
35.5,297.78,279.61,7.62,7.684,0,-1.2802,12,18.17
35.6,298.55,280.38,7.62,7.556,0,-2.7432,12,18.17
35.7,299.31,281.13,7.62,7.2817,-0.03048,-1.0363,12,18.18
35.8,300.07,281.86,7.617,7.178,0.03048,1.0363,12,18.21
35.9,300.83,282.58,7.62,7.2817,0,2.7432,12,18.25
36,301.59,283.31,7.62,7.556,-0.1524,1.2802,12,18.28
36.1,302.36,284.06,7.6048,7.684,0.21336,-0.6096,12,18.3
36.2,303.12,284.83,7.6261,7.623,0.57912,-0.03048,12,18.29
36.3,303.88,285.59,7.684,7.62,0.73152,0,12,18.29
36.4,304.65,286.36,7.7572,7.62,1.4935,0,12,18.29
36.5,305.42,287.12,7.9065,7.62,2.5298,0,12,18.3
36.6,306.21,287.88,8.1595,7.62,3.1394,0,12,18.33
36.7,307.03,288.64,8.4734,7.62,1.5545,0,12,18.39
36.8,307.88,289.4,8.6289,7.62,-0.64008,0,12,18.48
36.9,308.74,290.17,8.5649,7.62,-1.6154,0,12,18.57
37,309.6,290.93,8.4033,7.62,-1.0668,-0.03048,12,18.67
37.1,310.44,291.69,8.2967,7.617,0.67056,0.03048,12,18.75
37.2,311.27,292.45,8.3637,7.62,1.8898,0,12,18.82
37.3,312.1,293.21,8.5527,7.62,2.2555,0,12,18.89
37.4,312.96,293.98,8.7782,7.62,1.2192,0,12,18.98
37.5,313.84,294.74,8.9002,7.62,-1.3716,0,12,19.1
37.6,314.73,295.5,8.763,7.62,-2.5298,0,12,19.23
37.7,315.6,296.26,8.51,7.62,-1.1582,0,12,19.34
37.8,316.45,297.02,8.3942,7.62,0.85344,0,12,19.43
37.9,317.29,297.79,8.4795,7.62,1.585,0,12,19.5
38,318.14,298.55,8.638,7.62,0.1524,0.06096,12,19.59
38.1,319,299.31,8.6533,7.6261,-1.1582,-0.18288,12,19.69
38.2,319.87,300.07,8.5374,7.6078,-1.0058,-0.39624,12,19.8
38.3,320.72,300.83,8.4369,7.5682,-1.2192,0.33528,12,19.89
38.4,321.57,301.59,8.3149,7.6017,-1.3106,1.7983,12,19.98
38.5,322.4,302.35,8.1839,7.7815,-0.54864,4.9682,12,20.05
38.6,323.22,303.13,8.129,8.2784,1.3411,3.3833,12,20.09
38.7,324.03,303.96,8.2631,8.6167,4.3282,4.9378,12,20.07
38.8,324.86,304.82,8.6959,9.1105,3.7186,1.6764,12,20.04
38.9,325.73,305.73,9.0678,9.2781,3.7186,-0.64008,12,20
39,326.63,306.66,9.4397,9.2141,1.6764,-0.79248,12,19.97
39.1,327.58,307.58,9.6073,9.1349,0.12192,0.09144,12,20
39.2,328.54,308.49,9.6195,9.144,-0.1524,-0.12192,12,20.05
39.3,329.5,309.41,9.6042,9.1318,0.12192,-0.27432,12,20.09
39.4,330.46,310.32,9.6164,9.1044,-0.79248,0.3048,12,20.14
39.5,331.42,311.23,9.5372,9.1349,-2.1031,1.3411,12,20.19
39.6,332.38,312.14,9.3269,9.269,-2.7737,2.6822,12,20.24
39.7,333.31,313.07,9.0495,9.5372,-3.749,2.8042,12,20.24
39.8,334.21,314.02,8.6746,9.8176,-3.6576,1.0363,12,20.19
39.9,335.08,315.01,8.3088,9.9212,-3.9319,-1.0363,12,20.07
40,335.91,316,7.9157,9.8176,-3.109,-2.7737,12,19.91
40.1,336.7,316.98,7.6048,9.5402,-0.57912,-2.7432,12,19.72
40.2,337.46,317.93,7.5468,9.2659,0.51816,-1.3106,12,19.53
40.3,338.22,318.86,7.5987,9.1349,0.24384,-0.3048,12,19.36
40.4,338.98,319.77,7.623,9.1044,-0.06096,0.3048,12,19.21
40.5,339.74,320.68,7.617,9.1349,-0.03048,0.12192,12,19.06
40.6,340.5,321.6,7.6139,9.147,0.03048,-0.39624,12,18.9
40.7,341.26,322.51,7.617,9.1074,-5.68E-12,-0.03048,12,18.75
40.8,342.03,323.42,7.617,9.1044,-0.03048,1.0363,12,18.61
40.9,342.79,324.33,7.6139,9.208,0.03048,2.4689,12,18.46
41,343.55,325.25,7.617,9.4549,0,3.2614,12,18.3
41.1,344.31,326.2,7.617,9.781,0,2.4689,12,18.11
41.2,345.07,327.18,7.617,10.028,-5.68E-12,1.0363,12,17.89
41.3,345.83,328.18,7.617,10.132,5.68E-12,-0.06096,12,17.65
41.4,346.6,329.19,7.617,10.125,0,0.18288,12,17.41
41.5,347.36,330.21,7.617,10.144,-0.03048,-0.67056,12,17.15
41.6,348.12,331.22,7.6139,10.077,1.14E-11,-1.7983,12,16.9
41.7,348.88,332.23,7.6139,9.8969,0.12192,-1.6764,12,16.65
41.8,349.64,333.22,7.6261,9.7292,0.33528,-1.4935,12,16.42
41.9,350.4,334.19,7.6596,9.5799,-0.70104,-1.6154,12,16.21
0.1,19.497,0,12.277,12.951,-3.749,0.24384,13,19.497
0.2,20.725,1.2951,11.902,12.975,-4.2367,-1.2497,13,19.4299
0.3,21.915,2.5926,11.479,12.85,-0.73152,-1.9812,13,19.3224
0.4,23.063,3.8777,11.406,12.652,2.225,0.36576,13,19.1853
0.5,24.203,5.1429,11.628,12.689,4.4196,1.7069,13,19.0601
0.6,25.366,6.4118,12.07,12.86,2.0117,0.64008,13,18.9542
0.7,26.573,7.6977,12.271,12.924,-1.0363,-0.97536,13,18.8753
0.8,27.8,8.9901,12.168,12.826,0.03048,-2.5908,13,18.8099
0.9,29.017,10.273,12.171,12.567,-0.21336,-1.0668,13,18.744
1,30.234,11.529,12.149,12.46,-0.27432,1.0668,13,18.705
1.1,31.449,12.775,12.122,12.567,0.48768,1.0973,13,18.674
1.2,32.661,14.032,12.171,12.677,2.1336,-0.9144,13,18.629
1.3,33.878,15.3,12.384,12.585,3.81,-2.3774,13,18.578
1.4,35.117,16.558,12.765,12.347,3.81,-1.6459,13,18.559
1.5,36.393,17.793,13.146,12.183,1.9202,0.70104,13,18.6
1.6,37.708,19.011,13.338,12.253,-0.27432,-2.2555,13,18.697
1.7,39.042,20.237,13.311,12.027,-0.42672,-4.4501,13,18.805
1.8,40.373,21.439,13.268,11.582,1.3106,-0.27432,13,18.934
1.9,41.699,22.598,13.399,11.555,1.7678,6.3398,13,19.101
2,43.039,23.753,13.576,12.189,-0.51816,3.5052,13,19.286
2.1,44.397,24.972,13.524,12.539,-3.3223,6.157,13,19.425
2.2,45.749,26.226,13.192,13.155,-3.1394,1.3411,13,19.523
2.3,47.068,27.541,12.878,13.289,-0.18288,0.57912,13,19.527
2.4,48.356,28.87,12.86,13.347,1.585,-0.18288,13,19.486
2.5,49.642,30.205,13.018,13.329,0.24384,-0.21336,13,19.437
2.6,50.944,31.538,13.042,13.308,-1.8593,0.12192,13,19.406
2.7,52.248,32.869,12.856,13.32,-1.585,0.36576,13,19.379
2.8,53.534,34.201,12.698,13.356,1.524,-0.27432,13,19.333
2.9,54.804,35.536,12.85,13.329,1.1278,-1.4326,13,19.268
3,56.089,36.869,12.963,13.186,0.12192,-2.1641,13,19.22
3.1,57.385,38.188,12.975,12.969,1.463,-1.0973,13,19.197
3.2,58.683,39.485,13.122,12.86,2.1031,1.0973,13,19.198
3.3,59.995,40.771,13.332,12.969,1.8898,2.1641,13,19.224
3.4,61.328,42.068,13.521,13.186,-1.1582,1.4021,13,19.26
3.5,62.68,43.386,13.405,13.326,-1.9812,0.36576,13,19.294
3.6,64.02,44.719,13.207,13.362,1.1582,-0.03048,13,19.301
3.7,65.341,46.055,13.323,13.359,1.4021,-0.18288,13,19.286
3.8,66.673,47.391,13.463,13.341,-0.21336,-1.2192,13,19.282
3.9,68.02,48.725,13.442,13.219,-1.9507,-2.8346,13,19.295
4,69.364,50.047,13.247,12.936,-1.9202,-3.6576,13,19.317
4.1,70.689,51.341,13.055,12.57,-0.57912,-2.8346,13,19.348
4.2,71.994,52.598,12.997,12.286,0.1524,-1.2497,13,19.396
4.3,73.294,53.826,13.012,12.162,0.18288,0.64008,13,19.468
4.4,74.595,55.042,13.03,12.226,0.03048,-1.0973,13,19.553
4.5,75.898,56.265,13.033,12.116,-0.03048,-2.8651,13,19.633
4.6,77.201,57.476,13.03,11.829,4.26E-12,-1.2497,13,19.725
4.7,78.504,58.659,13.03,11.704,-4.26E-12,1.0973,13,19.845
4.8,79.807,59.83,13.03,11.814,0,3.1699,13,19.977
4.9,81.11,61.011,13.03,12.131,0,1.7678,13,20.099
5,82.413,62.224,13.03,12.308,1.42E-12,-0.1524,13,20.189
5.1,83.716,63.455,13.03,12.293,1.42E-12,0.42672,13,20.261
5.2,85.019,64.684,13.03,12.335,-1.42E-12,0.1524,13,20.335
5.3,86.322,65.918,13.03,12.35,-1.42E-12,-2.84E-12,13,20.404
5.4,87.625,67.153,13.03,12.35,0,-0.09144,13,20.472
5.5,88.928,68.388,13.03,12.341,-0.09144,0.03048,13,20.54
5.6,90.231,69.622,13.021,12.344,-0.03048,-2.84E-12,13,20.609
5.7,91.534,70.857,13.018,12.344,0.27432,2.84E-12,13,20.677
5.8,92.835,72.091,13.045,12.344,0.73152,-0.03048,13,20.744
5.9,94.14,73.325,13.119,12.341,1.0058,-1.42E-12,13,20.815
6,95.452,74.56,13.219,12.341,0.70104,0.03048,13,20.892
6.1,96.774,75.794,13.289,12.344,0.82296,0,13,20.98
6.2,98.103,77.028,13.372,12.344,-1.0668,-0.03048,13,21.075
6.3,99.44,78.263,13.265,12.341,-2.2555,0.03048,13,21.177
6.4,100.77,79.497,13.039,12.344,-0.9144,4.26E-12,13,21.273
6.5,102.07,80.731,12.948,12.344,1.1278,-0.09144,13,21.339
6.6,103.36,81.966,13.061,12.335,2.5908,-0.3048,13,21.394
6.7,104.67,83.199,13.32,12.305,0.24384,0.3048,13,21.471
6.8,106,84.43,13.344,12.335,-3.5052,1.3716,13,21.57
6.9,107.34,85.663,12.994,12.472,-3.871,2.5298,13,21.677
7,108.64,86.91,12.607,12.725,-4.5415,3.109,13,21.73
7.1,109.9,88.183,12.152,13.036,-1.6764,2.5298,13,21.717
7.2,111.11,89.487,11.985,13.289,0.4572,1.3716,13,21.623
7.3,112.31,90.815,12.03,13.426,1.2192,0.27432,13,21.495
7.4,113.51,92.158,12.152,13.454,0.70104,-0.33528,13,21.352
7.5,114.73,93.503,12.222,13.42,-0.3048,0.18288,13,21.227
7.6,115.95,94.846,12.192,13.439,-0.39624,0.4572,13,21.104
7.7,117.17,96.189,12.152,13.484,0.09144,-0.36576,13,20.981
7.8,118.39,97.538,12.162,13.448,1.0363,-5.8217,13,20.852
7.9,119.6,98.883,12.265,12.866,2.1641,-3.5662,13,20.717
8,120.83,100.17,12.482,12.509,2.1336,-5.3035,13,20.66
8.1,122.08,101.42,12.695,11.979,0.70104,-2.225,13,20.66
8.2,123.35,102.62,12.765,11.756,-0.6096,2.3165,13,20.73
8.3,124.62,103.79,12.704,11.988,-0.762,2.1031,13,20.83
8.4,125.89,104.99,12.628,12.198,-0.03048,0.18288,13,20.9
8.5,127.16,106.21,12.625,12.216,-0.39624,-0.18288,13,20.95
8.6,128.42,107.43,12.585,12.198,-1.2497,-0.18288,13,20.99
8.7,129.68,108.65,12.46,12.18,-1.4021,0.03048,13,21.03
8.8,130.92,109.87,12.32,12.183,-1.3716,0.03048,13,21.05
8.9,132.16,111.09,12.183,12.186,-1.8898,-0.03048,13,21.07
9,133.37,112.31,11.994,12.183,-3.871,0.03048,13,21.06
9.1,134.57,113.53,11.607,12.186,-3.5966,-0.03048,13,21.04
9.2,135.73,114.75,11.247,12.183,-4.1453,-0.09144,13,20.98
9.3,136.86,115.96,10.833,12.174,-1.9202,-0.03048,13,20.9
9.4,137.94,117.18,10.641,12.171,-0.12192,0.3048,13,20.76
9.5,139.01,118.4,10.628,12.201,0.762,0.82296,13,20.61
9.6,140.07,119.62,10.705,12.283,0.24384,0.4572,13,20.45
9.7,141.14,120.85,10.729,12.329,-3.5357,-0.762,13,20.29
9.8,142.21,122.08,10.375,12.253,-4.3282,-1.3716,13,20.13
9.9,143.25,123.3,9.9426,12.116,-3.8405,-0.48768,13,19.95
10,144.24,124.52,9.5585,12.067,-4.2367,0.57912,13,19.72
10.1,145.2,125.72,9.1349,12.125,-1.0363,-0.39624,13,19.48
10.2,146.11,126.94,9.0312,12.085,-0.762,-2.6518,13,19.17
10.3,147.02,128.14,8.955,11.82,-1.3106,-3.6881,13,18.88
10.4,147.91,129.33,8.824,11.451,-0.57912,-2.4079,13,18.58
10.5,148.79,130.47,8.766,11.211,-0.21336,-0.94488,13,18.32
10.6,149.67,131.59,8.7447,11.116,0.12192,-1.1278,13,18.08
10.7,150.54,132.7,8.7569,11.003,0.06096,-1.8288,13,17.84
10.8,151.42,133.8,8.763,10.82,-2.84E-12,-1.524,13,17.62
10.9,152.3,134.89,8.763,10.668,2.84E-12,-0.4572,13,17.41
11,153.17,135.95,8.763,10.622,-2.84E-12,0.33528,13,17.22
11.1,154.05,137.02,8.763,10.656,2.84E-12,0.1524,13,17.03
11.2,154.93,138.08,8.763,10.671,-2.84E-12,-0.09144,13,16.85
11.3,155.8,139.15,8.763,10.662,2.84E-12,0.18288,13,16.65
11.4,156.68,140.21,8.763,10.68,-2.84E-12,0.70104,13,16.47
11.5,157.55,141.28,8.763,10.75,2.84E-12,-0.94488,13,16.27
11.6,158.43,142.36,8.763,10.656,-2.84E-12,-3.5052,13,16.07
11.7,159.31,143.42,8.763,10.305,-0.03048,-3.5662,13,15.89
11.8,160.18,144.45,8.76,9.9487,0.03048,-4.2977,13,15.73
11.9,161.06,145.45,8.763,9.5189,0.09144,-2.4079,13,15.61
12,161.94,146.4,8.7721,9.2781,0.03048,-1.2192,13,15.54
12.1,162.81,147.33,8.7752,9.1562,-0.24384,-0.64008,13,15.48
12.2,163.69,148.24,8.7508,9.0922,-0.64008,0.36576,13,15.45
12.3,164.57,149.15,8.6868,9.1288,-0.762,0.21336,13,15.42
12.4,165.43,150.07,8.6106,9.1501,-0.64008,-0.06096,13,15.36
12.5,166.3,150.98,8.5466,9.144,-0.21336,0,13,15.32
12.6,167.15,151.89,8.5253,9.144,0,0,13,15.26
12.7,168,152.81,8.5253,9.144,0.06096,0,13,15.19
12.8,168.86,153.72,8.5314,9.144,0.03048,0,13,15.14
12.9,169.71,154.64,8.5344,9.144,5.68E-12,-0.06096,13,15.07
13,170.56,155.55,8.5344,9.1379,-5.68E-12,0.21336,13,15.01
13.1,171.42,156.47,8.5344,9.1592,0,0.24384,13,14.95
13.2,172.27,157.38,8.5344,9.1836,5.68E-12,-0.33528,13,14.89
13.3,173.12,158.3,8.5344,9.1501,-5.68E-12,-1.3106,13,14.82
13.4,173.98,159.22,8.5344,9.019,2.84E-12,-2.286,13,14.76
13.5,174.83,160.12,8.5344,8.7904,0,-2.7737,13,14.71
13.6,175.68,161,8.5344,8.5131,-2.84E-12,-2.6213,13,14.68
13.7,176.54,161.85,8.5344,8.2509,-0.03048,-2.7737,13,14.69
13.8,177.39,162.67,8.5314,7.9736,0.06096,-2.286,13,14.72
13.9,178.24,163.47,8.5374,7.745,0.24384,-1.3106,13,14.77
14,179.1,164.24,8.5618,7.6139,-0.09144,-0.36576,13,14.86
14.1,179.95,165.01,8.5527,7.5773,-0.85344,0.3048,13,14.94
14.2,180.81,165.76,8.4673,7.6078,-1.9507,0.1524,13,15.05
14.3,181.65,166.52,8.2723,7.623,-2.3774,-0.03048,13,15.13
14.4,182.48,167.29,8.0345,7.62,-1.9202,0,13,15.19
14.5,183.29,168.05,7.8425,7.62,-0.88392,0,13,15.24
14.6,184.07,168.81,7.7541,7.62,-0.09144,0,13,15.26
14.7,184.84,169.57,7.745,7.62,0.24384,0,13,15.27
14.8,185.62,170.34,7.7694,7.62,0.09144,0,13,15.28
14.9,186.4,171.1,7.7785,7.62,-0.21336,0,13,15.3
15,187.17,171.86,7.7572,7.62,-0.18288,-0.03048,13,15.31
15.1,187.95,172.62,7.7389,7.617,0.51816,0.06096,13,15.33
15.2,188.72,173.38,7.7907,7.623,1.585,-0.03048,13,15.34
15.3,189.5,174.15,7.9492,7.62,3.2309,0,13,15.35
15.4,190.3,174.91,8.2723,7.62,3.7795,0,13,15.39
15.5,191.12,175.67,8.6502,7.62,3.749,0,13,15.45
15.6,191.99,176.43,9.0251,7.62,3.1394,0,13,15.56
15.7,192.89,177.19,9.3391,7.62,2.1336,0.03048,13,15.7
15.8,193.83,177.96,9.5524,7.623,1.0973,-0.1524,13,15.87
15.9,194.78,178.72,9.6622,7.6078,0.1524,-0.39624,13,16.06
16,195.75,179.48,9.6774,7.5682,-0.51816,0.3048,13,16.27
16.1,196.72,180.23,9.6256,7.5987,-0.42672,1.8898,13,16.49
16.2,197.68,180.99,9.5829,7.7876,0.39624,4.1453,13,16.69
16.3,198.64,181.77,9.6225,8.2022,0.6096,3.5966,13,16.87
16.4,199.6,182.59,9.6835,8.5618,-0.1524,4.1453,13,17.01
16.5,200.57,183.45,9.6683,8.9764,-1.5545,1.8898,13,17.12
16.6,201.53,184.35,9.5128,9.1653,-2.2555,0.27432,13,17.18
16.7,202.49,185.26,9.2873,9.1928,-1.2497,-0.36576,13,17.23
16.8,203.41,186.18,9.1623,9.1562,0.57912,-0.18288,13,17.23
16.9,204.33,187.1,9.2202,9.1379,1.7374,0.06096,13,17.23
17,205.25,188.01,9.3939,9.144,0.94488,-0.06096,13,17.24
17.1,206.19,188.93,9.4884,9.1379,-1.4935,0.03048,13,17.26
17.2,207.14,189.84,9.3391,9.141,-3.5966,0.67056,13,17.3
17.3,208.07,190.76,8.9794,9.208,-4.0234,1.4935,13,17.31
17.4,208.97,191.68,8.5771,9.3574,-3.6881,2.1946,13,17.29
17.5,209.83,192.61,8.2083,9.5768,-4.4806,1.585,13,17.22
17.6,210.65,193.57,7.7602,9.7353,-1.6459,0.36576,13,17.08
17.7,211.43,194.54,7.5956,9.7719,0.94488,-0.48768,13,16.89
17.8,212.19,195.52,7.6901,9.7231,3.109,-0.51816,13,16.67
17.9,212.96,196.49,8.001,9.6713,2.987,0.3048,13,16.47
18,213.76,197.46,8.2997,9.7018,1.0058,0.6096,13,16.3
18.1,214.59,198.43,8.4003,9.7627,-1.0668,0.1524,13,16.16
18.2,215.43,199.41,8.2936,9.778,-2.8042,-0.3048,13,16.02
18.3,216.25,200.38,8.0132,9.7475,-2.6822,-0.51816,13,15.87
18.4,217.06,201.36,7.745,9.6957,-1.3716,-0.57912,13,15.7
18.5,217.83,202.33,7.6078,9.6378,-0.27432,-1.0363,13,15.5
18.6,218.59,203.29,7.5804,9.5341,0.24384,-2.225,13,15.3
18.7,219.35,204.25,7.6048,9.3116,0.21336,-3.1699,13,15.1
18.8,220.11,205.18,7.6261,8.9946,-0.06096,-3.5662,13,14.93
18.9,220.87,206.08,7.62,8.638,0,-2.987,13,14.79
19,221.63,206.94,7.62,8.3393,0.03048,-1.6764,13,14.69
19.1,222.4,207.77,7.623,8.1717,-0.03048,-0.85344,13,14.63
19.2,223.16,208.59,7.62,8.0863,-0.03048,-1.2802,13,14.57
19.3,223.92,209.4,7.617,7.9583,0.03048,-1.8288,13,14.52
19.4,224.68,210.2,7.62,7.7754,0,-1.5545,13,14.48
19.5,225.44,210.97,7.62,7.62,0.21336,-0.42672,13,14.47
19.6,226.21,211.73,7.6413,7.5773,-0.39624,0.3048,13,14.48
19.7,226.97,212.49,7.6017,7.6078,-0.88392,0.1524,13,14.48
19.8,227.73,213.25,7.5133,7.623,-0.27432,-0.03048,13,14.48
19.9,228.48,214.02,7.4859,7.62,0.3048,0,13,14.46
20,229.23,214.78,7.5164,7.62,0.82296,0,13,14.45
20.1,229.98,215.54,7.5987,7.62,0.42672,0,13,14.44
20.2,230.74,216.3,7.6413,7.62,-0.21336,0,13,14.44
20.3,231.51,217.06,7.62,7.62,0,0,13,14.45
20.4,232.27,217.83,7.62,7.62,0,0,13,14.44
20.5,233.03,218.59,7.62,7.62,0,0,13,14.44
20.6,233.79,219.35,7.62,7.62,0,0,13,14.44
20.7,234.55,220.11,7.62,7.62,0,0,13,14.44
20.8,235.32,220.87,7.62,7.62,-0.03048,0,13,14.45
20.9,236.08,221.64,7.617,7.62,0.03048,0,13,14.44
21,236.84,222.4,7.62,7.62,0.03048,-2.84E-12,13,14.44
21.1,237.6,223.16,7.623,7.62,-5.68E-12,2.84E-12,13,14.44
21.2,238.36,223.92,7.623,7.62,-0.1524,0,13,14.44
21.3,239.13,224.68,7.6078,7.62,-0.33528,0,13,14.45
21.4,239.89,225.45,7.5743,7.62,0.4572,0.18288,13,14.44
21.5,240.64,226.21,7.62,7.6383,1.4935,-0.36576,13,14.43
21.6,241.41,226.97,7.7694,7.6017,2.1031,-0.762,13,14.44
21.7,242.18,227.73,7.9797,7.5255,1.4021,-0.3048,13,14.45
21.8,242.98,228.48,8.1199,7.495,0.09144,0.3048,13,14.5
21.9,243.79,229.23,8.129,7.5255,0.27432,0.762,13,14.56
22,244.61,229.99,8.1564,7.6017,1.1887,0.36576,13,14.62
22.1,245.42,230.75,8.2753,7.6383,1.4935,-0.21336,13,14.67
22.2,246.25,231.51,8.4247,7.617,0.27432,0.03048,13,14.74
22.3,247.09,232.27,8.4521,7.62,-2.4079,0,13,14.82
22.4,247.94,233.03,8.2113,7.62,-3.048,0,13,14.91
22.5,248.76,233.8,7.9065,7.62,-0.48768,0,13,14.96
22.6,249.55,234.56,7.8577,7.62,4.0538,0,13,14.99
22.7,250.33,235.32,8.2631,7.62,4.4806,-2.84E-12,13,15.01
22.8,251.16,236.08,8.7112,7.62,4.1148,2.84E-12,13,15.08
22.9,252.03,236.84,9.1227,7.62,4.4196,0,13,15.19
23,252.94,237.61,9.5646,7.62,1.1278,0,13,15.33
23.1,253.9,238.37,9.6774,7.62,-0.3048,0,13,15.53
23.2,254.87,239.13,9.6469,7.62,-0.36576,0.03048,13,15.74
23.3,255.83,239.89,9.6103,7.623,0.03048,-0.1524,13,15.94
23.4,256.79,240.65,9.6134,7.6078,-0.12192,-0.3048,13,16.14
23.5,257.76,241.42,9.6012,7.5773,-0.12192,0.33528,13,16.34
23.6,258.72,242.17,9.589,7.6109,0.06096,1.3716,13,16.55
23.7,259.67,242.93,9.5951,7.748,5.68E-12,2.5603,13,16.74
23.8,260.63,243.71,9.5951,8.004,5.68E-12,2.5298,13,16.92
23.9,261.59,244.51,9.5951,8.257,-1.14E-11,1.2802,13,17.08
24,262.55,245.33,9.5951,8.385,1.14E-11,0.36576,13,17.22
24.1,263.51,246.17,9.5951,8.4216,-0.06096,0.03048,13,17.34
24.2,264.47,247.02,9.589,8.4247,0.18288,0.70104,13,17.45
24.3,265.43,247.86,9.6073,8.4948,0.51816,1.1887,13,17.57
24.4,266.39,248.71,9.6591,8.6136,-0.42672,0.70104,13,17.68
24.5,267.36,249.57,9.6164,8.6838,-2.5298,0.18288,13,17.79
24.6,268.32,250.44,9.3635,8.702,-4.572,-0.1524,13,17.88
24.7,269.26,251.31,8.9063,8.6868,-3.6881,-0.09144,13,17.95
24.8,270.15,252.18,8.5374,8.6777,-4.572,-0.03048,13,17.97
24.9,271,253.04,8.0802,8.6746,-2.5298,0.09144,13,17.96
25,271.81,253.91,7.8273,8.6838,-0.42672,0.12192,13,17.9
25.1,272.59,254.78,7.7846,8.6959,0.48768,0.09144,13,17.81
25.2,273.37,255.65,7.8334,8.7051,0.21336,-0.09144,13,17.72
25.3,274.15,256.52,7.8547,8.6959,-0.06096,-0.1524,13,17.63
25.4,274.94,257.39,7.8486,8.6807,1.14E-11,-0.03048,13,17.55
25.5,275.72,258.26,7.8486,8.6777,-5.68E-12,0.03048,13,17.46
25.6,276.51,259.13,7.8486,8.6807,5.68E-12,-0.03048,13,17.38
25.7,277.29,259.99,7.8486,8.6777,-5.68E-12,0.06096,13,17.3
25.8,278.08,260.86,7.8486,8.6838,0,0.21336,13,17.22
25.9,278.86,261.73,7.8486,8.7051,0,0.03048,13,17.13
26,279.65,262.6,7.8486,8.7081,5.68E-12,-0.70104,13,17.05
26.1,280.43,263.47,7.8486,8.638,0,-1.7983,13,16.96
26.2,281.22,264.33,7.8486,8.4582,-5.68E-12,-2.347,13,16.89
26.3,282,265.18,7.8486,8.2235,0.1524,-1.8288,13,16.82
26.4,282.79,266,7.8638,8.0406,-5.68E-12,-0.70104,13,16.79
26.5,283.57,266.81,7.8638,7.9705,-0.48768,0.06096,13,16.76
26.6,284.36,267.6,7.8151,7.9766,-0.9144,0.21336,13,16.76
26.7,285.14,268.4,7.7236,7.998,-0.97536,0.06096,13,16.74
26.8,285.91,269.2,7.6261,8.004,-0.48768,-0.03048,13,16.71
26.9,286.68,270,7.5773,8.001,0.12192,0,13,16.68
27,287.43,270.8,7.5895,8.001,0.24384,0,13,16.63
27.1,288.19,271.6,7.6139,8.001,0.12192,5.68E-12,13,16.59
27.2,288.95,272.4,7.6261,8.001,-0.03048,-5.68E-12,13,16.55
27.3,289.72,273.2,7.623,8.001,-0.06096,0,13,16.52
27.4,290.48,274,7.617,8.001,0.06096,0,13,16.48
27.5,291.24,274.8,7.623,8.001,-0.06096,5.68E-12,13,16.44
27.6,292,275.6,7.617,8.001,0,-0.03048,13,16.4
27.7,292.76,276.4,7.617,7.998,0.1524,0.06096,13,16.36
27.8,293.53,277.2,7.6322,8.004,0.33528,0.18288,13,16.33
27.9,294.29,278,7.6657,8.0223,-0.42672,-0.03048,13,16.29
28,295.06,278.8,7.623,8.0193,-1.6459,-0.6096,13,16.26
28.1,295.82,279.61,7.4585,7.9583,-2.3774,-1.3106,13,16.21
28.2,296.56,280.4,7.2207,7.8273,-1.1278,-1.4935,13,16.16
28.3,297.29,281.19,7.1079,7.6779,1.1278,-0.9144,13,16.1
28.4,298,281.95,7.2207,7.5865,2.3774,-0.03048,13,16.05
28.5,298.72,282.71,7.4585,7.5834,1.6459,0.24384,13,16.01
28.6,299.47,283.47,7.623,7.6078,0.39624,0.18288,13,16
28.7,300.23,284.23,7.6627,7.6261,-0.27432,-0.03048,13,16
28.8,300.99,284.99,7.6352,7.623,-0.21336,-0.03048,13,16
28.9,301.76,285.76,7.6139,7.62,0.06096,0,13,16
29,302.52,286.52,7.62,7.62,0,0,13,16
29.1,303.28,287.28,7.62,7.62,-0.12192,0,13,16
29.2,304.04,288.04,7.6078,7.62,0.24384,0,13,16
29.3,304.8,288.8,7.6322,7.62,0.42672,0,13,16
29.4,305.57,289.57,7.6749,7.62,0.18288,-0.03048,13,16
29.5,306.33,290.33,7.6932,7.617,-0.24384,0.03048,13,16
29.6,307.1,291.09,7.6688,7.62,-0.21336,0,13,16.01
29.7,307.87,291.85,7.6474,7.62,0.03048,0.03048,13,16.02
29.8,308.64,292.61,7.6505,7.623,-0.24384,-0.03048,13,16.03
29.9,309.4,293.38,7.6261,7.62,-1.6764,0,13,16.02
30,310.16,294.14,7.4585,7.62,-2.3774,0,13,16.02
30.1,310.91,294.9,7.2207,7.62,-1.2192,0,13,16.01
30.2,311.63,295.66,7.0988,7.62,1.3716,0,13,15.97
30.3,312.34,296.42,7.236,7.62,2.6213,0,13,15.92
30.4,313.06,297.19,7.4981,7.62,1.3716,0,13,15.87
30.5,313.81,297.95,7.6352,7.62,-1.0363,0,13,15.86
30.6,314.58,298.71,7.5316,7.62,-2.8042,0,13,15.87
30.7,315.33,299.47,7.2512,7.62,-2.6213,0,13,15.86
30.8,316.06,300.23,6.9891,7.62,-1.5545,0,13,15.83
30.9,316.75,301,6.8336,7.62,-0.51816,0,13,15.75
31,317.44,301.76,6.7818,7.62,0.79248,0,13,15.68
31.1,318.12,302.52,6.861,7.62,1.4021,0,13,15.6
31.2,318.8,303.28,7.0013,7.62,1.2802,-0.1524,13,15.52
31.3,319.5,304.04,7.1293,7.6048,-1.14E-11,0.39624,13,15.46
31.4,320.22,304.8,7.1293,7.6444,-1.3411,0.67056,13,15.42
31.5,320.93,305.57,6.9952,7.7114,-1.2192,-0.24384,13,15.36
31.6,321.63,306.34,6.8732,7.6871,-0.48768,-1.6459,13,15.29
31.7,322.32,307.11,6.8245,7.5225,0.18288,-2.5298,13,15.21
31.8,323,307.86,6.8428,7.2695,0.21336,-1.6154,13,15.14
31.9,323.68,308.59,6.8641,7.1079,-0.03048,-5.68E-12,13,15.09
32,324.37,309.3,6.861,7.1079,-0.03048,-0.33528,13,15.07
32.1,325.05,310.01,6.858,7.0744,-0.09144,-0.73152,13,15.04
32.2,325.74,310.72,6.8489,7.0013,-0.09144,-0.82296,13,15.02
32.3,326.43,311.42,6.8397,6.919,0.24384,-0.85344,13,15.01
32.4,327.11,312.11,6.8641,6.8336,0.67056,-1.2192,13,15
32.5,327.8,312.79,6.9312,6.7117,0.79248,-2.286,13,15.01
32.6,328.49,313.46,7.0104,6.4831,0.21336,-2.5908,13,15.03
32.7,329.19,314.11,7.0317,6.224,-0.48768,-1.3716,13,15.08
32.8,329.89,314.73,6.983,6.0869,-0.54864,-0.3048,13,15.16
32.9,330.59,315.34,6.9281,6.0564,-0.27432,0.24384,13,15.25
33,331.28,315.95,6.9007,6.0808,0.03048,0.21336,13,15.33
33.1,331.97,316.56,6.9037,6.1021,0.18288,-0.06096,13,15.41
33.2,332.66,317.17,6.922,6.096,0.27432,0,13,15.49
33.3,333.36,317.78,6.9494,6.096,-0.12192,0,13,15.58
33.4,334.05,318.39,6.9372,6.096,-1.1887,0,13,15.66
33.5,334.75,319,6.8184,6.096,-1.8288,0,13,15.75
33.6,335.43,319.61,6.6355,6.096,-1.0973,0,13,15.82
33.7,336.09,320.21,6.5258,6.096,0.27432,0,13,15.88
33.8,336.74,320.82,6.5532,6.096,0.1524,0,13,15.92
33.9,337.4,321.43,6.5684,6.096,-1.3716,0,13,15.97
34,338.06,322.04,6.4313,6.096,-1.8593,0,13,16.02
34.1,338.7,322.65,6.2454,6.096,-0.3048,0,13,16.05
34.2,339.32,323.26,6.2149,6.096,2.3165,0,13,16.06
34.3,339.94,323.87,6.4465,6.096,3.109,0,13,16.07
34.4,340.59,324.48,6.7574,6.096,1.2192,0,13,16.11
34.5,341.27,325.09,6.8793,6.096,-1.0973,0.03048,13,16.18
34.6,341.95,325.7,6.7696,6.099,-2.7737,-0.03048,13,16.25
34.7,342.63,326.31,6.4922,6.096,-2.7127,-0.12192,13,16.32
34.8,343.28,326.92,6.221,6.0838,-1.3411,-5.68E-12,13,16.36
34.9,343.9,327.53,6.0869,6.0838,-0.3048,0.3048,13,16.37
35,344.51,328.14,6.0564,6.1143,0.24384,0.762,13,16.37
35.1,345.12,328.75,6.0808,6.1905,0.21336,1.0973,13,16.37
35.2,345.72,329.37,6.1021,6.3002,-0.06096,0.82296,13,16.35
35.3,346.33,330,6.096,6.3825,0,0.3048,13,16.33
35.4,346.94,330.64,6.096,6.413,0,-0.03048,13,16.3
35.5,347.55,331.28,6.096,6.4099,0,-0.09144,13,16.27
35.6,348.16,331.92,6.096,6.4008,0.12192,-0.03048,13,16.24
35.7,348.77,332.56,6.1082,6.3978,-0.24384,1.14E-11,13,16.21
35.8,349.38,333.2,6.0838,6.3978,-0.54864,-1.14E-11,13,16.18
35.9,349.99,333.84,6.0289,6.3978,-0.21336,0.12192,13,16.15
36,350.59,334.48,6.0076,6.4099,0.21336,0.03048,13,16.11
36.1,351.2,335.12,6.0289,6.413,0.54864,-0.33528,13,16.08
36.2,351.8,335.76,6.0838,6.3795,0.27432,-0.79248,13,16.04
36.3,352.41,336.4,6.1112,6.3002,-0.1524,-1.0668,13,16.01
36.4,353.02,337.03,6.096,6.1935,-0.06096,-0.79248,13,15.99
36.5,353.63,337.65,6.0899,6.1143,0.18288,-0.3048,13,15.98
36.6,354.24,338.26,6.1082,6.0838,0.39624,-5.68E-12,13,15.98
36.7,354.85,338.87,6.1478,6.0838,-0.33528,0.12192,13,15.98
36.8,355.46,339.48,6.1143,6.096,-1.8288,0,13,15.98
36.9,356.07,340.09,5.9314,6.096,-4.1758,0,13,15.98
37,356.67,340.69,5.5138,6.096,-3.5662,0,13,15.98
37.1,357.22,341.3,5.1572,6.096,-4.2062,0,13,15.92
37.2,357.73,341.91,4.7366,6.096,-1.8593,0,13,15.82
37.3,358.21,342.52,4.5507,6.096,-0.33528,0,13,15.69
37.4,358.66,343.13,4.5171,6.096,0.48768,0.03048,13,15.53
37.5,359.11,343.74,4.5659,6.099,0.57912,-0.06096,13,15.37
37.6,359.57,344.35,4.6238,6.093,-0.21336,0.03048,13,15.22
37.7,360.03,344.96,4.6025,6.096,-1.4935,0,13,15.07
37.8,360.49,345.57,4.4531,6.096,-3.0175,-0.06096,13,14.92
37.9,360.94,346.18,4.1514,6.0899,-3.5966,0.21336,13,14.76
38,361.35,346.79,3.7917,6.1112,-2.347,0.36576,13,14.56
38.1,361.73,347.4,3.557,6.1478,-0.67056,-0.3048,13,14.33
38.2,362.09,348.02,3.49,6.1173,0.3048,-1.8898,13,14.07
38.3,362.44,348.63,3.5204,5.9284,0.39624,-4.2367,13,13.81
38.4,362.79,349.22,3.5601,5.5047,0.03048,-3.5662,13,13.57
38.5,363.15,349.77,3.5631,5.1481,-0.06096,-4.511,13,13.38
38.6,363.5,350.29,3.557,4.697,5.68E-12,-2.2555,13,13.21
38.7,363.86,350.76,3.557,4.4714,-0.03048,0.06096,13,13.1
38.8,364.21,351.2,3.554,4.4775,0.03048,1.0973,13,13.01
38.9,364.57,351.65,3.557,4.5872,5.68E-12,0.09144,13,12.92
39,364.92,352.11,3.557,4.5964,-5.68E-12,-1.4935,13,12.81
39.1,365.28,352.57,3.557,4.447,5.68E-12,-2.286,13,12.71
39.2,365.64,353.01,3.557,4.2184,-0.03048,-2.7737,13,12.63
39.3,365.99,353.44,3.554,3.9411,0.03048,-2.6213,13,12.55
39.4,366.35,353.83,3.557,3.6789,5.68E-12,-2.7737,13,12.52
39.5,366.7,354.2,3.557,3.4016,-5.68E-12,-2.286,13,12.5
39.6,367.06,354.54,3.557,3.173,0,-1.3106,13,12.52
39.7,367.41,354.85,3.557,3.0419,-0.03048,-0.36576,13,12.56
39.8,367.77,355.16,3.554,3.0053,0.03048,0.3048,13,12.61
39.9,368.12,355.46,3.557,3.0358,0,0.1524,13,12.66
40,368.48,355.76,3.557,3.051,0.03048,-0.03048,13,12.72
40.1,368.84,356.07,3.5601,3.048,-0.03048,0.03048,13,12.77
40.2,369.19,356.37,3.557,3.051,-0.03048,-0.03048,13,12.82
40.3,369.55,356.68,3.554,3.048,0.03048,0,13,12.87
40.4,369.9,356.98,3.557,3.048,-5.68E-12,-0.03048,13,12.92
40.5,370.26,357.29,3.557,3.045,-0.06096,0.03048,13,12.97
40.6,370.61,357.59,3.5509,3.048,-0.3048,0.03048,13,13.02
40.7,370.97,357.9,3.5204,3.051,0.06096,-0.03048,13,13.07
40.8,371.32,358.2,3.5265,3.048,1.1278,0,13,13.12
40.9,371.67,358.51,3.6393,3.048,2.5603,-0.03048,13,13.16
41,372.04,358.81,3.8953,3.045,3.3833,0.03048,13,13.23
41.1,372.43,359.12,4.2337,3.048,2.5603,0,13,13.31
41.2,372.85,359.42,4.4897,3.048,1.1278,0,13,13.43
41.3,373.3,359.73,4.6025,3.048,0.06096,0,13,13.57
41.4,373.76,360.03,4.6086,3.048,-0.3048,0,13,13.73
41.5,374.22,360.34,4.5781,3.048,-0.09144,0.03048,13,13.88
41.6,374.68,360.64,4.569,3.051,0.03048,-0.03048,13,14.04
41.7,375.14,360.95,4.572,3.048,0,0,13,14.19
41.8,375.59,361.25,4.572,3.048,0,-0.03048,13,14.34
41.9,376.05,361.55,4.572,3.045,0,0.09144,13,14.5
42,376.51,361.86,4.572,3.0541,0,-0.18288,13,14.65
42.1,376.97,362.16,4.572,3.0358,0,-0.27432,13,14.81
42.2,377.42,362.47,4.572,3.0084,0,0.3048,13,14.95
42.3,377.88,362.77,4.572,3.0389,-0.03048,1.3106,13,15.11
42.4,378.34,363.07,4.569,3.1699,0.06096,2.347,13,15.27
42.5,378.79,363.39,4.575,3.4046,-0.06096,2.7737,13,15.4
42.6,379.25,363.73,4.569,3.682,-0.3048,2.5908,13,15.52
42.7,379.71,364.1,4.5385,3.9411,0.06096,2.7432,13,15.61
42.8,380.16,364.49,4.5446,4.2154,1.0973,2.3165,13,15.67
42.9,380.62,364.91,4.6543,4.447,2.2555,1.3106,13,15.71
43,381.08,365.36,4.8798,4.5781,2.987,0.36576,13,15.72
43.1,381.57,365.82,5.1786,4.6147,2.286,-0.3048,13,15.75
43.2,382.09,366.28,5.4072,4.5842,1.0363,-0.1524,13,15.81
43.3,382.63,366.74,5.5108,4.569,0.09144,0,13,15.89
43.4,383.18,367.19,5.5199,4.569,-0.27432,0.03048,13,15.99
43.5,383.73,367.65,5.4925,4.572,-0.27432,0,13,16.08
43.6,384.28,368.11,5.4651,4.572,0.36576,0.06096,13,16.17
43.7,384.83,368.57,5.5016,4.5781,0.79248,-0.21336,13,16.26
43.8,385.38,369.02,5.5809,4.5568,0.33528,-0.24384,13,16.36
43.9,385.94,369.48,5.6144,4.5324,-0.33528,0.33528,13,16.46
44,386.5,369.93,5.5809,4.5659,-0.762,1.2802,13,16.57
44.1,387.05,370.39,5.5047,4.6939,-0.36576,2.347,13,16.66
44.2,387.61,370.86,5.4681,4.9286,0.18288,2.7432,13,16.75
44.3,388.15,371.35,5.4864,5.2029,0,2.6213,13,16.8
44.4,388.7,371.87,5.4864,5.4651,0.03048,2.7432,13,16.83
44.5,389.25,372.42,5.4894,5.7394,-0.03048,2.347,13,16.83
44.6,389.8,372.99,5.4864,5.9741,-0.09144,1.2802,13,16.81
44.7,390.35,373.59,5.4773,6.1021,-0.03048,0.33528,13,16.76
44.8,390.89,374.2,5.4742,6.1356,0.24384,-0.24384,13,16.69
44.9,391.44,374.81,5.4986,6.1112,0.6096,-0.21336,13,16.63
45,391.99,375.42,5.5596,6.0899,0.82296,0.06096,13,16.57
45.1,392.55,376.03,5.6418,6.096,0.6096,0,13,16.52
45.2,393.11,376.64,5.7028,6.096,0.21336,0,13,16.47
45.3,393.68,377.25,5.7241,6.096,1.14E-11,0,13,16.43
45.4,394.25,377.86,5.7241,6.096,-0.09144,0,13,16.39
45.5,394.83,378.47,5.715,6.096,5.68E-12,0,13,16.36
45.6,395.4,379.08,5.715,6.096,0,0,13,16.32
45.7,395.97,379.69,5.715,6.096,0,0,13,16.28
45.8,396.54,380.3,5.715,6.096,-5.68E-12,0,13,16.24
45.9,397.11,380.91,5.715,6.096,5.68E-12,0,13,16.2
46,397.68,381.52,5.715,6.096,0,0,13,16.16
46.1,398.26,382.13,5.715,6.096,0,0,13,16.13
46.2,398.83,382.74,5.715,6.096,-5.68E-12,0,13,16.09
46.3,399.4,383.35,5.715,6.096,5.68E-12,-0.18288,13,16.05
46.4,399.97,383.96,5.715,6.0777,0,0.36576,13,16.01
46.5,400.54,384.57,5.715,6.1143,0,0.70104,13,15.97
46.6,401.11,385.18,5.715,6.1844,-0.06096,0.27432,13,15.93
46.7,401.69,385.8,5.7089,6.2118,-0.09144,-0.27432,13,15.89
46.8,402.26,386.42,5.6998,6.1844,0.1524,-0.70104,13,15.84
46.9,402.83,387.03,5.715,6.1143,0.64008,-0.39624,13,15.8
47,403.4,387.65,5.779,6.0747,1.4021,0.33528,13,15.75
47.1,403.98,388.25,5.9192,6.1082,1.4935,0.3048,13,15.73
47.2,404.57,388.86,6.0686,6.1387,0.3048,-0.36576,13,15.71
47.3,405.17,389.48,6.099,6.1021,-1.524,-1.7069,13,15.69
47.4,405.78,390.09,5.9466,5.9314,-2.3774,-2.347,13,15.69
47.5,406.38,390.68,5.7089,5.6967,-0.9144,-1.1278,13,15.7
47.6,406.95,391.25,5.6175,5.5839,0.94488,1.1582,13,15.7
47.7,407.51,391.81,5.712,5.6998,0.64008,2.3165,13,15.7
47.8,408.08,392.38,5.776,5.9314,-0.6096,1.7069,13,15.7
47.9,408.66,392.97,5.715,6.1021,-0.6096,0.36576,13,15.69
48,409.23,393.58,5.654,6.1387,0.64008,-0.3048,13,15.65
48.1,409.8,394.2,5.718,6.1082,0.57912,-0.21336,13,15.6
48.2,410.37,394.81,5.776,6.0869,-0.70104,0.21336,13,15.56
48.3,410.95,395.42,5.7059,6.1082,-0.73152,0.27432,13,15.53
48.4,411.52,396.03,5.6327,6.1356,1.1278,-0.3048,13,15.49
48.5,412.08,396.64,5.7455,6.1051,1.8288,-1.4021,13,15.44
48.6,412.66,397.25,5.9284,5.9649,0.18288,-2.4689,13,15.41
48.7,413.25,397.85,5.9466,5.718,-1.4935,-2.5603,13,15.4
48.8,413.84,398.42,5.7973,5.462,-1.5545,-1.3716,13,15.42
48.9,414.42,398.97,5.6418,5.3249,-0.97536,-0.3048,13,15.45
49,414.99,399.5,5.5443,5.2944,-1.1582,0.24384,13,15.49
49.1,415.54,400.03,5.4285,5.3188,-1.9812,0.27432,13,15.51
49.2,416.08,400.56,5.2304,5.3462,-1.524,-0.24384,13,15.52
49.3,416.61,401.09,5.078,5.3218,-0.48768,-0.3048,13,15.52
49.4,417.11,401.63,5.0292,5.2913,-0.06096,0.36576,13,15.48
49.5,417.62,402.16,5.0231,5.3279,0.54864,1.3411,13,15.46
49.6,418.12,402.69,5.078,5.462,1.3106,2.5298,13,15.43
49.7,418.63,403.23,5.209,5.715,2.2555,2.5298,13,15.4
49.8,419.15,403.81,5.4346,5.968,2.987,1.3411,13,15.34
49.9,419.69,404.4,5.7333,6.1021,2.4384,0.36576,13,15.29
50,420.27,405.01,5.9771,6.1387,1.2497,-0.3048,13,15.26
50.1,420.86,405.63,6.1021,6.1082,0.36576,-0.18288,13,15.23
50.2,421.47,406.24,6.1387,6.0899,-0.06096,0.06096,13,15.23
50.3,422.09,406.85,6.1326,6.096,-0.67056,0,13,15.24
50.4,422.7,407.46,6.0655,6.096,-0.97536,0,13,15.24
50.5,423.31,408.07,5.968,6.096,-0.3048,0,13,15.24
50.6,423.9,408.68,5.9375,6.096,0.42672,0,13,15.22
50.7,424.5,409.29,5.9802,6.096,0.762,0,13,15.21
50.8,425.1,409.89,6.0564,6.096,-0.3048,0,13,15.21
50.9,425.7,410.5,6.0259,6.096,-1.3411,0,13,15.2
51,426.3,411.11,5.8918,6.096,-0.762,0,13,15.19
51.1,426.89,411.72,5.8156,6.096,-0.33528,0,13,15.17
51.2,427.47,412.33,5.7821,6.096,0.06096,0,13,15.14
51.3,428.05,412.94,5.7882,6.096,0.09144,0,13,15.11
51.4,428.63,413.55,5.7973,6.096,-5.68E-12,0,13,15.08
51.5,429.21,414.16,5.7973,6.096,5.68E-12,0,13,15.05
51.6,429.79,414.77,5.7973,6.096,-0.03048,0,13,15.02
51.7,430.37,415.38,5.7942,6.096,0.09144,0,13,14.99
51.8,430.95,415.99,5.8034,6.096,0.39624,0,13,14.96
51.9,431.53,416.6,5.843,6.096,-0.18288,0,13,14.93
52,432.11,417.21,5.8247,6.096,-1.4021,0,13,14.9
52.1,432.7,417.82,5.6845,6.096,-3.048,0,13,14.88
52.2,433.27,418.43,5.3797,6.096,-3.9014,0,13,14.84
52.3,433.8,419.04,4.9896,6.096,-3.048,-0.03048,13,14.76
52.4,434.3,419.65,4.6848,6.093,-1.463,0.12192,13,14.65
52.5,434.77,420.26,4.5385,6.1051,0.03048,0.42672,13,14.51
52.6,435.22,420.87,4.5415,6.1478,0.73152,-0.1524,13,14.35
52.7,435.68,421.48,4.6147,6.1326,-0.1524,-2.225,13,14.2
52.8,436.14,422.1,4.5994,5.9101,-1.9507,-5.2121,13,14.04
52.9,436.6,422.69,4.4044,5.3889,-4.1758,-3.9624,13,13.91
53,437.04,423.23,3.9868,4.9926,-3.5662,-4.6939,13,13.81
53.1,437.44,423.73,3.6302,4.5232,-4.1453,-3.5357,13,13.71
53.2,437.8,424.18,3.2156,4.1697,-1.8593,-0.06096,13,13.62
53.3,438.12,424.59,3.0297,4.1636,-0.33528,0.57912,13,13.53
53.4,438.43,425.01,2.9962,4.2215,0.36576,-5.68E-12,13,13.42
53.5,438.73,425.43,3.0328,4.2215,0.21336,0.06096,13,13.3
53.6,439.03,425.86,3.0541,4.2276,-0.03048,-0.03048,13,13.17
53.7,439.34,426.28,3.051,4.2245,-0.06096,0,13,13.06
53.8,439.64,426.7,3.045,4.2245,0.06096,0,13,12.94
53.9,439.94,427.12,3.051,4.2245,-0.03048,5.68E-12,13,12.82
54,440.25,427.55,3.048,4.2245,0,0,13,12.7
54.1,440.55,427.97,3.048,4.2245,0,0,13,12.58
54.2,440.86,428.39,3.048,4.2245,-0.03048,-5.68E-12,13,12.47
54.3,441.16,428.81,3.045,4.2245,0.03048,0,13,12.35
54.4,441.47,429.24,3.048,4.2245,0,0,13,12.23
54.5,441.77,429.66,3.048,4.2245,0,5.68E-12,13,12.11
54.6,442.08,430.08,3.048,4.2245,0,0.03048,13,12
54.7,442.38,430.5,3.048,4.2276,0,0,13,11.88
54.8,442.69,430.93,3.048,4.2276,0,-0.06096,13,11.76
54.9,442.99,431.35,3.048,4.2215,0.03048,-0.33528,13,11.64
55,443.3,431.77,3.051,4.188,-0.06096,-0.39624,13,11.53
55.1,443.6,432.19,3.045,4.1483,0.03048,-0.27432,13,11.41
55.2,443.91,432.6,3.048,4.1209,0,-0.09144,13,11.31
55.3,444.21,433.02,3.048,4.1118,0.03048,-5.68E-12,13,11.19
55.4,444.52,433.43,3.051,4.1118,-0.03048,-0.03048,13,11.09
55.5,444.82,433.84,3.048,4.1087,-0.03048,0.12192,13,10.98
55.6,445.13,434.25,3.045,4.1209,0.03048,0.3048,13,10.88
55.7,445.43,434.66,3.048,4.1514,0.03048,-0.03048,13,10.77
55.8,445.74,435.08,3.051,4.1483,-0.03048,-1.2497,13,10.66
55.9,446.04,435.49,3.048,4.0234,-0.03048,-2.6822,13,10.55
56,446.35,435.89,3.045,3.7551,0.03048,-3.4747,13,10.46
56.1,446.65,436.27,3.048,3.4077,0,-2.6822,13,10.38
56.2,446.96,436.61,3.048,3.1394,0,-1.2497,13,10.35
56.3,447.26,436.92,3.048,3.0145,0,-0.03048,13,10.34
56.4,447.56,437.23,3.048,3.0114,0,0.3048,13,10.33
56.5,447.87,437.53,3.048,3.0419,-0.03048,0.12192,13,10.34
56.6,448.17,437.83,3.045,3.0541,0.1524,0,13,10.34
56.7,448.48,438.14,3.0602,3.0541,0.39624,-0.06096,13,10.34
56.8,448.79,438.44,3.0998,3.048,-0.3048,-0.18288,13,10.35
56.9,449.1,438.75,3.0693,3.0297,-1.8898,-0.33528,13,10.35
57,449.4,439.05,2.8804,2.9962,-4.1758,-0.18288,13,10.35
57.1,449.69,439.35,2.4628,2.9779,-3.5357,0.21336,13,10.34
57.2,449.94,439.65,2.1092,2.9992,-4.2062,0.27432,13,10.29
57.3,450.15,439.95,1.6886,3.0267,-1.8593,0.24384,13,10.2
57.4,450.32,440.25,1.5027,3.051,-0.27432,0.03048,13,10.07
57.5,450.47,440.55,1.4752,3.0541,0.36576,-0.06096,13,9.92
57.6,450.61,440.86,1.5118,3.048,0.1524,0,13,9.75
57.7,450.77,441.16,1.527,3.048,-0.03048,0,13,9.61
57.8,450.92,441.47,1.524,3.048,0,-0.06096,13,9.45
57.9,451.07,441.77,1.524,3.0419,0,0.21336,13,9.3
58,451.22,442.08,1.524,3.0632,0,0.24384,13,9.14
58.1,451.37,442.38,1.524,3.0876,0,-0.33528,13,8.99
58.2,451.53,442.69,1.524,3.0541,0,-1.2802,13,8.84
58.3,451.68,443,1.524,2.9261,0,-2.347,13,8.68
58.4,451.83,443.29,1.524,2.6914,0,-2.7432,13,8.54
58.5,451.98,443.56,1.524,2.4171,0,-2.6213,13,8.42
58.6,452.14,443.8,1.524,2.1549,0.03048,-2.7737,13,8.34
58.7,452.29,444.02,1.527,1.8776,-0.06096,-2.286,13,8.27
58.8,452.44,444.21,1.521,1.649,0.03048,-1.3106,13,8.23
58.9,452.59,444.37,1.524,1.5179,0,-0.39624,13,8.22
59,452.75,444.52,1.524,1.4783,0.03048,0.4572,13,8.23
59.1,452.9,444.67,1.527,1.524,-0.03048,0.57912,13,8.23
59.2,453.05,444.82,1.524,1.5819,-0.03048,-0.4572,13,8.23
59.3,453.2,444.98,1.521,1.5362,0.03048,-1.9202,13,8.22
59.4,453.36,445.13,1.524,1.3442,0,-3.2309,13,8.23
59.5,453.51,445.27,1.524,1.0211,0,-3.3833,13,8.24
59.6,453.66,445.37,1.524,0.68275,0,-1.9202,13,8.29
59.7,453.81,445.44,1.524,0.49073,0.03048,-0.27432,13,8.37
59.8,453.97,445.49,1.527,0.4633,-0.09144,0.3048,13,8.48
59.9,454.12,445.53,1.5179,0.49378,0.18288,0.18288,13,8.59
60,454.27,445.58,1.5362,0.51206,0.3048,-0.09144,13,8.69
60.1,454.42,445.63,1.5667,0.50292,-0.36576,-0.42672,13,8.79
60.2,454.58,445.69,1.5301,0.46025,-1.3106,0.48768,13,8.89
60.3,454.73,445.73,1.399,0.50902,-2.3165,1.5545,13,9
60.4,454.87,445.78,1.1674,0.66446,-2.7432,2.0117,13,9.09
60.5,454.99,445.85,0.89306,0.86563,-2.6822,1.3716,13,9.14
60.6,455.08,445.94,0.62484,1.0028,-2.6213,0.1524,13,9.14
60.7,455.14,446.04,0.36271,1.018,-2.1336,0.06096,13,9.1
60.8,455.18,446.14,0.14935,1.0241,-1.2192,1.4021,13,9.04
60.9,455.19,446.24,0.027432,1.1643,-0.27432,2.1031,13,8.95
61,455.2,446.36,0,1.3746,0,1.4935,13,8.84
61.1,455.2,446.49,0,1.524,0,0.42672,13,8.71
61.2,455.2,446.65,0,1.5667,0,-0.36576,13,8.55
61.3,455.2,446.8,0,1.5301,0,0.03048,13,8.4
61.4,455.2,446.96,0,1.5331,0,0.39624,13,8.24
61.5,455.2,447.11,0,1.5728,0,-0.27432,13,8.09
61.6,455.2,447.27,0,1.5453,0,-1.8898,13,7.93
61.7,455.2,447.42,0,1.3564,0,-4.1148,13,7.78
61.8,455.2,447.56,0,0.94488,0,-3.6576,13,7.64
61.9,455.2,447.65,0,0.57912,0,-3.8405,13,7.55
62,455.2,447.71,0,0.19507,0,-1.7983,13,7.49
62.1,455.2,447.73,0,0.01524,0,-0.1524,13,7.47
62.2,455.2,447.73,0,0,0,0,13,7.47
62.3,455.2,447.73,0,0,0,0,13,7.47
62.4,455.2,447.73,0,0,0,0,13,7.47
62.5,455.2,447.73,0,0,0,0,13,7.47
62.6,455.2,447.73,0,0,0,0,13,7.47
62.7,455.2,447.73,0,0,0,0,13,7.47
62.8,455.2,447.73,0,0,0,0,13,7.47
62.9,455.2,447.73,0,0,0,0,13,7.47
63,455.2,447.73,0,0,0,0,13,7.47
63.1,455.2,447.73,0,0,0,0,13,7.47
63.2,455.2,447.73,0,0,0,0,13,7.47
63.3,455.2,447.73,0,0,0,0,13,7.47
63.4,455.2,447.73,0,0,0,0,13,7.47
63.5,455.2,447.73,0,0,0,0,13,7.47
63.6,455.2,447.73,0,0,0,0,13,7.47
63.7,455.2,447.73,0,0,0,0,13,7.47
63.8,455.2,447.73,0,0,0.4572,0,13,7.47
63.9,455.2,447.73,0.04572,0,5.0902,0,13,7.47
64,455.2,447.73,0.55474,0,3.8405,0,13,7.47
64.1,455.26,447.73,0.93878,0,3.9319,0,13,7.53
64.2,455.35,447.73,1.332,0,5.0292,0,13,7.62
64.3,455.48,447.73,1.8349,0,1.2192,0,13,7.75
64.4,455.67,447.73,1.9568,0,-1.7069,0,13,7.94
64.5,455.86,447.73,1.7861,0,-2.3165,0,13,8.13
64.6,456.04,447.73,1.5545,0,0.762,0,13,8.31
64.7,456.2,447.73,1.6307,0,4.7549,0,13,8.47
64.8,456.36,447.73,2.1062,0,3.5662,0,13,8.63
64.9,456.57,447.73,2.4628,0,4.2062,0,13,8.84
65,456.82,447.73,2.8834,0,1.8288,0,13,9.09
65.1,457.1,447.73,3.0663,0,0.33528,0,13,9.37
65.2,457.41,447.73,3.0998,0,-0.36576,0,13,9.68
65.3,457.72,447.73,3.0632,0,-0.21336,0,13,9.99
65.4,458.03,447.73,3.0419,0,0.12192,0,13,10.3
65.5,458.33,447.73,3.0541,0,-0.21336,0,13,10.6
65.6,458.64,447.73,3.0328,0,-0.36576,0.1524,13,10.91
65.7,458.94,447.73,2.9962,0.01524,0.3048,2.8651,13,11.21
65.8,459.24,447.73,3.0267,0.30175,1.8593,3.048,13,11.51
65.9,459.54,447.76,3.2126,0.60655,4.2062,2.987,13,11.78
66,459.86,447.82,3.6332,0.90526,3.5357,2.5298,13,12.04
66.1,460.23,447.91,3.9868,1.1582,4.2062,1.9202,13,12.32
66.2,460.63,448.03,4.4074,1.3503,1.8288,1.585,13,12.6
66.3,461.07,448.16,4.5903,1.5088,0.33528,2.225,13,12.91
66.4,461.53,448.31,4.6238,1.7313,-0.39624,3.81,13,13.22
66.5,461.99,448.49,4.5842,2.1123,-0.12192,3.5662,13,13.5
66.6,462.45,448.7,4.572,2.4689,-0.1524,4.1148,13,13.75
66.7,462.9,448.95,4.5568,2.8804,-0.27432,1.8898,13,13.95
66.8,463.36,449.23,4.5293,3.0693,0.36576,0.3048,13,14.13
66.9,463.81,449.54,4.5659,3.0998,1.2802,-0.33528,13,14.27
67,464.27,449.85,4.6939,3.0663,2.4079,-0.39624,13,14.42
67.1,464.74,450.16,4.9347,3.0267,2.9566,-0.3048,13,14.58
67.2,465.23,450.46,5.2304,2.9962,2.347,0.33528,13,14.77
67.3,465.75,450.76,5.4651,3.0297,1.1582,1.8593,13,14.99
67.4,466.3,451.06,5.5809,3.2156,0.06096,4.1758,13,15.24
67.5,466.86,451.38,5.587,3.6332,0.09144,3.5357,13,15.48
67.6,467.42,451.75,5.5961,3.9868,1.3716,4.1758,13,15.67
67.7,467.98,452.15,5.7333,4.4044,2.1336,1.8898,13,15.83
67.8,468.55,452.59,5.9466,4.5933,1.4935,0.3048,13,15.96
67.9,469.15,453.05,6.096,4.6238,0.42672,-0.36576,13,16.1
68,469.76,453.51,6.1387,4.5872,-0.3048,-0.88392,13,16.25
68.1,470.37,453.97,6.1082,4.4988,-0.18288,0.762,13,16.4
68.2,470.98,454.42,6.0899,4.575,0.06096,2.6213,13,16.56
68.3,471.59,454.87,6.096,4.8372,-0.03048,2.7432,13,16.72
68.4,472.2,455.36,6.093,5.1115,0.03048,2.7737,13,16.84
68.5,472.81,455.87,6.096,5.3889,0.03048,2.286,13,16.94
68.6,473.42,456.41,6.099,5.6175,-0.1524,2.5603,13,17.01
68.7,474.03,456.97,6.0838,5.8735,-0.3048,2.4079,13,17.06
68.8,474.64,457.56,6.0533,6.1143,0.51816,0.33528,13,17.08
68.9,475.24,458.17,6.1051,6.1478,1.4935,-0.39624,13,17.07
69,475.85,458.78,6.2545,6.1082,0.57912,-0.18288,13,17.07
69.1,476.48,459.39,6.3124,6.0899,0.33528,0.06096,13,17.09
69.2,477.11,460,6.3459,6.096,2.347,0,13,17.11
69.3,477.74,460.61,6.5806,6.096,4.1148,0.03048,13,17.13
69.4,478.4,461.22,6.9921,6.099,4.2672,-0.18288,13,17.18
69.5,479.1,461.83,7.4188,6.0808,2.5908,-0.36576,13,17.27
69.6,479.84,462.44,7.6779,6.0442,-0.18288,0.3048,13,17.4
69.7,480.61,463.04,7.6596,6.0747,-0.24384,1.8593,13,17.57
69.8,481.38,463.65,7.6352,6.2606,-0.21336,4.2062,13,17.73
69.9,482.14,464.28,7.6139,6.6812,0.09144,3.5357,13,17.86
70,482.9,464.95,7.623,7.0348,-0.03048,4.1758,13,17.95
70.1,483.66,465.65,7.62,7.4524,0,1.8898,13,18.01
70.2,484.43,466.4,7.62,7.6413,-0.03048,0.27432,13,18.03
70.3,485.19,467.16,7.617,7.6688,0.03048,-0.36576,13,18.03
70.4,485.95,467.93,7.62,7.6322,0.06096,-0.12192,13,18.02
70.5,486.71,468.69,7.6261,7.62,-0.21336,-0.1524,13,18.02
70.6,487.47,469.45,7.6048,7.6048,-0.24384,-0.24384,13,18.02
70.7,488.23,470.21,7.5804,7.5804,0.33528,0.3048,13,18.02
70.8,488.99,470.97,7.6139,7.6109,1.2802,1.3106,13,18.02
70.9,489.75,471.73,7.7419,7.7419,2.4079,2.3165,13,18.02
71,490.53,472.51,7.9827,7.9736,2.9566,2.7737,13,18.02
71.1,491.33,473.3,8.2784,8.2509,2.347,2.6213,13,18.03
71.2,492.15,474.13,8.5131,8.5131,1.1582,3.3833,13,18.02
71.3,493,474.98,8.6289,8.8514,0.09144,1.0668,13,18.02
71.4,493.87,475.86,8.638,8.9581,0.06096,-1.463,13,18.01
71.5,494.73,476.76,8.6441,8.8118,1.3716,-0.70104,13,17.97
71.6,495.6,477.64,8.7813,8.7417,2.1336,0.79248,13,17.96
71.7,496.47,478.52,8.9946,8.8209,1.2497,2.5298,13,17.95
71.8,497.37,479.4,9.1196,9.0739,0.97536,1.3716,13,17.97
71.9,498.29,480.3,9.2172,9.2111,0.4572,-0.67056,13,17.99
72,499.21,481.23,9.2629,9.144,-0.12192,0,13,17.98
72.1,500.13,482.14,9.2507,9.144,0.1524,0,13,17.99
72.2,501.06,483.05,9.2659,9.144,0.54864,0,13,18.01
72.3,501.99,483.97,9.3208,9.144,1.4021,0,13,18.02
72.4,502.92,484.88,9.461,9.144,1.4326,0,13,18.04
72.5,503.86,485.8,9.6042,9.144,0.762,0,13,18.06
72.6,504.82,486.71,9.6804,9.144,1.6154,0,13,18.11
72.7,505.79,487.63,9.842,9.144,3.1699,0,13,18.16
72.8,506.78,488.54,10.159,9.144,3.3223,0,13,18.24
72.9,507.79,489.46,10.491,9.144,1.8593,0.06096,13,18.33
73,508.84,490.37,10.677,9.1501,0.42672,-0.21336,13,18.47
73.1,509.91,491.28,10.72,9.1288,-0.36576,-0.24384,13,18.63
73.2,510.98,492.2,10.683,9.1044,-0.21336,0.3048,13,18.78
73.3,512.05,493.11,10.662,9.1349,0.12192,1.3411,13,18.94
73.4,513.12,494.02,10.674,9.269,-0.21336,2.3165,13,19.1
73.5,514.18,494.95,10.653,9.5006,-0.24384,2.7432,13,19.23
73.6,515.25,495.9,10.628,9.7749,0.33528,2.4079,13,19.35
73.7,516.31,496.88,10.662,10.016,1.1278,3.1699,13,19.43
73.8,517.38,497.88,10.775,10.333,2.3774,3.2614,13,19.5
73.9,518.45,498.91,11.012,10.659,3.5966,1.6154,13,19.54
74,519.56,499.98,11.372,10.82,3.81,0.03048,13,19.58
74.1,520.69,501.06,11.753,10.823,3.6576,-1.2192,13,19.63
74.2,521.87,502.14,12.119,10.702,4.0843,-0.6096,13,19.73
74.3,523.08,503.21,12.527,10.641,2.4994,0.27432,13,19.87
74.4,524.33,504.28,12.777,10.668,-0.1524,0,13,20.05
74.5,525.61,505.34,12.762,10.668,-2.5298,0.06096,13,20.27
74.6,526.89,506.41,12.509,10.674,-2.4689,-0.21336,13,20.48
74.7,528.14,507.48,12.262,10.653,-2.1641,-0.27432,13,20.66
74.8,529.36,508.54,12.046,10.625,-1.0058,0.42672,13,20.82
74.9,530.57,509.6,11.945,10.668,-0.36576,1.5545,13,20.97
75,531.76,510.67,11.909,10.823,-0.12192,1.8593,13,21.09
75.1,532.95,511.75,11.896,11.009,0.82296,1.2192,13,21.2
75.2,534.14,512.85,11.979,11.131,0.33528,0.64008,13,21.29
75.3,535.34,513.97,12.012,11.195,-0.12192,1.8593,13,21.37
75.4,536.54,515.09,12,11.381,-0.09144,3.4442,13,21.45
75.5,537.74,516.23,11.991,11.726,0.03048,2.6518,13,21.51
75.6,538.94,517.4,11.994,11.991,0.03048,0.18288,13,21.54
75.7,540.14,518.6,11.997,12.009,-0.03048,-0.97536,13,21.54
75.8,541.34,519.8,11.994,11.912,0,0.54864,13,21.54
75.9,542.54,520.99,11.994,11.966,0,3.5662,13,21.55
76,543.74,522.19,11.994,12.323,0,4.2062,13,21.55
76.1,544.94,523.42,11.994,12.744,0,2.9261,13,21.52
76.2,546.14,524.69,11.994,13.036,0,-0.1524,13,21.45
76.3,547.34,526,11.994,13.021,0,-2.286,13,21.34
76.4,548.54,527.3,11.994,12.792,0,-1.8898,13,21.24
76.5,549.74,528.58,11.994,12.603,0.73152,-1.585,13,21.16
76.6,550.94,529.84,12.067,12.445,-1.4326,-2.5908,13,21.1
76.7,552.14,531.08,11.924,12.186,-3.0175,-3.9624,13,21.06
76.8,553.33,532.3,11.622,11.79,-1.0973,-4.3891,13,21.03
76.9,554.5,533.48,11.512,11.351,1.0973,-0.27432,13,21.02
77,555.65,534.61,11.622,11.323,3.0175,2.9261,13,21.04
77.1,556.81,535.75,11.924,11.616,1.4021,3.749,13,21.06
77.2,558,536.91,12.064,11.991,-0.73152,2.1946,13,21.09
77.3,559.21,538.11,11.991,12.21,0.09144,0.67056,13,21.1
77.4,560.41,539.33,12,12.277,-0.27432,-0.79248,13,21.08
77.5,561.61,540.56,11.973,12.198,-0.48768,-1.7374,13,21.05
77.6,562.81,541.78,11.924,12.024,0.73152,-1.7374,13,21.03
77.7,564,542.98,11.997,11.851,4.0538,-0.09144,13,21.02
77.8,565.2,544.16,12.402,11.841,4.6025,2.5298,13,21.04
77.9,566.44,545.35,12.863,12.094,4.4501,3.3223,13,21.09
78,567.72,546.56,13.308,12.427,4.572,1.8898,13,21.16
78.1,569.05,547.8,13.765,12.616,4.0538,0.27432,13,21.25
78.2,570.43,549.06,14.17,12.643,0.73152,0.1524,13,21.37
78.3,571.85,550.33,14.243,12.658,-0.48768,-1.4326,13,21.52
78.4,573.27,551.59,14.195,12.515,0.21336,-2.6518,13,21.68
78.5,574.69,552.84,14.216,12.25,-0.6096,-1.0668,13,21.85
78.6,576.11,554.07,14.155,12.143,-1.9202,1.0058,13,22.04
78.7,577.53,555.28,13.963,12.244,-1.4021,2.7127,13,22.25
78.8,578.93,556.51,13.823,12.515,-0.85344,1.2802,13,22.42
78.9,580.31,557.76,13.737,12.643,0.1524,-0.64008,13,22.55
79,581.68,559.02,13.753,12.579,-0.18288,1.14E-11,13,22.66
79.1,583.06,560.28,13.734,12.579,-0.6096,-1.14E-11,13,22.78
79.2,584.43,561.54,13.673,12.579,0.27432,0.03048,13,22.89
79.3,585.8,562.8,13.701,12.582,0.18288,-0.1524,13,23
79.4,587.17,564.05,13.719,12.567,-1.14E-11,-0.21336,13,23.12
79.5,588.54,565.31,13.719,12.546,-0.06096,0.27432,13,23.23
79.6,589.91,566.57,13.713,12.573,0.06096,1.3106,13,23.34
79.7,591.28,567.82,13.719,12.704,0.12192,2.286,13,23.46
79.8,592.65,569.09,13.731,12.933,0.03048,2.7737,13,23.56
79.9,594.03,570.39,13.734,13.21,-0.03048,2.3165,13,23.64
80,595.4,571.71,13.731,13.442,-0.1524,1.2497,13,23.69
80.1,596.77,573.05,13.716,13.567,-1.14E-11,0.3048,13,23.72
80.2,598.15,574.41,13.716,13.597,1.14E-11,0.21336,13,23.74
0.1,8.2278,0,13.759,13.5,-0.42672,-2.4079,14,8.2278
0.2,9.6036,1.35,13.716,13.259,-0.03048,-4.7549,14,8.2536
0.3,10.975,2.6758,13.713,12.783,0.03048,-3.7795,14,8.2992
0.4,12.347,3.9542,13.716,12.405,-1.78E-13,-3.7795,14,8.3928
0.5,13.718,5.1947,13.716,12.027,7.11E-13,-1.0363,14,8.5233
0.6,15.09,6.3974,13.716,11.924,-5.33E-13,-0.18288,14,8.6926
0.7,16.461,7.5898,13.716,11.905,-0.03048,-0.82296,14,8.8712
0.8,17.833,8.7804,13.713,11.823,0.03048,-0.27432,14,9.0526
0.9,19.204,9.9627,13.716,11.796,-0.03048,2.6518,14,9.2413
1,20.576,11.142,13.713,12.061,-0.03048,3.1699,14,9.434
1.1,21.947,12.348,13.71,12.378,0.57912,2.0117,14,9.599
1.2,23.318,13.586,13.768,12.579,-0.4572,0.33528,14,9.732
1.3,24.695,14.844,13.722,12.613,-1.9202,-0.82296,14,9.851
1.4,26.067,16.105,13.53,12.53,-1.9812,-1.0668,14,9.962
1.5,27.42,17.358,13.332,12.424,-2.1641,-0.18288,14,10.062
1.6,28.753,18.601,13.116,12.405,-1.2192,1.1278,14,10.152
1.7,30.065,19.841,12.994,12.518,0.12192,1.6154,14,10.224
1.8,31.364,21.093,13.006,12.68,0.79248,1.1278,14,10.271
1.9,32.665,22.361,13.085,12.792,1.1887,0.88392,14,10.304
2,33.973,23.64,13.204,12.881,-1.3411,-1.0668,14,10.333
2.1,35.294,24.928,13.07,12.774,-4.0843,-2.225,14,10.366
2.2,36.601,26.206,12.661,12.552,-3.4747,-0.70104,14,10.395
2.3,37.867,27.461,12.314,12.482,-0.4572,0.82296,14,10.406
2.4,39.098,28.709,12.268,12.564,2.4994,2.0422,14,10.389
2.5,40.325,29.965,12.518,12.768,4.0843,0.94488,14,10.36
2.6,41.577,31.242,12.927,12.863,3.2614,-0.3048,14,10.335
2.7,42.87,32.529,13.253,12.832,2.7737,0.33528,14,10.341
2.8,44.195,33.812,13.53,12.866,-1.8288,0.36576,14,10.383
2.9,45.548,35.098,13.347,12.902,-5.1206,0.06096,14,10.45
3,46.883,36.389,12.835,12.908,-1.7678,0.27432,14,10.494
3.1,48.166,37.679,12.658,12.936,2.3165,0.3048,14,10.487
3.2,49.432,38.973,12.89,12.966,4.0538,-0.762,14,10.459
3.3,50.721,40.27,13.295,12.89,-1.2497,-3.4138,14,10.451
3.4,52.05,41.559,13.17,12.549,-5.0597,-4.0538,14,10.491
3.5,53.367,42.813,12.664,12.143,-4.7549,-4.0538,14,10.554
3.6,54.634,44.028,12.189,11.738,-1.9507,-4.4501,14,10.606
3.7,55.853,45.202,11.994,11.293,1.1887,-4.4501,14,10.651
3.8,57.052,46.331,12.113,10.848,2.6822,-2.6518,14,10.721
3.9,58.263,47.416,12.381,10.583,2.6213,0.762,14,10.847
4,59.502,48.474,12.643,10.659,1.6764,2.4994,14,11.028
4.1,60.766,49.54,12.811,10.909,0.67056,0.82296,14,11.226
4.2,62.047,50.631,12.878,10.991,-0.51816,-0.18288,14,11.416
4.3,63.335,51.73,12.826,10.973,-1.2497,2.5908,14,11.605
4.4,64.617,52.827,12.701,11.232,-0.79248,3.109,14,11.79
4.5,65.887,53.95,12.622,11.543,0.03048,2.987,14,11.937
4.6,67.15,55.104,12.625,11.841,-0.4572,2.5603,14,12.046
4.7,68.412,56.289,12.579,12.098,-1.463,1.7983,14,12.123
4.8,69.67,57.498,12.433,12.277,-1.6764,1.2802,14,12.172
4.9,70.913,58.726,12.265,12.405,-1.0363,0.94488,14,12.187
5,72.14,59.967,12.162,12.5,0.12192,0.18288,14,12.173
5.1,73.356,61.217,12.174,12.518,0.6096,-1.1582,14,12.139
5.2,74.573,62.468,12.235,12.402,-0.1524,-1.6764,14,12.105
5.3,75.797,63.709,12.219,12.235,-1.524,-0.67056,14,12.088
5.4,77.019,64.932,12.067,12.168,-2.9261,0.6096,14,12.087
5.5,78.225,66.149,11.774,12.229,-3.5357,0.24384,14,12.076
5.6,79.403,67.372,11.421,12.253,-1.7069,-1.9507,14,12.031
5.7,80.545,68.597,11.25,12.058,-2.3774,-3.749,14,11.948
5.8,81.67,69.803,11.012,11.683,-2.9261,-3.6576,14,11.867
5.9,82.771,70.971,10.72,11.317,-0.73152,-2.0726,14,11.8
6,83.843,72.103,10.647,11.11,1.3106,0.4572,14,11.74
6.1,84.908,73.214,10.778,11.156,2.9566,1.7983,14,11.694
6.2,85.986,74.329,11.073,11.336,1.0058,0.88392,14,11.657
6.3,87.093,75.463,11.174,11.424,-1.0668,-1.3411,14,11.63
6.4,88.21,76.605,11.067,11.29,0.70104,-2.5908,14,11.605
6.5,89.317,77.734,11.137,11.031,2.4994,-0.82296,14,11.583
6.6,90.431,78.837,11.387,10.948,3.8405,2.8956,14,11.594
6.7,91.57,79.932,11.771,11.238,3.2004,1.7069,14,11.638
6.8,92.747,81.056,12.091,11.409,1.4326,-1.2192,14,11.691
6.9,93.956,82.197,12.235,11.287,0.03048,-0.97536,14,11.759
7,95.179,83.326,12.238,11.189,-0.42672,0.73152,14,11.853
7.1,96.403,84.445,12.195,11.262,-0.12192,2.9566,14,11.958
7.2,97.623,85.571,12.183,11.558,0.06096,1.9507,14,12.052
7.3,98.841,86.727,12.189,11.753,0,0.79248,14,12.114
7.4,100.06,87.902,12.189,11.832,0,2.0726,14,12.158
7.5,101.28,89.085,12.189,12.04,0.03048,1.524,14,12.195
7.6,102.5,90.289,12.192,12.192,-0.03048,0.42672,14,12.211
7.7,103.72,91.508,12.189,12.235,-2.84E-12,-0.33528,14,12.212
7.8,104.94,92.732,12.189,12.201,2.84E-12,-0.1524,14,12.208
7.9,106.15,93.952,12.189,12.186,0,0.03048,14,12.198
8,107.37,95.17,12.189,12.189,0,2.84E-12,14,12.2
8.1,108.59,96.389,12.189,12.189,1.42E-12,0,14,12.201
8.2,109.81,97.608,12.189,12.189,-5.68E-12,0,14,12.202
8.3,111.03,98.827,12.189,12.189,4.26E-12,0.06096,14,12.203
8.4,112.25,100.05,12.189,12.195,0,-0.09144,14,12.2
8.5,113.47,101.27,12.189,12.186,1.42E-12,-0.12192,14,12.2
8.6,114.69,102.48,12.189,12.174,-1.42E-12,-0.06096,14,12.21
8.7,115.91,103.7,12.189,12.168,-4.26E-12,-0.18288,14,12.21
8.8,117.12,104.92,12.189,12.149,0.03048,-0.03048,14,12.2
8.9,118.34,106.13,12.192,12.146,-0.03048,0.12192,14,12.21
9,119.56,107.35,12.189,12.158,0,0.24384,14,12.21
9.1,120.78,108.56,12.189,12.183,1.42E-12,0.27432,14,12.22
9.2,122,109.78,12.189,12.21,0.48768,0.03048,14,12.22
9.3,123.22,111,12.238,12.213,-0.94488,-0.12192,14,12.22
9.4,124.44,112.22,12.143,12.201,-2.1031,0.18288,14,12.22
9.5,125.66,113.44,11.933,12.219,-0.79248,0.33528,14,12.22
9.6,126.85,114.67,11.854,12.253,0.79248,-0.42672,14,12.18
9.7,128.04,115.89,11.933,12.21,2.0422,-1.9507,14,12.15
9.8,129.23,117.11,12.137,12.015,0.94488,-3.7795,14,12.12
9.9,130.44,118.31,12.232,11.637,-0.4572,-4.0234,14,12.13
10,131.67,119.48,12.186,11.235,-0.03048,-1.7069,14,12.19
10.1,132.88,120.6,12.183,11.064,0.03048,1.7678,14,12.28
10.2,134.1,121.71,12.186,11.241,-0.03048,4.9987,14,12.39
10.3,135.32,122.83,12.183,11.741,5.68E-12,2.5603,14,12.49
10.4,136.54,124.01,12.183,11.997,-2.84E-12,-2.1946,14,12.53
10.5,137.76,125.21,12.183,11.777,0.03048,-4.0234,14,12.55
10.6,138.98,126.38,12.186,11.375,-0.03048,-3.2614,14,12.6
10.7,140.2,127.52,12.183,11.049,0,0.762,14,12.68
10.8,141.41,128.63,12.183,11.125,0.03048,2.1336,14,12.78
10.9,142.63,129.74,12.186,11.339,-2.84E-12,0.6096,14,12.89
11,143.85,130.87,12.186,11.4,0.09144,-0.64008,14,12.98
11.1,145.07,132.01,12.195,11.336,-0.24384,-2.7432,14,13.06
11.2,146.29,133.15,12.171,11.061,-0.88392,-2.7127,14,13.14
11.3,147.51,134.25,12.082,10.79,-1.1582,-1.524,14,13.26
11.4,148.71,135.33,11.966,10.638,-0.54864,-0.79248,14,13.38
11.5,149.91,136.39,11.912,10.558,0.54864,-0.27432,14,13.52
11.6,151.1,137.45,11.966,10.531,1.1887,-0.1524,14,13.65
11.7,152.3,138.5,12.085,10.516,0.88392,-0.09144,14,13.8
11.8,153.51,139.56,12.174,10.506,0.24384,0.09144,14,13.95
11.9,154.72,140.61,12.198,10.516,-0.06096,0.06096,14,14.11
12,155.94,141.66,12.192,10.522,-0.03048,2.84E-12,14,14.28
12.1,157.16,142.71,12.189,10.522,0.03048,-0.03048,14,14.45
12.2,158.38,143.76,12.192,10.519,0,-0.18288,14,14.62
12.3,159.6,144.81,12.192,10.5,-0.03048,0.09144,14,14.79
12.4,160.82,145.86,12.189,10.51,0.03048,0.42672,14,14.96
12.5,162.04,146.91,12.192,10.552,-0.03048,1.0058,14,15.13
12.6,163.26,147.97,12.189,10.653,0.03048,1.7983,14,15.29
12.7,164.48,149.04,12.192,10.833,0.3048,2.8042,14,15.44
12.8,165.7,150.12,12.222,11.113,-0.64008,3.7186,14,15.58
12.9,166.92,151.23,12.158,11.485,-1.3716,2.987,14,15.69
13,168.13,152.38,12.021,11.784,-0.54864,0.24384,14,15.75
13.1,169.34,153.56,11.966,11.808,0.70104,-2.8346,14,15.78
13.2,170.53,154.74,12.037,11.524,1.6459,-3.9929,14,15.79
13.3,171.74,155.89,12.201,11.125,0.3048,-1.7983,14,15.85
13.4,172.96,157,12.232,10.945,-1.6459,0.73152,14,15.96
13.5,174.18,158.1,12.067,11.019,-2.3165,1.1887,14,16.08
13.6,175.39,159.2,11.835,11.137,-2.7432,-0.73152,14,16.19
13.7,176.57,160.31,11.561,11.064,-2.6213,-2.3165,14,16.26
13.8,177.73,161.42,11.299,10.833,-2.7737,-1.7069,14,16.31
13.9,178.86,162.5,11.022,10.662,-2.286,-0.36576,14,16.36
14,179.96,163.57,10.793,10.625,-1.3106,0.27432,14,16.39
14.1,181.04,164.63,10.662,10.653,-0.36576,0.18288,14,16.41
14.2,182.1,165.7,10.625,10.671,0.3048,0.3048,14,16.4
14.3,183.17,166.76,10.656,10.702,0.1524,-0.67056,14,16.41
14.4,184.23,167.83,10.671,10.634,-0.03048,-1.4021,14,16.4
14.5,185.3,168.9,10.668,10.494,0,-0.51816,14,16.4
14.6,186.37,169.95,10.668,10.442,0,0.54864,14,16.42
14.7,187.43,170.99,10.668,10.497,0,1.4021,14,16.44
14.8,188.5,172.04,10.668,10.638,0,0.64008,14,16.46
14.9,189.57,173.1,10.668,10.702,0,-0.33528,14,16.47
15,190.63,174.17,10.668,10.668,0,0,14,16.46
15.1,191.7,175.24,10.668,10.668,0,-0.03048,14,16.46
15.2,192.77,176.31,10.668,10.665,0,0.03048,14,16.46
15.3,193.83,177.37,10.668,10.668,0,0,14,16.46
15.4,194.9,178.44,10.668,10.668,0,0,14,16.46
15.5,195.97,179.51,10.668,10.668,0,0,14,16.46
15.6,197.03,180.57,10.668,10.668,-0.03048,0,14,16.46
15.7,198.1,181.64,10.665,10.668,0.06096,0,14,16.46
15.8,199.17,182.71,10.671,10.668,0.03048,0,14,16.46
15.9,200.23,183.77,10.674,10.668,0.03048,0,14,16.46
16,201.3,184.84,10.677,10.668,-0.21336,0,14,16.46
16.1,202.37,185.91,10.656,10.668,-0.48768,-0.06096,14,16.46
16.2,203.44,186.98,10.607,10.662,-0.57912,0.18288,14,16.46
16.3,204.5,188.04,10.549,10.68,-0.33528,0.39624,14,16.46
16.4,205.55,189.11,10.516,10.72,-0.12192,-0.3048,14,16.44
16.5,206.6,190.18,10.503,10.689,0.03048,-1.8898,14,16.42
16.6,207.65,191.25,10.506,10.5,0.09144,-4.1758,14,16.4
16.7,208.7,192.3,10.516,10.083,-0.06096,-3.5052,14,16.4
16.8,209.76,193.31,10.51,9.7323,0.48768,-4.2672,14,16.45
16.9,210.81,194.28,10.558,9.3055,0.36576,-2.3165,14,16.53
17,211.86,195.21,10.595,9.0739,-3.2614,-0.27432,14,16.65
17.1,212.92,196.12,10.269,9.0465,-5.6388,1.8898,14,16.8
17.2,213.95,197.02,9.7048,9.2354,-5.3035,3.5662,14,16.93
17.3,214.92,197.95,9.1745,9.5921,-5.0902,3.871,14,16.97
17.4,215.84,198.91,8.6655,9.9792,-6.4922,3.6576,14,16.93
17.5,216.7,199.91,8.0162,10.345,3.2004,1.7678,14,16.79
17.6,217.5,200.94,8.3363,10.522,5.0292,0.42672,14,16.56
17.7,218.34,201.99,8.8392,10.564,4.3891,-0.39624,14,16.35
17.8,219.22,203.05,9.2781,10.525,3.7186,0.09144,14,16.17
17.9,220.15,204.1,9.65,10.534,0.33528,0.51816,14,16.05
18,221.11,205.15,9.6835,10.586,-0.6096,-0.88392,14,15.96
18.1,222.08,206.21,9.6225,10.497,0.27432,-3.7795,14,15.87
18.2,223.05,207.26,9.65,10.119,0.27432,-3.9929,14,15.79
18.3,224.01,208.27,9.6774,9.7201,-1.0973,-4.4196,14,15.74
18.4,224.98,209.25,9.5677,9.2781,-2.5298,-3.109,14,15.73
18.5,225.93,210.17,9.3147,8.9672,-2.5298,0.06096,14,15.76
18.6,226.87,211.07,9.0617,8.9733,-0.42672,1.2497,14,15.8
18.7,227.77,211.97,9.019,9.0983,0.70104,0.24384,14,15.8
18.8,228.67,212.88,9.0891,9.1227,-1.0058,0.36576,14,15.79
18.9,229.58,213.79,8.9886,9.1592,-3.9319,8.0162,14,15.79
19,230.48,214.71,8.5954,9.9609,-3.6271,5.0292,14,15.77
19.1,231.34,215.7,8.2326,10.464,-4.4501,8.2906,14,15.64
19.2,232.16,216.75,7.7876,11.293,-1.7069,-6.7056,14,15.41
19.3,232.94,217.88,7.617,10.622,-0.42672,-9.5098,14,15.06
19.4,233.71,218.94,7.5743,9.6713,0.27432,-11.217,14,14.77
19.5,234.46,219.91,7.6017,8.5496,0.24384,-9.5707,14,14.55
19.6,235.22,220.76,7.6261,7.5926,-0.06096,-6.4008,14,14.46
19.7,235.99,221.52,7.62,6.9525,0,8.382,14,14.47
19.8,236.75,222.22,7.62,7.7907,0,5.273,14,14.53
19.9,237.51,223,7.62,8.318,0,8.1686,14,14.51
20,238.27,223.83,7.62,9.1349,-2.84E-12,1.4326,14,14.44
20.1,239.03,224.74,7.62,9.2781,2.84E-12,-1.0058,14,14.29
20.2,239.8,225.67,7.62,9.1775,0,-2.3774,14,14.13
20.3,240.56,226.59,7.62,8.9398,0,-4.6025,14,13.97
20.4,241.32,227.48,7.62,8.4795,0,-3.4138,14,13.84
20.5,242.08,228.33,7.62,8.1382,0,-4.8463,14,13.75
20.6,242.84,229.14,7.62,7.6535,0,-1.5545,14,13.7
20.7,243.61,229.91,7.62,7.4981,0,0.4572,14,13.7
20.8,244.37,230.66,7.62,7.5438,0,0.79248,14,13.71
20.9,245.13,231.41,7.62,7.623,0,0.09144,14,13.72
21,245.89,232.17,7.62,7.6322,0,-0.12192,14,13.72
21.1,246.65,232.94,7.62,7.62,0,0,14,13.71
21.2,247.42,233.7,7.62,7.62,0,0,14,13.72
21.3,248.18,234.46,7.62,7.62,0,0,14,13.72
21.4,248.94,235.22,7.62,7.62,0,0,14,13.72
21.5,249.7,235.99,7.62,7.62,0,0,14,13.71
21.6,250.46,236.75,7.62,7.62,0.18288,0,14,13.71
21.7,251.23,237.51,7.6383,7.62,-0.36576,0,14,13.72
21.8,251.99,238.27,7.6017,7.62,-0.762,-2.84E-12,14,13.72
21.9,252.75,239.03,7.5255,7.62,-0.3048,2.84E-12,14,13.72
22,253.5,239.8,7.495,7.62,0.3048,0,14,13.7
22.1,254.25,240.56,7.5255,7.62,0.762,0,14,13.69
22.2,255,241.32,7.6017,7.62,0.36576,0,14,13.68
22.3,255.76,242.08,7.6383,7.62,-0.21336,0,14,13.68
22.4,256.53,242.84,7.617,7.62,0.09144,0,14,13.69
22.5,257.29,243.61,7.6261,7.62,-0.21336,0,14,13.68
22.6,258.05,244.37,7.6048,7.62,-0.24384,0,14,13.68
22.7,258.81,245.13,7.5804,7.62,0.33528,0,14,13.68
22.8,259.57,245.89,7.6139,7.62,1.2802,0,14,13.68
22.9,260.33,246.65,7.7419,7.62,2.347,0,14,13.68
23,261.11,247.42,7.9766,7.62,2.7432,0,14,13.69
23.1,261.9,248.18,8.2509,7.62,2.6213,0,14,13.72
23.2,262.73,248.94,8.5131,7.62,2.7432,0,14,13.79
23.3,263.58,249.7,8.7874,7.62,2.3165,0,14,13.88
23.4,264.46,250.46,9.019,7.62,1.3106,0.24384,14,14
23.5,265.36,251.23,9.1501,7.6444,0.39624,-0.54864,14,14.13
23.6,266.28,251.99,9.1897,7.5895,-0.51816,-1.2497,14,14.29
23.7,267.2,252.75,9.1379,7.4646,-0.9144,0.03048,14,14.45
23.8,268.11,253.5,9.0465,7.4676,2.0726,2.5908,14,14.61
23.9,269.01,254.24,9.2537,7.7267,7.1018,4.4806,14,14.77
24,269.94,255.01,9.9639,8.1747,6.919,3.6881,14,14.93
24.1,270.94,255.83,10.656,8.5435,7.62,4.3586,14,15.11
24.2,272,256.69,11.418,8.9794,7.2847,1.8593,14,15.31
24.3,273.14,257.58,12.146,9.1653,5.3645,0.27432,14,15.56
24.4,274.36,258.5,12.683,9.1928,-9.3269,-0.36576,14,15.86
24.5,275.63,259.42,11.75,9.1562,-6.4922,-0.18288,14,16.21
24.6,276.8,260.34,11.101,9.1379,-7.2542,0.06096,14,16.46
24.7,277.91,261.25,10.375,9.144,-6.6751,0,14,16.66
24.8,278.95,262.16,9.7079,9.144,-4.7549,0,14,16.79
24.9,279.92,263.08,9.2324,9.144,0.36576,0.06096,14,16.84
25,280.84,263.99,9.269,9.1501,0.18288,-0.21336,14,16.85
25.1,281.77,264.91,9.2873,9.1288,-0.51816,-0.36576,14,16.86
25.2,282.7,265.82,9.2354,9.0922,0.18288,0.27432,14,16.88
25.3,283.62,266.73,9.2537,9.1196,1.8593,1.9202,14,16.89
25.4,284.55,267.64,9.4397,9.3116,3.3833,4.4196,14,16.91
25.5,285.49,268.57,9.778,9.7536,3.81,3.5357,14,16.92
25.6,286.47,269.55,10.159,10.107,2.8956,3.9624,14,16.92
25.7,287.48,270.56,10.449,10.503,1.5545,1.6459,14,16.92
25.8,288.53,271.61,10.604,10.668,0.67056,0.1524,14,16.92
25.9,289.59,272.68,10.671,10.683,0.09144,-0.24384,14,16.91
26,290.66,273.74,10.68,10.659,-0.09144,-0.03048,14,16.92
26.1,291.72,274.81,10.671,10.656,-0.03048,-0.18288,14,16.91
26.2,292.79,275.88,10.668,10.638,0,-0.33528,14,16.91
26.3,293.86,276.94,10.668,10.604,0,0.57912,14,16.92
26.4,294.93,278,10.668,10.662,0,1.6764,14,16.93
26.5,295.99,279.07,10.668,10.83,0,2.1946,14,16.92
26.6,297.06,280.15,10.668,11.049,-0.03048,1.3106,14,16.91
26.7,298.13,281.25,10.665,11.18,0.03048,0,14,16.88
26.8,299.19,282.37,10.668,11.18,0,0.21336,14,16.82
26.9,300.26,283.49,10.668,11.201,0.03048,1.0058,14,16.77
27,301.33,284.61,10.671,11.302,-0.03048,1.0668,14,16.72
27.1,302.39,285.74,10.668,11.409,0,0.57912,14,16.65
27.2,303.46,286.88,10.668,11.467,-0.06096,-0.1524,14,16.58
27.3,304.53,288.03,10.662,11.451,0.18288,-0.42672,14,16.5
27.4,305.59,289.17,10.68,11.409,0.3048,-0.18288,14,16.42
27.5,306.66,290.31,10.711,11.39,-0.36576,0.24384,14,16.35
27.6,307.73,291.45,10.674,11.415,-1.6764,1.585,14,16.28
27.7,308.8,292.59,10.506,11.573,-2.347,2.8346,14,16.21
27.8,309.85,293.75,10.272,11.857,-1.2497,2.0726,14,16.1
27.9,310.88,294.94,10.147,12.064,0.97536,-0.27432,14,15.94
28,311.89,296.14,10.244,12.037,2.5908,-2.0117,14,15.75
28.1,312.92,297.35,10.503,11.835,2.9261,-0.94488,14,15.57
28.2,313.97,298.53,10.796,11.741,2.8651,0.85344,14,15.44
28.3,315.05,299.71,11.083,11.826,2.1031,0.51816,14,15.34
28.4,316.15,300.89,11.293,11.878,1.0363,-2.3774,14,15.26
28.5,317.28,302.08,11.396,11.64,0.67056,-4.2367,14,15.2
28.6,318.42,303.24,11.464,11.217,1.0973,-2.7127,14,15.18
28.7,319.57,304.36,11.573,10.945,2.3165,0.79248,14,15.21
28.8,320.73,305.46,11.805,11.025,2.5603,2.6822,14,15.27
28.9,321.91,306.56,12.061,11.293,1.4021,1.524,14,15.35
29,323.11,307.69,12.201,11.445,0.3048,-1.0363,14,15.42
29.1,324.33,308.83,12.232,11.342,-0.27432,-2.7737,14,15.5
29.2,325.56,309.97,12.204,11.064,-0.27432,-2.7127,14,15.59
29.3,326.78,311.07,12.177,10.793,0.24384,-1.3411,14,15.71
29.4,328,312.15,12.201,10.659,0.42672,-0.3048,14,15.85
29.5,329.22,313.22,12.244,10.628,0.18288,0.3048,14,16
29.6,330.44,314.28,12.262,10.659,-0.18288,0,14,16.16
29.7,331.67,315.35,12.244,10.659,-0.42672,-0.33528,14,16.32
29.8,332.89,316.41,12.201,10.625,-0.18288,0.39624,14,16.48
29.9,334.11,317.48,12.183,10.665,0.09144,1.6459,14,16.63
30,335.33,318.54,12.192,10.83,0,2.4079,14,16.79
30.1,336.55,319.62,12.192,11.07,-0.03048,0.97536,14,16.93
30.2,337.77,320.73,12.189,11.168,0.09144,-1.524,14,17.04
30.3,338.99,321.85,12.198,11.015,0.03048,-2.0422,14,17.14
30.4,340.21,322.95,12.201,10.811,-0.03048,0.18288,14,17.26
30.5,341.43,324.03,12.198,10.83,-0.18288,3.871,14,17.4
30.6,342.65,325.11,12.18,11.217,-0.48768,4.2672,14,17.54
30.7,343.86,326.24,12.131,11.643,0.36576,4.2977,14,17.62
30.8,345.08,327.4,12.168,12.073,1.8593,4.0843,14,17.68
30.9,346.29,328.61,12.354,12.482,2.3774,4.9987,14,17.68
31,347.53,329.86,12.591,12.981,1.0363,2.286,14,17.67
31.1,348.79,331.15,12.695,13.21,-1.0363,-2.1336,14,17.64
31.2,350.06,332.47,12.591,12.997,-1.1278,-4.511,14,17.59
31.3,351.32,333.77,12.479,12.546,0.82296,-3.3223,14,17.55
31.4,352.56,335.03,12.561,12.213,3.0175,-0.79248,14,17.53
31.5,353.82,336.25,12.863,12.134,2.987,0.33528,14,17.57
31.6,355.11,337.46,13.161,12.168,1.4935,0.3048,14,17.65
31.7,356.42,338.68,13.311,12.198,0.18288,-0.06096,14,17.74
31.8,357.75,339.9,13.329,12.192,0.06096,0,14,17.85
31.9,359.09,341.12,13.335,12.192,1.0058,-0.03048,14,17.97
32,360.42,342.34,13.436,12.189,1.4935,0.03048,14,18.08
32.1,361.76,343.56,13.585,12.192,1.0668,0,14,18.2
32.2,363.12,344.78,13.692,12.192,0.42672,0,14,18.34
32.3,364.49,346,13.734,12.192,-0.06096,0.03048,14,18.49
32.4,365.87,347.22,13.728,12.195,-0.09144,-0.18288,14,18.65
32.5,367.24,348.43,13.719,12.177,-0.03048,-0.18288,14,18.81
32.6,368.61,349.65,13.716,12.158,0,0.48768,14,18.96
32.7,369.98,350.87,13.716,12.207,0.12192,1.585,14,19.11
32.8,371.35,352.09,13.728,12.366,-0.24384,2.9566,14,19.26
32.9,372.73,353.33,13.704,12.661,-0.4572,3.871,14,19.4
33,374.1,354.59,13.658,13.048,-0.18288,3.3528,14,19.51
33.1,375.46,355.9,13.64,13.384,0.18288,1.8593,14,19.56
33.2,376.83,357.24,13.658,13.57,0.4572,0.33528,14,19.59
33.3,378.19,358.59,13.704,13.603,0.24384,-0.24384,14,19.6
33.4,379.56,359.95,13.728,13.579,-0.1524,0.24384,14,19.61
33.5,380.94,361.31,13.713,13.603,0.03048,0.57912,14,19.63
33.6,382.31,362.67,13.716,13.661,0,0.54864,14,19.64
33.7,383.68,364.04,13.716,13.716,0,0.6096,14,19.64
33.8,385.05,365.41,13.716,13.777,0.03048,-0.21336,14,19.64
33.9,386.42,366.79,13.719,13.756,0.03048,-1.8288,14,19.63
34,387.79,368.16,13.722,13.573,-0.21336,-3.109,14,19.63
34.1,389.17,369.52,13.701,13.262,-0.36576,-2.7127,14,19.65
34.2,390.54,370.84,13.664,12.991,0.3048,-1.1887,14,19.7
34.3,391.9,372.14,13.695,12.872,1.8593,-0.1524,14,19.76
34.4,393.27,373.43,13.881,12.856,4.2062,0.24384,14,19.84
34.5,394.66,374.72,14.301,12.881,3.5357,0.27432,14,19.94
34.6,396.09,376,14.655,12.908,4.1758,0.36576,14,20.09
34.7,397.55,377.3,15.072,12.945,1.8898,0.1524,14,20.25
34.8,399.06,378.59,15.261,12.96,0.3048,-0.33528,14,20.47
34.9,400.59,379.89,15.292,12.927,-0.36576,-0.06096,14,20.7
35,402.12,381.18,15.255,12.92,-0.21336,0.94488,14,20.94
35.1,403.64,382.47,15.234,13.015,-0.12192,1.9202,14,21.17
35.2,405.17,383.77,15.222,13.207,0.36576,2.1336,14,21.4
35.3,406.69,385.09,15.258,13.42,0.73152,1.3716,14,21.6
35.4,408.21,386.44,15.331,13.558,0.27432,1.0973,14,21.77
35.5,409.75,387.79,15.359,13.667,-0.27432,1.6764,14,21.96
35.6,411.28,389.16,15.331,13.835,-0.73152,2.5908,14,22.12
35.7,412.82,390.54,15.258,14.094,-0.36576,2.5298,14,22.28
35.8,414.34,391.95,15.222,14.347,0.18288,1.463,14,22.39
35.9,415.86,393.39,15.24,14.493,-0.03048,0.12192,14,22.47
36,417.39,394.83,15.237,14.505,0.1524,-0.54864,14,22.56
36.1,418.91,396.29,15.252,14.451,0.12192,0.1524,14,22.62
36.2,420.44,397.73,15.264,14.466,-0.57912,1.4021,14,22.71
36.3,421.96,399.18,15.206,14.606,-0.9144,2.5298,14,22.78
36.4,423.48,400.64,15.115,14.859,-0.03048,2.4689,14,22.84
36.5,425,402.12,15.112,15.106,3.3223,1.5545,14,22.88
36.6,426.51,403.63,15.444,15.261,4.511,0.39624,14,22.88
36.7,428.05,405.16,15.895,15.301,3.7795,-0.21336,14,22.89
36.8,429.64,406.69,16.273,15.28,4.6634,-1.0668,14,22.95
36.9,431.27,408.22,16.74,15.173,0.97536,-1.9507,14,23.05
37,432.94,409.74,16.837,14.978,-0.48768,-1.4935,14,23.2
37.1,434.63,411.23,16.788,14.829,-0.24384,0.33528,14,23.4
37.2,436.31,412.72,16.764,14.862,-0.06096,1.9507,14,23.59
37.3,437.98,414.2,16.758,15.057,-0.3048,1.8593,14,23.78
37.4,439.66,415.71,16.727,15.243,-0.24384,0.39624,14,23.95
37.5,441.33,417.23,16.703,15.283,0.24384,-0.3048,14,24.1
37.6,443,418.76,16.727,15.252,-0.18288,-0.1524,14,24.24
37.7,444.67,420.29,16.709,15.237,-0.42672,0.03048,14,24.38
37.8,446.34,421.81,16.666,15.24,0.57912,0.03048,14,24.53
37.9,448.01,423.33,16.724,15.243,1.6459,-0.1524,14,24.68
38,449.68,424.86,16.889,15.228,2.1336,-0.27432,14,24.82
38.1,451.37,426.38,17.102,15.2,1.1887,0.33528,14,24.99
38.2,453.08,427.9,17.221,15.234,-0.64008,1.3106,14,25.18
38.3,454.8,429.42,17.157,15.365,-2.6518,2.286,14,25.38
38.4,456.52,430.96,16.892,15.594,-4.2062,2.7737,14,25.56
38.5,458.21,432.52,16.471,15.871,-4.1453,2.6213,14,25.69
38.6,459.86,434.11,16.057,16.133,-1.0668,2.7432,14,25.75
38.7,461.46,435.72,15.95,16.407,2.4079,2.347,14,25.74
38.8,463.06,437.36,16.191,16.642,3.5357,1.2802,14,25.7
38.9,464.68,439.03,16.545,16.77,2.3165,0.36576,14,25.65
39,466.33,440.7,16.776,16.807,0.42672,-0.12192,14,25.63
39.1,468.01,442.38,16.819,16.794,-0.42672,-0.9144,14,25.63
39.2,469.69,444.06,16.776,16.703,-0.18288,-0.9144,14,25.63
39.3,471.37,445.73,16.758,16.612,0.06096,0.6096,14,25.64
39.4,473.04,447.39,16.764,16.673,-0.48768,3.1699,14,25.65
39.5,474.72,449.06,16.715,16.99,0.97536,4.1148,14,25.66
39.6,476.39,450.76,16.813,17.401,2.0422,3.81,14,25.63
39.7,478.07,452.5,17.017,17.782,0.82296,1.1582,14,25.57
39.8,479.77,454.28,17.099,17.898,-0.82296,-1.0058,14,25.49
39.9,481.48,456.07,17.017,17.797,-2.1031,-2.987,14,25.41
40,483.19,457.85,16.807,17.499,-0.82296,-3.9319,14,25.34
40.1,484.87,459.6,16.724,17.105,0.82296,-3.2614,14,25.27
40.2,486.54,461.31,16.807,16.779,-0.4572,-0.79248,14,25.23
40.3,488.22,462.99,16.761,16.7,-1.4935,2.1336,14,25.23
40.4,489.9,464.66,16.612,16.913,-2.1031,4.0234,14,25.24
40.5,491.56,466.35,16.401,17.316,-1.4021,2.8042,14,25.21
40.6,493.2,468.08,16.261,17.596,-0.03048,5.68E-12,14,25.12
40.7,494.82,469.84,16.258,17.596,0.42672,-1.1278,14,24.98
40.8,496.45,471.6,16.301,17.483,-2.5603,-0.09144,14,24.85
40.9,498.08,473.35,16.045,17.474,-4.4806,0.54864,14,24.73
41,499.68,475.09,15.597,17.529,-2.286,1.4021,14,24.59
41.1,501.24,476.85,15.368,17.669,0.762,0.762,14,24.39
41.2,502.78,478.61,15.444,17.745,2.4689,-0.1524,14,24.17
41.3,504.32,480.39,15.691,17.73,-0.4572,-0.24384,14,23.93
41.4,505.89,482.16,15.645,17.706,-2.987,-1.7983,14,23.73
41.5,507.46,483.93,15.347,17.526,-1.0668,-1.524,14,23.53
41.6,508.99,485.68,15.24,17.374,1.0668,-0.57912,14,23.31
41.7,510.52,487.42,15.347,17.316,2.3165,-0.4572,14,23.1
41.8,512.05,489.15,15.578,17.27,1.7678,-0.09144,14,22.9
41.9,513.61,490.88,15.755,17.261,0.4572,-1.3716,14,22.73
42,515.18,492.61,15.801,17.124,0.03048,-2.1336,14,22.57
42.1,516.76,494.32,15.804,16.91,-0.54864,-0.97536,14,22.44
42.2,518.35,496.01,15.749,16.813,-1.7374,-1.1887,14,22.34
42.3,519.92,497.69,15.575,16.694,-1.6764,-2.225,14,22.23
42.4,521.48,499.36,15.408,16.471,-0.67056,-1.6154,14,22.12
42.5,523.02,501.01,15.341,16.31,-0.12192,0.36576,14,22.01
42.6,524.55,502.64,15.328,16.346,-0.03048,2.4384,14,21.91
42.7,526.09,504.27,15.325,16.59,-0.6096,2.0117,14,21.82
42.8,527.62,505.93,15.264,16.791,-0.42672,-0.03048,14,21.69
42.9,529.14,507.61,15.222,16.788,0.1524,-0.24384,14,21.53
43,530.67,509.29,15.237,16.764,0.1524,-0.03048,14,21.38
43.1,532.19,510.97,15.252,16.761,0.39624,-0.03048,14,21.22
43.2,533.72,512.64,15.292,16.758,-0.33528,0.21336,14,21.08
43.3,535.24,514.32,15.258,16.779,-1.8593,0.27432,14,20.92
43.4,536.77,516,15.072,16.807,-4.1758,-0.4572,14,20.77
43.5,538.28,517.68,14.655,16.761,-3.5052,-1.7069,14,20.6
43.6,539.74,519.35,14.304,16.59,-4.4501,-1.6154,14,20.39
43.7,541.17,521.01,13.859,16.429,-1.9507,-0.36576,14,20.16
43.8,542.56,522.66,13.664,16.392,0.39624,0.3048,14,19.9
43.9,543.93,524.29,13.704,16.423,2.0117,-0.4572,14,19.64
44,545.3,525.94,13.905,16.377,2.2555,-2.1946,14,19.36
44.1,546.69,527.57,14.131,16.157,2.6518,-2.8346,14,19.12
44.2,548.1,529.19,14.396,15.874,0.42672,-2.7127,14,18.91
44.3,549.54,530.78,14.438,15.603,-5.2426,-2.4079,14,18.76
44.4,550.98,532.34,13.914,15.362,-4.9682,-1.3411,14,18.64
44.5,552.37,533.87,13.417,15.228,-6.3398,-0.1524,14,18.5
44.6,553.72,535.4,12.783,15.213,-7.4066,0.67056,14,18.32
44.7,554.99,536.92,12.043,15.28,-6.6446,-0.1524,14,18.07
44.8,556.2,538.45,11.378,15.264,-5.5169,-1.8898,14,17.75
0.1,31.023,0,13.722,15.24,-0.06096,-15.24,15,31.023
0.2,32.395,1.524,13.716,13.716,0,15.24,15,30.871
0.3,33.766,2.8956,13.716,15.24,-0.03048,-15.24,15,30.8704
0.4,35.138,4.4196,13.713,13.716,0.4572,5.4559,15,30.7184
0.5,36.509,5.7912,13.759,14.262,-0.85344,-0.09144,15,30.7178
0.6,37.885,7.2174,13.673,14.252,-1.7374,2.4994,15,30.6676
0.7,39.252,8.6426,13.5,14.502,-0.70104,0.48768,15,30.6094
0.8,40.602,10.093,13.429,14.551,0.67056,-0.42672,15,30.509
0.9,41.945,11.548,13.497,14.508,1.6764,-1.0668,15,30.397
1,43.295,12.999,13.664,14.402,0.64008,-3.5966,15,30.296
1.1,44.661,14.439,13.728,14.042,0.06096,-4.7244,15,30.222
1.2,46.034,15.843,13.734,13.57,1.585,-1.8288,15,30.191
1.3,47.408,17.2,13.893,13.387,2.3774,1.7983,15,30.208
1.4,48.797,18.539,14.131,13.567,2.1336,4.7549,15,30.258
1.5,50.21,19.896,14.344,14.042,0.82296,3.5966,15,30.314
1.6,51.644,21.3,14.426,14.402,-0.82296,1.0058,15,30.344
1.7,53.087,22.74,14.344,14.502,-2.1031,0.64008,15,30.347
1.8,54.521,24.19,14.134,14.566,-2.4079,-0.70104,15,30.331
1.9,55.935,25.647,13.893,14.496,-0.36576,-1.8898,15,30.288
2,57.324,27.096,13.856,14.307,-2.9566,-2.2555,15,30.228
2.1,58.71,28.527,13.561,14.082,-5.1816,-0.9144,15,30.183
2.2,60.066,29.935,13.042,13.99,-1.6764,1.0668,15,30.131
2.3,61.37,31.334,12.875,14.097,7.1933,1.0363,15,30.036
2.4,62.657,32.744,13.594,14.201,4.0234,-0.88392,15,29.913
2.5,64.017,34.164,13.996,14.112,5.3645,-2.347,15,29.853
2.6,65.416,35.575,14.533,13.878,5.0292,-1.3411,15,29.841
2.7,66.87,36.963,15.036,13.743,2.1336,-1.0973,15,29.907
2.8,68.373,38.337,15.249,13.634,1.0973,-1.3106,15,30.036
2.9,69.898,39.701,15.359,13.503,1.1887,-0.42672,15,30.197
3,71.434,41.051,15.478,13.46,1.7069,0.54864,15,30.383
3.1,72.982,42.397,15.648,13.515,1.0668,1.585,15,30.585
3.2,74.547,43.749,15.755,13.673,-0.24384,0.762,15,30.798
3.3,76.122,45.116,15.731,13.75,-1.1582,-0.36576,15,31.006
3.4,77.695,46.491,15.615,13.713,-2.225,-0.03048,15,31.204
3.5,79.257,47.862,15.392,13.71,-5.1206,0.03048,15,31.395
3.6,80.796,49.233,14.88,13.713,-4.7854,-0.03048,15,31.563
3.7,82.284,50.604,14.402,13.71,-5.4864,7.11E-13,15,31.68
3.8,83.724,51.975,13.853,13.71,-5.0597,0.03048,15,31.749
3.9,85.11,53.346,13.347,13.713,-5.6693,-0.03048,15,31.764
4,86.444,54.718,12.78,13.71,-2.1641,0.48768,15,31.726
4.1,87.722,56.089,12.564,13.759,0.48768,-0.06096,15,31.633
4.2,88.979,57.465,12.613,13.753,0.4572,-3.2309,15,31.514
4.3,90.24,58.84,12.658,13.429,-0.09144,-3.9319,15,31.4
4.4,91.506,60.183,12.649,13.036,0.79248,-0.9144,15,31.323
4.5,92.771,61.486,12.728,12.945,-1.5545,3.7795,15,31.285
4.6,94.044,62.781,12.573,13.323,-3.3833,4.0234,15,31.263
4.7,95.301,64.113,12.235,13.725,-1.2497,3.871,15,31.188
4.8,96.524,65.486,12.11,14.112,1.2192,2.3165,15,31.038
4.9,97.735,66.897,12.232,14.344,3.3833,2.8042,15,30.838
5,98.959,68.331,12.57,14.624,1.5545,2.1641,15,30.628
5.1,100.22,69.794,12.725,14.841,-0.82296,1.0973,15,30.426
5.2,101.49,71.278,12.643,14.95,0.09144,-0.18288,15,30.212
5.3,102.75,72.773,12.652,14.932,0.51816,-1.1278,15,29.977
5.4,104.02,74.266,12.704,14.819,-0.18288,-1.7374,15,29.754
5.5,105.29,75.748,12.686,14.646,-1.6459,-1.585,15,29.542
5.6,106.56,77.213,12.521,14.487,-3.81,-0.85344,15,29.347
5.7,107.81,78.661,12.14,14.402,-3.81,-0.1524,15,29.149
5.8,109.02,80.101,11.759,14.387,-3.81,-0.79248,15,28.919
5.9,110.2,81.54,11.378,14.307,-1.6154,-2.225,15,28.66
6,111.34,82.971,11.217,14.085,-0.1524,-2.4994,15,28.369
6.1,112.46,84.379,11.201,13.835,0.4572,-1.4935,15,28.081
6.2,113.58,85.763,11.247,13.686,0.1524,-0.12192,15,27.817
6.3,114.7,87.131,11.262,13.673,-0.06096,0.39624,15,27.569
6.4,115.83,88.499,11.256,13.713,-0.03048,0.06096,15,27.331
6.5,116.95,89.87,11.253,13.719,0.03048,-0.03048,15,27.08
6.6,118.08,91.242,11.256,13.716,-0.03048,0.762,15,26.838
6.7,119.21,92.613,11.253,13.792,0.03048,-1.4021,15,26.597
6.8,120.33,93.993,11.256,13.652,-1.42E-12,-3.0175,15,26.337
6.9,121.46,95.358,11.256,13.35,1.42E-12,-1.524,15,26.102
7,122.58,96.693,11.256,13.198,-1.42E-12,-0.3048,15,25.887
7.1,123.71,98.013,11.256,13.167,-0.03048,0.06096,15,25.697
7.2,124.83,99.329,11.253,13.173,-0.03048,-2.3774,15,25.501
7.3,125.96,100.65,11.25,12.936,0.21336,-3.6576,15,25.31
7.4,127.08,101.94,11.272,12.57,0.39624,-1.1887,15,25.14
7.5,128.21,103.2,11.311,12.451,-0.64008,0.09144,15,25.01
7.6,129.34,104.44,11.247,12.46,-2.0726,0.39624,15,24.9
7.7,130.47,105.69,11.04,12.5,-3.2918,0.06096,15,24.78
7.8,131.57,106.94,10.711,12.506,-2.7737,-0.03048,15,24.63
7.9,132.64,108.19,10.433,12.503,-0.36576,1.42E-12,15,24.45
8,133.69,109.44,10.397,12.503,1.1278,-0.03048,15,24.25
8.1,134.72,110.69,10.51,12.5,1.4326,0.03048,15,24.03
8.2,135.78,111.94,10.653,12.503,1.0363,-4.26E-12,15,23.84
8.3,136.84,113.19,10.756,12.503,-1.2802,-0.03048,15,23.65
8.4,137.92,114.44,10.628,12.5,-2.2555,0.03048,15,23.48
8.5,138.98,115.69,10.403,12.503,-0.79248,0,15,23.29
8.6,140.02,116.94,10.324,12.503,0.762,1.42E-12,15,23.08
8.7,141.05,118.19,10.4,12.503,2.1336,-0.06096,15,22.86
8.8,142.09,119.44,10.613,12.497,0.97536,0.03048,15,22.65
8.9,143.15,120.69,10.711,12.5,-0.48768,0.36576,15,22.46
9,144.22,121.94,10.662,12.536,8.53E-12,0.21336,15,22.28
9.1,145.29,123.19,10.662,12.558,-0.03048,-0.82296,15,22.1
9.2,146.36,124.45,10.659,12.475,0.03048,-2.4689,15,21.91
9.3,147.42,125.7,10.662,12.229,0,-3.749,15,21.72
9.4,148.49,126.92,10.662,11.854,-2.84E-12,-3.3223,15,21.57
9.5,149.56,128.11,10.662,11.521,0.03048,-1.8288,15,21.45
9.6,150.62,129.26,10.665,11.339,-0.1524,-0.33528,15,21.36
9.7,151.69,130.39,10.65,11.305,-0.42672,0.36576,15,21.3
9.8,152.75,131.52,10.607,11.342,0.3048,0.18288,15,21.23
9.9,153.81,132.66,10.638,11.36,1.8288,-0.06096,15,21.15
10,154.88,133.79,10.82,11.354,4.2977,-2.84E-12,15,21.09
10.1,155.96,134.93,11.25,11.354,3.5357,0.03048,15,21.03
10.2,157.08,136.06,11.604,11.357,4.2977,0.42672,15,21.02
10.3,158.24,137.2,12.034,11.4,1.6764,-1.0363,15,21.04
10.4,159.45,138.34,12.201,11.296,-0.03048,-2.0422,15,21.11
10.5,160.67,139.47,12.198,11.092,-1.4935,-0.70104,15,21.2
10.6,161.89,140.58,12.049,11.022,-2.1031,0.82296,15,21.31
10.7,163.09,141.68,11.838,11.104,-2.1946,2.0726,15,21.41
10.8,164.28,142.79,11.619,11.311,-0.9144,1.0668,15,21.49
10.9,165.44,143.92,11.528,11.418,1.4326,-0.39624,15,21.52
11,166.59,145.06,11.671,11.378,2.5298,-0.54864,15,21.53
11.1,167.76,146.2,11.924,11.323,2.0117,-1.463,15,21.56
11.2,168.95,147.33,12.125,11.177,0.73152,-1.8898,15,21.62
11.3,170.16,148.45,12.198,10.988,2.84E-12,-1.4935,15,21.71
11.4,171.38,149.55,12.198,10.839,-0.03048,-0.51816,15,21.83
11.5,172.6,150.63,12.195,10.787,-0.03048,0.03048,15,21.97
11.6,173.82,151.71,12.192,10.79,-0.03048,0.18288,15,22.11
11.7,175.04,152.79,12.189,10.808,0.03048,0.03048,15,22.25
11.8,176.26,153.87,12.192,10.811,-0.03048,0.03048,15,22.39
11.9,177.48,154.95,12.189,10.814,0.36576,-0.03048,15,22.53
12,178.7,156.03,12.226,10.811,-0.73152,-0.03048,15,22.67
12.1,179.92,157.12,12.152,10.808,-1.2802,0.09144,15,22.8
12.2,181.14,158.2,12.024,10.817,-0.1524,0.21336,15,22.94
12.3,182.34,159.28,12.009,10.839,0.24384,-0.1524,15,23.06
12.4,183.54,160.36,12.034,10.823,-0.39624,-1.0668,15,23.18
12.5,184.74,161.44,11.994,10.717,-3.5052,-1.4935,15,23.3
12.6,185.94,162.52,11.643,10.567,-3.9014,-0.82296,15,23.42
12.7,187.11,163.57,11.253,10.485,-4.2062,0.82296,15,23.54
12.8,188.23,164.62,10.833,10.567,-1.9202,1.4935,15,23.61
12.9,189.32,165.68,10.641,10.717,-0.09144,1.0668,15,23.64
13,190.38,166.75,10.631,10.823,0.73152,0.1524,15,23.63
13.1,191.44,167.83,10.705,10.839,-0.09144,-0.21336,15,23.61
13.2,192.51,168.92,10.695,10.817,-1.9507,-0.09144,15,23.59
13.3,193.58,170,10.5,10.808,-4.1453,0.03048,15,23.58
13.4,194.63,171.08,10.086,10.811,-3.5357,0,15,23.55
13.5,195.64,172.16,9.7323,10.811,-3.7186,0.03048,15,23.48
13.6,196.61,173.24,9.3604,10.814,-2.1641,0,15,23.37
13.7,197.55,174.32,9.144,10.814,-2.1641,-0.09144,15,23.23
13.8,198.47,175.4,8.9276,10.805,-3.7186,-0.24384,15,23.07
13.9,199.36,176.48,8.5557,10.781,-3.5357,0.18288,15,22.88
14,200.21,177.56,8.2022,10.799,-4.1453,0.9144,15,22.65
14.1,201.03,178.64,7.7876,10.891,-1.8898,2.225,15,22.39
14.2,201.81,179.73,7.5987,11.113,-0.36576,1.6764,15,22.08
14.3,202.57,180.84,7.5621,11.281,0.57912,0.51816,15,21.73
14.4,203.33,181.97,7.62,11.332,0.57912,0.42672,15,21.36
14.5,204.09,183.1,7.6779,11.375,-0.39624,0.67056,15,20.99
14.6,204.86,184.24,7.6383,11.442,-1.8593,1.0668,15,20.62
14.7,205.62,185.39,7.4524,11.549,-4.1758,0.85344,15,20.23
14.8,206.37,186.54,7.0348,11.634,-3.5357,0.3048,15,19.83
14.9,207.07,187.7,6.6812,11.665,-4.1758,-0.73152,15,19.37
15,207.74,188.87,6.2636,11.592,-1.8898,-6.0046,15,18.87
15.1,208.37,190.03,6.0747,10.991,-0.36576,-5.1816,15,18.34
15.2,208.97,191.13,6.0381,10.473,0.57912,-6.6142,15,17.84
15.3,209.58,192.18,6.096,9.8115,0.57912,-6.8885,15,17.4
15.4,210.19,193.16,6.1539,9.1227,-0.36576,-6.3094,15,17.03
15.5,210.8,194.07,6.1173,8.4917,-1.8898,-5.5474,15,16.73
15.6,211.41,194.92,5.9284,7.937,-4.1758,-4.7244,15,16.49
15.7,212.01,195.71,5.5108,7.4646,-3.5357,-4.0843,15,16.3
15.8,212.56,196.46,5.1572,7.0561,-4.1758,-3.7186,15,16.1
15.9,213.07,197.16,4.7396,6.6843,-1.8898,-3.7186,15,15.91
16,213.55,197.83,4.5507,6.3124,-0.3048,-2.1641,15,15.72
16.1,214,198.46,4.5202,6.096,0.36576,-2.1641,15,15.54
16.2,214.45,199.07,4.5568,5.8796,0.21336,-3.7186,15,15.38
16.3,214.91,199.66,4.5781,5.5077,-0.06096,-3.5662,15,15.25
16.4,215.37,200.21,4.572,5.1511,0,-4.1148,15,15.16
16.5,215.82,200.73,4.572,4.7396,0,-1.8898,15,15.09
16.6,216.28,201.2,4.572,4.5507,0,-0.3048,15,15.08
16.7,216.74,201.66,4.572,4.5202,0,0.39624,15,15.08
16.8,217.2,202.11,4.572,4.5598,0,0.18288,15,15.09
16.9,217.65,202.56,4.572,4.5781,0,-0.09144,15,15.09
17,218.11,203.02,4.572,4.569,0,0.03048,15,15.09
17.1,218.57,203.48,4.572,4.572,-0.03048,0.03048,15,15.09
17.2,219.03,203.94,4.569,4.575,0.03048,-0.06096,15,15.09
17.3,219.48,204.39,4.572,4.569,0,0.06096,15,15.09
17.4,219.94,204.85,4.572,4.575,0.03048,-0.03048,15,15.09
17.5,220.4,205.31,4.575,4.572,-0.03048,-0.03048,15,15.09
17.6,220.85,205.77,4.572,4.569,0,0.03048,15,15.08
17.7,221.31,206.22,4.572,4.572,0,0,15,15.09
17.8,221.77,206.68,4.572,4.572,0.03048,0,15,15.09
17.9,222.23,207.14,4.575,4.572,-0.1524,0,15,15.09
18,222.68,207.59,4.5598,4.572,-0.3048,0,15,15.09
18.1,223.14,208.05,4.5293,4.572,0.36576,0,15,15.09
18.2,223.59,208.51,4.5659,4.572,1.3106,0,15,15.08
18.3,224.05,208.97,4.697,4.572,2.3774,0,15,15.08
18.4,224.52,209.42,4.9347,4.572,2.8956,0,15,15.1
18.5,225.01,209.88,5.2243,4.572,2.4994,-0.03048,15,15.13
18.6,225.53,210.34,5.4742,4.569,1.4935,0.06096,15,15.19
18.7,226.08,210.79,5.6236,4.575,-0.1524,-0.03048,15,15.29
18.8,226.64,211.25,5.6083,4.572,-1.0363,0,15,15.39
18.9,227.2,211.71,5.5047,4.572,-0.88392,0,15,15.49
19,227.76,212.17,5.4163,4.572,-0.9144,0,15,15.59
19.1,228.3,212.62,5.3249,4.572,-1.3411,0,15,15.68
19.2,228.83,213.08,5.1907,4.572,-2.347,0,15,15.75
19.3,229.35,213.54,4.956,4.572,-2.4994,0,15,15.81
19.4,229.84,213.99,4.7061,4.572,-1.463,0,15,15.85
19.5,230.31,214.45,4.5598,4.572,-0.51816,0,15,15.86
19.6,230.77,214.91,4.508,4.572,0.24384,0,15,15.86
19.7,231.22,215.37,4.5324,4.572,0.88392,0,15,15.85
19.8,231.67,215.82,4.6208,4.572,1.6154,0,15,15.85
19.9,232.14,216.28,4.7823,4.572,2.2555,0,15,15.86
20,232.61,216.74,5.0079,4.572,1.6764,0,15,15.87
20.1,233.12,217.2,5.1755,4.572,0.70104,-0.03048,15,15.92
20.2,233.63,217.65,5.2456,4.569,2.84E-12,0.03048,15,15.98
20.3,234.16,218.11,5.2456,4.572,-0.12192,0.03048,15,16.05
20.4,234.68,218.57,5.2334,4.575,-0.12192,-0.03048,15,16.11
20.5,235.21,219.02,5.2212,4.572,-0.33528,-0.03048,15,16.19
20.6,235.73,219.48,5.1877,4.569,-0.57912,0.03048,15,16.25
20.7,236.25,219.94,5.1298,4.572,-0.27432,0,15,16.31
20.8,236.76,220.4,5.1024,4.572,0.3048,0,15,16.36
20.9,237.27,220.85,5.1328,4.572,0.51816,0,15,16.42
21,237.78,221.31,5.1846,4.572,0.36576,0,15,16.47
21.1,238.3,221.77,5.2212,4.572,0.12192,0,15,16.53
21.2,238.82,222.22,5.2334,4.572,0.12192,0,15,16.6
21.3,239.35,222.68,5.2456,4.572,0.03048,0,15,16.67
21.4,239.87,223.14,5.2487,4.572,-0.70104,0,15,16.73
21.5,240.4,223.6,5.1786,4.572,-1.7069,-0.03048,15,16.8
21.6,240.91,224.05,5.0079,4.569,-2.2555,0.03048,15,16.86
21.7,241.42,224.51,4.7823,4.572,-1.6764,0.03048,15,16.91
21.8,241.89,224.97,4.6147,4.575,-0.73152,-0.06096,15,16.92
21.9,242.35,225.42,4.5415,4.569,0.03048,0.06096,15,16.93
22,242.81,225.88,4.5446,4.575,0.27432,-0.03048,15,16.93
22.1,243.26,226.34,4.572,4.572,-0.06096,-0.06096,15,16.92
22.2,243.72,226.8,4.5659,4.5659,-0.27432,0.09144,15,16.92
22.3,244.18,227.25,4.5385,4.575,0.27432,0.1524,15,16.93
22.4,244.63,227.71,4.5659,4.5903,1.0973,0.06096,15,16.92
22.5,245.09,228.17,4.6756,4.5964,1.5545,-0.06096,15,16.92
22.6,245.56,228.63,4.8311,4.5903,0.54864,-0.1524,15,16.93
22.7,246.04,229.09,4.8859,4.575,-1.0058,-0.21336,15,16.95
22.8,246.53,229.55,4.7854,4.5537,-1.6154,-2.84E-12,15,16.98
22.9,247.01,230,4.6238,4.5537,-0.82296,0.36576,15,17.01
23,247.47,230.46,4.5415,4.5903,-2.84E-12,1.0363,15,17.01
23.1,247.92,230.92,4.5415,4.6939,0.27432,1.3106,15,17
23.2,248.38,231.38,4.569,4.825,0.09144,1.0058,15,17
23.3,248.83,231.87,4.5781,4.9256,-0.06096,0.36576,15,16.96
23.4,249.29,232.36,4.572,4.9621,0,0,15,16.93
23.5,249.75,232.86,4.572,4.9621,0,-0.09144,15,16.89
23.6,250.21,233.35,4.572,4.953,0.06096,-0.03048,15,16.86
23.7,250.66,233.85,4.5781,4.95,-0.21336,-0.3048,15,16.81
23.8,251.12,234.34,4.5568,4.9195,-0.36576,-0.4572,15,16.78
23.9,251.58,234.83,4.5202,4.8738,0.3048,-0.21336,15,16.75
24,252.03,235.32,4.5507,4.8524,1.8898,0.24384,15,16.71
24.1,252.48,235.81,4.7396,4.8768,4.1453,0.42672,15,16.67
24.2,252.96,236.29,5.1542,4.9195,3.5966,0.27432,15,16.67
24.3,253.47,236.79,5.5138,4.9469,4.1453,0.09144,15,16.68
24.4,254.02,237.28,5.9284,4.956,1.8898,0.06096,15,16.74
24.5,254.62,237.78,6.1173,4.9621,0.3048,0,15,16.84
24.6,255.23,238.27,6.1478,4.9621,-0.39624,-0.36576,15,16.96
24.7,255.84,238.77,6.1082,4.9256,-0.1524,-1.0058,15,17.07
24.8,256.45,239.26,6.093,4.825,0.03048,-1.3106,15,17.19
24.9,257.06,239.74,6.096,4.6939,0,-1.0973,15,17.32
25,257.67,240.21,6.096,4.5842,0,-0.64008,15,17.46
25.1,258.28,240.67,6.096,4.5202,0,0.3048,15,17.61
25.2,258.89,241.12,6.096,4.5507,0,1.3411,15,17.77
25.3,259.5,241.58,6.096,4.6848,-0.03048,1.4326,15,17.92
25.4,260.11,242.05,6.093,4.828,0.03048,0.24384,15,18.06
25.5,260.72,242.53,6.096,4.8524,0.06096,-0.9144,15,18.19
25.6,261.33,243.02,6.1021,4.761,-0.18288,-0.18288,15,18.31
25.7,261.94,243.49,6.0838,4.7427,-0.39624,1.8288,15,18.45
25.8,262.55,243.97,6.0442,4.9256,0.3048,2.5298,15,18.58
25.9,263.15,244.46,6.0747,5.1786,1.8898,1.4021,15,18.69
26,263.76,244.98,6.2636,5.3188,4.0234,0.57912,15,18.78
26.1,264.39,245.51,6.666,5.3767,3.81,0.97536,15,18.88
26.2,265.05,246.05,7.047,5.4742,3.048,2.347,15,19
26.3,265.76,246.59,7.3518,5.7089,1.524,2.5603,15,19.17
26.4,266.49,247.16,7.5042,5.9649,0.64008,1.4021,15,19.33
26.5,267.24,247.76,7.5682,6.1051,0.4572,0.3048,15,19.48
26.6,268,248.37,7.6139,6.1356,0.18288,-0.24384,15,19.63
26.7,268.76,248.99,7.6322,6.1112,-0.12192,-0.21336,15,19.77
26.8,269.53,249.6,7.62,6.0899,0.06096,0.06096,15,19.93
26.9,270.29,250.21,7.6261,6.096,-0.21336,0,15,20.08
27,271.05,250.81,7.6048,6.096,-0.27432,-0.03048,15,20.24
27.1,271.81,251.42,7.5773,6.093,0.36576,0.09144,15,20.39
27.2,272.57,252.03,7.6139,6.1021,1.2802,-0.18288,15,20.54
27.3,273.33,252.64,7.7419,6.0838,2.347,-0.36576,15,20.69
27.4,274.1,253.25,7.9766,6.0472,2.7432,0.27432,15,20.85
27.5,274.9,253.86,8.2509,6.0747,2.6213,1.8593,15,21.04
27.6,275.73,254.46,8.5131,6.2606,2.7432,4.1758,15,21.27
27.7,276.58,255.09,8.7874,6.6782,2.3165,3.5966,15,21.49
27.8,277.46,255.76,9.019,7.0378,1.3411,4.1453,15,21.7
27.9,278.36,256.46,9.1531,7.4524,0.3048,1.8898,15,21.9
28,279.27,257.21,9.1836,7.6413,-0.24384,0.3048,15,22.06
28.1,280.19,257.97,9.1592,7.6718,-0.21336,-0.39624,15,22.22
28.2,281.11,258.74,9.1379,7.6322,0.03048,-0.1524,15,22.37
28.3,282.02,259.5,9.141,7.617,-0.12192,0.03048,15,22.52
28.4,282.94,260.26,9.1288,7.62,0.06096,0,15,22.68
28.5,283.85,261.03,9.1349,7.62,0.42672,0,15,22.82
28.6,284.76,261.79,9.1775,7.62,0.9144,0,15,22.97
28.7,285.68,262.55,9.269,7.62,1.1887,0,15,23.13
28.8,286.61,263.31,9.3878,7.62,0.88392,0,15,23.3
28.9,287.55,264.07,9.4762,7.62,0.48768,0.24384,15,23.48
29,288.49,264.84,9.525,7.6444,-0.03048,-0.54864,15,23.65
29.1,289.45,265.6,9.522,7.5895,-0.54864,-1.2192,15,23.85
29.2,290.4,266.36,9.4671,7.4676,0.09144,0.03048,15,24.04
29.3,291.34,267.11,9.4762,7.4706,1.4326,2.6213,15,24.23
29.4,292.29,267.85,9.6195,7.7328,3.0175,4.4196,15,24.44
29.5,293.25,268.63,9.9212,8.1747,3.7795,3.7186,15,24.62
29.6,294.25,269.44,10.299,8.5466,2.8346,4.3282,15,24.81
29.7,295.28,270.3,10.583,8.9794,1.2192,1.8288,15,24.98
29.8,296.33,271.2,10.705,9.1623,0.06096,0.3048,15,25.13
29.9,297.4,272.11,10.711,9.1928,-0.36576,-0.36576,15,25.29
30,298.48,273.03,10.674,9.1562,-0.09144,-0.12192,15,25.45
30.1,299.54,273.95,10.665,9.144,0.03048,-0.12192,15,25.59
30.2,300.61,274.86,10.668,9.1318,0,-0.39624,15,25.75
30.3,301.68,275.77,10.668,9.0922,0,0.3048,15,25.91
30.4,302.74,276.68,10.668,9.1227,0.03048,1.8898,15,26.06
30.5,303.81,277.6,10.671,9.3116,-0.06096,4.1453,15,26.21
30.6,304.88,278.53,10.665,9.7262,0.03048,3.5662,15,26.35
30.7,305.94,279.5,10.668,10.083,0,4.2062,15,26.44
30.8,307.01,280.51,10.668,10.503,0,2.0726,15,26.5
30.9,308.08,281.56,10.668,10.711,0,0.42672,15,26.52
31,309.14,282.63,10.668,10.753,0,-1.0973,15,26.51
31.1,310.21,283.71,10.668,10.644,0,-1.9812,15,26.5
31.2,311.28,284.77,10.668,10.445,0,-2.3165,15,26.51
31.3,312.34,285.81,10.668,10.214,0,-1.7678,15,26.53
31.4,313.41,286.84,10.668,10.037,0,-0.70104,15,26.57
31.5,314.48,287.84,10.668,9.967,0,-0.18288,15,26.64
31.6,315.55,288.84,10.668,9.9487,0,0.1524,15,26.71
31.7,316.61,289.83,10.668,9.9639,0,0.70104,15,26.78
31.8,317.68,290.83,10.668,10.034,0,1.8288,15,26.85
31.9,318.75,291.83,10.668,10.217,0,2.5298,15,26.92
32,319.81,292.85,10.668,10.47,0,1.7983,15,26.96
32.1,320.88,293.9,10.668,10.65,0,0.82296,15,26.98
32.2,321.95,294.96,10.668,10.732,0,0.12192,15,26.99
32.3,323.01,296.04,10.668,10.744,0,-0.54864,15,26.97
32.4,324.08,297.11,10.668,10.689,0,-1.8898,15,26.97
32.5,325.15,298.18,10.668,10.5,0,-4.1758,15,26.97
32.6,326.21,299.23,10.668,10.083,0,-3.5357,15,26.98
32.7,327.28,300.24,10.668,9.7292,0,-4.1758,15,27.04
32.8,328.35,301.21,10.668,9.3116,0,-1.8898,15,27.14
32.9,329.41,302.14,10.668,9.1227,0,-0.27432,15,27.27
33,330.48,303.06,10.668,9.0952,0,0.33528,15,27.42
33.1,331.55,303.96,10.668,9.1288,0,0.21336,15,27.59
33.2,332.61,304.88,10.668,9.1501,0,-0.06096,15,27.73
33.3,333.68,305.79,10.668,9.144,0,0.06096,15,27.89
33.4,334.75,306.71,10.668,9.1501,0,-0.21336,15,28.04
33.5,335.81,307.62,10.668,9.1288,0,-0.36576,15,28.19
33.6,336.88,308.54,10.668,9.0922,0,0.3048,15,28.34
33.7,337.95,309.44,10.668,9.1227,0,1.8898,15,28.51
33.8,339.01,310.36,10.668,9.3116,0,4.1758,15,28.65
33.9,340.08,311.29,10.668,9.7292,-0.09144,3.5357,15,28.79
34,341.15,312.26,10.659,10.083,0.18288,4.1758,15,28.89
34.1,342.21,313.27,10.677,10.5,0.42672,1.8898,15,28.94
34.2,343.28,314.32,10.72,10.689,0.1524,0.3048,15,28.96
34.3,344.35,315.39,10.735,10.72,-0.1524,-0.39624,15,28.96
34.4,345.43,316.46,10.72,10.68,-0.42672,-0.18288,15,28.97
34.5,346.5,317.53,10.677,10.662,-0.18288,0.06096,15,28.97
34.6,347.57,318.59,10.659,10.668,0.06096,0,15,28.98
34.7,348.63,319.66,10.665,10.668,0.09144,0,15,28.97
34.8,349.7,320.73,10.674,10.668,-0.18288,0,15,28.97
34.9,350.77,321.79,10.656,10.668,-0.3048,0,15,28.98
35,351.83,322.86,10.625,10.668,0.36576,0,15,28.97
35.1,352.9,323.93,10.662,10.668,1.2802,0,15,28.97
35.2,353.96,324.99,10.79,10.668,2.4079,0,15,28.97
35.3,355.04,326.06,11.031,10.668,2.987,0,15,28.98
35.4,356.14,327.13,11.329,10.668,2.3165,0,15,29.01
35.5,357.28,328.2,11.561,10.668,1.1582,0,15,29.08
35.6,358.43,329.26,11.677,10.668,0.06096,0,15,29.17
35.7,359.6,330.33,11.683,10.668,0.09144,0,15,29.27
35.8,360.77,331.4,11.692,10.668,1.2497,0,15,29.37
35.9,361.94,332.46,11.817,10.668,2.1031,0,15,29.48
36,363.12,333.53,12.027,10.668,2.0117,0.06096,15,29.59
36.1,364.32,334.6,12.229,10.674,1.7374,-0.18288,15,29.72
36.2,365.54,335.66,12.402,10.656,1.4935,-0.39624,15,29.88
36.3,366.79,336.73,12.552,10.616,1.1278,0.33528,15,30.06
36.4,368.04,337.79,12.664,10.65,0.67056,1.7983,15,30.25
36.5,369.31,338.86,12.731,10.83,0.18288,4.4501,15,30.45
36.6,370.58,339.94,12.75,11.275,-0.18288,3.7186,15,30.64
36.7,371.85,341.07,12.731,11.646,-0.64008,4.4806,15,30.78
36.8,373.13,342.23,12.667,12.094,-1.3106,0.1524,15,30.9
36.9,374.39,343.44,12.536,12.11,-1.7069,-4.3586,15,30.95
37,375.65,344.65,12.366,11.674,-1.3106,-3.749,15,31
37.1,376.88,345.82,12.235,11.299,-0.6096,-4.6634,15,31.06
37.2,378.11,346.95,12.174,10.833,-0.03048,-1.9812,15,31.16
37.3,379.33,348.03,12.171,10.634,0.18288,-0.70104,15,31.3
37.4,380.54,349.1,12.189,10.564,0.06096,0.70104,15,31.44
37.5,381.76,350.15,12.195,10.634,-0.03048,2.0422,15,31.61
37.6,382.98,351.21,12.192,10.839,0.12192,4.1453,15,31.77
37.7,384.2,352.3,12.204,11.253,-0.21336,3.5662,15,31.9
37.8,385.42,353.42,12.183,11.61,-0.51816,4.1453,15,32
37.9,386.64,354.59,12.131,12.024,-0.21336,1.8898,15,32.05
38,387.85,355.79,12.11,12.213,0.36576,0.27432,15,32.06
38.1,389.06,357.01,12.146,12.241,0.85344,-0.33528,15,32.05
38.2,390.28,358.23,12.232,12.207,-0.09144,-0.1524,15,32.05
38.3,391.5,359.45,12.222,12.192,-1.9507,-0.1524,15,32.05
38.4,392.72,360.67,12.027,12.177,-4.2062,-0.39624,15,32.05
38.5,393.93,361.89,11.607,12.137,-3.5662,0.4572,15,32.04
38.6,395.09,363.1,11.25,12.183,-4.1453,2.0422,15,31.99
38.7,396.21,364.32,10.836,12.387,-1.8898,4.3586,15,31.89
38.8,397.3,365.56,10.647,12.823,-0.33528,3.4442,15,31.74
38.9,398.36,366.84,10.613,13.167,0.54864,4.3891,15,31.52
39,399.42,368.16,10.668,13.606,0.54864,2.0422,15,31.26
39.1,400.49,369.52,10.723,13.81,-0.33528,0.42672,15,30.97
39.2,401.56,370.9,10.689,13.853,-1.8898,-0.33528,15,30.66
39.3,402.63,372.29,10.5,13.82,-4.1453,-0.27432,15,30.34
39.4,403.68,373.67,10.086,13.792,-3.5662,-0.18288,15,30.01
39.5,404.69,375.05,9.7292,13.774,-4.2367,-0.36576,15,29.64
39.6,405.66,376.43,9.3055,13.737,-1.7069,-0.06096,15,29.23
39.7,406.59,377.8,9.1349,13.731,0.09144,0.33528,15,28.79
39.8,407.5,379.17,9.144,13.765,0.06096,-0.33528,15,28.33
0.1,19.168,0,12.192,13.277,1.4935,-0.4572,16,19.168
0.2,20.387,1.3277,12.341,13.231,2.0422,-0.3048,16,19.0593
0.3,21.621,2.6508,12.546,13.201,1.5545,0.09144,16,18.9702
0.4,22.876,3.9709,12.701,13.21,0.51816,0.3048,16,18.9051
0.5,24.146,5.2919,12.753,13.241,0.03048,-0.64008,16,18.8541
0.6,25.421,6.616,12.756,13.177,-0.54864,-1.3716,16,18.805
0.7,26.697,7.9336,12.701,13.039,-1.524,-0.48768,16,18.7634
0.8,27.967,9.2376,12.549,12.991,-2.0726,0.48768,16,18.7294
0.9,29.221,10.537,12.341,13.039,-1.4935,1.3716,16,18.684
1,30.456,11.841,12.192,13.177,-0.4572,0.67056,16,18.615
1.1,31.675,13.158,12.146,13.244,0.33528,-0.36576,16,18.517
1.2,32.889,14.483,12.18,13.207,0.1524,0.03048,16,18.406
1.3,34.107,15.803,12.195,13.21,-0.03048,-0.06096,16,18.304
1.4,35.327,17.124,12.192,13.204,0,-0.09144,16,18.203
1.5,36.546,18.445,12.192,13.195,0,0.48768,16,18.101
1.6,37.765,19.764,12.192,13.244,0,0.64008,16,18.001
1.7,38.985,21.089,12.192,13.308,0,-0.4572,16,17.896
1.8,40.204,22.419,12.192,13.262,0,-2.3165,16,17.785
1.9,41.423,23.745,12.192,13.03,-0.03048,-3.81,16,17.678
2,42.642,25.048,12.189,12.649,0.03048,-3.2614,16,17.594
2.1,43.861,26.313,12.192,12.323,0,-1.585,16,17.548
2.2,45.08,27.546,12.192,12.165,0,-0.21336,16,17.534
2.3,46.299,28.762,12.192,12.143,-7.11E-13,0.39624,16,17.537
2.4,47.519,29.976,12.192,12.183,7.11E-13,-0.06096,16,17.543
2.5,48.738,31.195,12.192,12.177,0.03048,-0.39624,16,17.543
2.6,49.957,32.412,12.195,12.137,-0.1524,0.42672,16,17.545
2.7,51.177,33.626,12.18,12.18,-0.24384,2.1031,16,17.551
2.8,52.395,34.844,12.155,12.39,0.39624,4.3891,16,17.551
2.9,53.61,36.083,12.195,12.829,1.9507,3.5357,16,17.527
3,54.83,37.366,12.39,13.183,4.0234,4.0234,16,17.464
3.1,56.069,38.684,12.792,13.585,3.7186,1.6764,16,17.385
3.2,57.348,40.043,13.164,13.753,3.7795,0.1524,16,17.305
3.3,58.664,41.418,13.542,13.768,1.4326,-0.42672,16,17.246
3.4,60.018,42.795,13.686,13.725,-0.09144,-0.1524,16,17.223
3.5,61.387,44.167,13.676,13.71,-0.21336,0.06096,16,17.22
3.6,62.755,45.538,13.655,13.716,1.0973,0,16,17.217
3.7,64.12,46.91,13.765,13.716,1.3411,-7.11E-13,16,17.21
3.8,65.497,48.282,13.899,13.716,-0.57912,-0.03048,16,17.215
3.9,66.887,49.653,13.841,13.713,-3.2918,0.06096,16,17.234
4,68.271,51.024,13.512,13.719,-4.4806,0.03048,16,17.247
4.1,69.622,52.396,13.064,13.722,-3.1699,0.03048,16,17.226
4.2,70.928,53.769,12.747,13.725,0.3048,0.21336,16,17.159
4.3,72.203,55.141,12.777,13.746,2.4689,0.64008,16,17.062
4.4,73.481,56.516,13.024,13.81,3.3528,0.79248,16,16.965
4.5,74.783,57.897,13.359,13.89,2.4689,0.33528,16,16.886
4.6,76.119,59.286,13.606,13.923,1.1278,-0.21336,16,16.833
4.7,77.48,60.678,13.719,13.902,0.39624,-0.21336,16,16.802
4.8,78.851,62.068,13.759,13.881,-0.3048,0.21336,16,16.783
4.9,80.227,63.456,13.728,13.902,-0.18288,0.24384,16,16.771
5,81.6,64.847,13.71,13.926,0.06096,-0.27432,16,16.753
5.1,82.971,66.239,13.716,13.899,0.06096,-0.73152,16,16.732
5.2,84.343,67.629,13.722,13.826,-0.21336,-1.3716,16,16.714
5.3,85.715,69.012,13.701,13.689,-0.33528,-2.6213,16,16.703
5.4,87.085,70.38,13.667,13.426,0.4572,-4.2672,16,16.705
5.5,88.452,71.723,13.713,13,1.524,-3.9319,16,16.729
5.6,89.823,73.023,13.865,12.607,3.109,-3.7795,16,16.8
5.7,91.21,74.284,14.176,12.229,3.9624,0.18288,16,16.926
5.8,92.627,75.507,14.572,12.247,3.9624,2.6213,16,17.12
5.9,94.084,76.731,14.969,12.509,2.7432,3.2614,16,17.353
6,95.581,77.982,15.243,12.835,0.64008,2.5908,16,17.599
6.1,97.106,79.266,15.307,13.094,-0.51816,2.6213,16,17.84
6.2,98.636,80.575,15.255,13.356,-0.21336,2.3774,16,18.061
6.3,100.16,81.911,15.234,13.594,0.06096,1.2802,16,18.249
6.4,101.69,83.27,15.24,13.722,-0.03048,0.33528,16,18.42
6.5,103.21,84.642,15.237,13.756,0.03048,-0.24384,16,18.568
6.6,104.73,86.018,15.24,13.731,0.36576,-0.21336,16,18.712
6.7,106.26,87.391,15.277,13.71,0.06096,0.24384,16,18.869
6.8,107.78,88.762,15.283,13.734,-1.0058,-0.36576,16,19.018
6.9,109.31,90.135,15.182,13.698,-2.4384,-0.762,16,19.175
7,110.83,91.505,14.938,13.622,-3.3833,-0.3048,16,19.325
7.1,112.32,92.867,14.6,13.591,-2.8042,0.27432,16,19.453
7.2,113.78,94.226,14.32,13.618,-1.1278,0.85344,16,19.554
7.3,115.22,95.588,14.207,13.704,1.0973,0.18288,16,19.632
7.4,116.64,96.959,14.316,13.722,2.987,-0.57912,16,19.681
7.5,118.07,98.331,14.615,13.664,3.4747,0.3048,16,19.739
7.6,119.53,99.697,14.963,13.695,2.4384,1.8593,16,19.833
7.7,121.03,101.07,15.206,13.881,0.762,4.1758,16,19.96
7.8,122.55,102.45,15.283,14.298,-7.11E-12,3.5662,16,20.1
7.9,124.08,103.88,15.283,14.655,0.03048,4.2062,16,20.2
8,125.6,105.35,15.286,15.075,-0.4572,2.0726,16,20.25
8.1,127.13,106.86,15.24,15.283,-1.6154,0.39624,16,20.27
8.2,128.66,108.39,15.078,15.322,-2.4079,-1.0363,16,20.27
8.3,130.16,109.92,14.838,15.219,-0.97536,-1.8288,16,20.24
8.4,131.65,111.44,14.74,15.036,1.524,-2.4689,16,20.21
8.5,133.12,112.94,14.893,14.789,2.0422,-2.2555,16,20.18
8.6,134.61,114.42,15.097,14.563,-0.1524,0.12192,16,20.19
8.7,136.12,115.88,15.082,14.576,-3.6881,3.749,16,20.24
8.8,137.63,117.34,14.713,14.95,-4.5415,3.9014,16,20.29
8.9,139.1,118.83,14.259,15.341,-2.7127,5.0292,16,20.27
9,140.53,120.37,13.987,15.844,0.85344,1.6764,16,20.16
9.1,141.93,121.95,14.073,16.011,2.6822,-2.0422,16,19.98
9.2,143.33,123.55,14.341,15.807,1.524,-3.4747,16,19.78
9.3,144.77,125.13,14.493,15.459,-1.0363,-2.3774,16,19.64
9.4,146.22,126.68,14.39,15.222,-2.7737,-0.33528,16,19.54
9.5,147.65,128.2,14.112,15.188,-2.7127,0.36576,16,19.45
9.6,149.07,129.72,13.841,15.225,-1.3411,0.21336,16,19.35
9.7,150.45,131.24,13.707,15.246,-0.3048,-0.09144,16,19.21
9.8,151.82,132.77,13.676,15.237,0.24384,0.1524,16,19.05
9.9,153.19,134.29,13.701,15.252,0.21336,0.39624,16,18.9
10,154.56,135.81,13.722,15.292,-0.06096,-0.3048,16,18.75
10.1,155.93,137.34,13.716,15.261,0,-1.8898,16,18.59
10.2,157.3,138.87,13.716,15.072,0,-4.1453,16,18.43
10.3,158.67,140.38,13.716,14.658,-0.06096,-3.5966,16,18.29
10.4,160.05,141.84,13.71,14.298,0.21336,-4.1453,16,18.21
10.5,161.42,143.27,13.731,13.884,0.24384,-1.8898,16,18.15
10.6,162.79,144.66,13.756,13.695,-0.3048,-0.3048,16,18.13
10.7,164.17,146.03,13.725,13.664,-1.4935,0.39624,16,18.14
10.8,165.54,147.4,13.576,13.704,-2.3774,0.18288,16,18.14
10.9,166.9,148.77,13.338,13.722,-1.9507,-0.09144,16,18.13
11,168.23,150.14,13.143,13.713,-0.94488,0.06096,16,18.09
11.1,169.54,151.51,13.048,13.719,-0.82296,-0.09144,16,18.03
11.2,170.85,152.88,12.966,13.71,-1.463,0.18288,16,17.97
11.3,172.14,154.25,12.82,13.728,-2.4994,0.36576,16,17.89
11.4,173.43,155.63,12.57,13.765,-2.4689,-0.27432,16,17.8
11.5,174.68,157,12.323,13.737,-1.4021,-1.8593,16,17.68
11.6,175.92,158.38,12.183,13.551,-0.3048,-4.2062,16,17.54
11.7,177.13,159.73,12.152,13.131,0.24384,-3.5357,16,17.4
11.8,178.35,161.05,12.177,12.777,0.21336,-4.1758,16,17.3
11.9,179.57,162.32,12.198,12.36,-0.12192,-1.8898,16,17.25
12,180.79,163.56,12.186,12.171,0.21336,-0.3048,16,17.23
12.1,182.01,164.78,12.207,12.14,0.24384,0.27432,16,17.23
12.2,183.23,165.99,12.232,12.168,-0.33528,0.39624,16,17.24
12.3,184.45,167.21,12.198,12.207,-1.3106,0.33528,16,17.24
12.4,185.67,168.43,12.067,12.241,-2.3165,0.12192,16,17.24
12.5,186.88,169.65,11.835,12.253,-2.6822,-0.12192,16,17.23
12.6,188.06,170.88,11.567,12.241,-2.8651,-0.39624,16,17.18
12.7,189.22,172.1,11.281,12.201,-2.8042,-0.18288,16,17.12
12.8,190.34,173.32,11,12.183,-1.463,0.09144,16,17.02
12.9,191.44,174.54,10.854,12.192,0.51816,0,16,16.9
13,192.53,175.76,10.906,12.192,2.1031,0,16,16.77
13.1,193.62,176.98,11.116,12.192,2.1031,0,16,16.64
13.2,194.73,178.2,11.326,12.192,1.0363,0,16,16.53
13.3,195.86,179.42,11.43,12.192,0.3048,-0.06096,16,16.44
13.4,197.01,180.64,11.46,12.186,-0.36576,0.21336,16,16.37
13.5,198.15,181.85,11.424,12.207,-0.9144,0.27432,16,16.3
13.6,199.3,183.07,11.332,12.235,-1.7983,-0.42672,16,16.23
13.7,200.43,184.3,11.153,12.192,-2.3165,-1.5545,16,16.13
13.8,201.54,185.52,10.921,12.037,-1.7983,-1.8593,16,16.02
13.9,202.64,186.72,10.741,11.851,-0.94488,-1.2497,16,15.92
14,203.71,187.91,10.647,11.726,0.06096,-0.64008,16,15.8
14.1,204.78,189.08,10.653,11.662,0.6096,-1.585,16,15.7
14.2,205.84,190.24,10.714,11.503,-0.21336,-2.8956,16,15.6
14.3,206.91,191.39,10.692,11.214,-1.8898,-2.1946,16,15.52
14.4,207.98,192.52,10.503,10.994,-4.2062,-0.18288,16,15.46
14.5,209.03,193.62,10.083,10.976,-3.5357,1.1887,16,15.41
14.6,210.04,194.71,9.7292,11.095,-4.2062,1.0973,16,15.33
14.7,211.01,195.82,9.3086,11.204,-1.7678,0.24384,16,15.19
14.8,211.94,196.94,9.1318,11.229,-0.48768,-0.12192,16,15
14.9,212.86,198.07,9.083,11.217,-0.09144,-0.51816,16,14.79
15,213.77,199.19,9.0739,11.165,0.21336,-1.7069,16,14.58
15.1,214.67,200.3,9.0952,10.994,0.4572,-4.1453,16,14.37
15.2,215.58,201.4,9.141,10.58,0.1524,-4.0234,16,14.18
15.3,216.5,202.46,9.1562,10.177,-1.7069,-3.7795,16,14.04
15.4,217.41,203.48,8.9855,9.7993,-4.2367,-4.7854,16,13.93
15.5,218.31,204.46,8.5618,9.3208,-3.5966,-2.0117,16,13.85
15.6,219.17,205.39,8.2022,9.1196,-4.1453,-0.27432,16,13.78
15.7,219.99,206.3,7.7876,9.0922,-1.8898,0.39624,16,13.69
15.8,220.77,207.21,7.5987,9.1318,-0.3048,0.1524,16,13.56
15.9,221.53,208.13,7.5682,9.147,0.39624,-0.09144,16,13.4
16,222.28,209.04,7.6078,9.1379,0.1524,0.21336,16,13.24
16.1,223.04,209.95,7.623,9.1592,-0.06096,0.36576,16,13.09
16.2,223.81,210.87,7.617,9.1958,0.1524,-0.21336,16,12.94
16.3,224.57,211.79,7.6322,9.1745,0.39624,-2.2555,16,12.78
16.4,225.33,212.71,7.6718,8.9489,-0.3048,-4.4501,16,12.62
16.5,226.1,213.6,7.6413,8.5039,-1.8898,-3.5662,16,12.5
16.6,226.86,214.45,7.4524,8.1473,-4.1758,-4.2062,16,12.41
16.7,227.61,215.27,7.0348,7.7267,-3.5662,-1.2497,16,12.34
16.8,228.31,216.04,6.6782,7.6017,-4.2062,0.3048,16,12.27
16.9,228.98,216.8,6.2575,7.6322,-1.6764,-0.03048,16,12.18
17,229.6,217.56,6.0899,7.6291,0.06096,-1.7069,16,12.04
17.1,230.21,218.33,6.096,7.4585,0.09144,-4.2367,16,11.88
17.2,230.82,219.07,6.1051,7.0348,-1.7069,-3.5357,16,11.75
17.3,231.43,219.78,5.9345,6.6812,-4.2367,-4.2367,16,11.65
17.4,232.03,220.44,5.5108,6.2575,-3.5357,-1.6764,16,11.59
17.5,232.58,221.07,5.1572,6.0899,-4.2367,0.06096,16,11.51
17.6,233.09,221.68,4.7335,6.096,-1.6764,0.06096,16,11.41
17.7,233.57,222.29,4.5659,6.1021,0.06096,-1.6764,16,11.28
17.8,234.02,222.9,4.572,5.9345,0.06096,-4.2367,16,11.12
17.9,234.48,223.49,4.5781,5.5108,-1.6764,-3.5357,16,10.99
18,234.94,224.04,4.4105,5.1572,-4.2367,-4.1758,16,10.9
18.1,235.38,224.56,3.9868,4.7396,-3.5357,-1.9507,16,10.82
18.2,235.78,225.03,3.6332,4.5446,-4.1758,-0.12192,16,10.75
18.3,236.14,225.49,3.2156,4.5324,-1.8898,0.79248,16,10.65
18.4,236.46,225.94,3.0267,4.6116,-0.3048,-0.12192,16,10.52
18.5,236.77,226.4,2.9962,4.5994,0.39624,-1.9507,16,10.37
18.6,237.07,226.86,3.0358,4.4044,0.18288,-4.1758,16,10.21
18.7,237.37,227.3,3.0541,3.9868,-0.06096,-3.5662,16,10.07
18.8,237.67,227.7,3.048,3.6302,0,-4.1453,16,9.97
18.9,237.98,228.06,3.048,3.2156,-0.03048,-1.8898,16,9.92
19,238.28,228.38,3.045,3.0267,0.03048,-0.27432,16,9.9
19.1,238.59,228.69,3.048,2.9992,0,0.33528,16,9.9
19.2,238.89,228.99,3.048,3.0328,0,0.21336,16,9.9
19.3,239.2,229.29,3.048,3.0541,0,-0.06096,16,9.91
19.4,239.5,229.6,3.048,3.048,0,0,16,9.9
19.5,239.81,229.9,3.048,3.048,0,0,16,9.91
19.6,240.11,230.21,3.048,3.048,0,0,16,9.9
19.7,240.42,230.51,3.048,3.048,-0.03048,0,16,9.91
19.8,240.72,230.82,3.045,3.048,0.1524,0,16,9.9
19.9,241.03,231.12,3.0602,3.048,0.36576,0,16,9.91
20,241.33,231.42,3.0968,3.048,-0.36576,0,16,9.91
20.1,241.64,231.73,3.0602,3.048,-1.8898,0,16,9.91
20.2,241.95,232.03,2.8712,3.048,-3.2918,0,16,9.92
20.3,242.24,232.34,2.542,3.048,-3.2309,0,16,9.9
20.4,242.49,232.64,2.2189,3.048,-1.6154,0,16,9.85
20.5,242.71,232.95,2.0574,3.048,-0.70104,0,16,9.76
20.6,242.92,233.25,1.9873,3.048,-1.2192,0,16,9.67
20.7,243.12,233.56,1.8654,3.048,-1.8593,0,16,9.56
20.8,243.3,233.86,1.6794,3.048,-1.5545,0,16,9.44
20.9,243.47,234.17,1.524,3.048,-0.42672,0,16,9.3
21,243.62,234.47,1.4813,3.048,0.3048,0,16,9.15
21.1,243.77,234.78,1.5118,3.048,0.1524,-0.06096,16,8.99
21.2,243.92,235.08,1.527,3.0419,-0.03048,0.21336,16,8.84
21.3,244.07,235.39,1.524,3.0632,0,0.33528,16,8.68
21.4,244.23,235.69,1.524,3.0968,0,-0.27432,16,8.54
21.5,244.38,236,1.524,3.0693,0,-1.8898,16,8.38
21.6,244.53,236.31,1.524,2.8804,0,-4.1453,16,8.22
21.7,244.68,236.6,1.524,2.4658,0,-3.5966,16,8.08
21.8,244.84,236.84,1.524,2.1062,0.06096,-4.1453,16,8
21.9,244.99,237.05,1.5301,1.6916,-0.21336,-1.8898,16,7.94
22,245.14,237.22,1.5088,1.5027,-0.24384,-0.27432,16,7.92
22.1,245.29,237.37,1.4844,1.4752,0.33528,0.33528,16,7.92
22.2,245.44,237.52,1.5179,1.5088,1.3106,0.21336,16,7.92
22.3,245.59,237.67,1.649,1.5301,2.286,-0.06096,16,7.92
22.4,245.76,237.83,1.8776,1.524,2.7737,0,16,7.93
22.5,245.95,237.98,2.1549,1.524,2.6213,0,16,7.97
22.6,246.16,238.13,2.4171,1.524,2.7432,0,16,8.03
22.7,246.4,238.28,2.6914,1.524,2.3774,0,16,8.12
22.8,246.67,238.44,2.9291,1.524,1.1278,0,16,8.23
22.9,246.97,238.59,3.0419,1.524,-0.03048,0,16,8.38
23,247.27,238.74,3.0389,1.524,0.03048,0,16,8.53
23.1,247.57,238.89,3.0419,1.524,1.6764,0,16,8.68
23.2,247.88,239.04,3.2095,1.524,4.2062,0,16,8.84
23.3,248.2,239.2,3.6302,1.524,3.5052,0,16,9
23.4,248.56,239.35,3.9807,1.524,4.3586,0,16,9.21
23.5,248.96,239.5,4.4166,1.524,2.4689,0,16,9.46
23.6,249.4,239.65,4.6634,1.524,0.18288,0.06096,16,9.75
23.7,249.87,239.81,4.6817,1.5301,-0.36576,-0.21336,16,10.06
23.8,250.34,239.96,4.6452,1.5088,1.0363,-0.36576,16,10.38
23.9,250.8,240.11,4.7488,1.4722,3.9014,0.3048,16,10.69
24,251.27,240.26,5.1389,1.5027,3.7795,1.8898,16,11.01
24.1,251.79,240.41,5.5169,1.6916,3.871,4.1758,16,11.38
24.2,252.34,240.58,5.904,2.1092,3.5966,3.5966,16,11.76
24.3,252.93,240.79,6.2636,2.4689,2.1031,3.9929,16,12.14
24.4,253.56,241.04,6.474,2.8682,0.88392,1.524,16,12.52
24.5,254.2,241.32,6.5623,3.0206,0.67056,0.57912,16,12.88
24.6,254.86,241.62,6.6294,3.0785,1.6459,1.463,16,13.24
24.7,255.52,241.93,6.794,3.2248,3.1394,4.0234,16,13.59
24.8,256.2,242.25,7.1079,3.6271,3.3528,3.6271,16,13.95
24.9,256.91,242.62,7.4432,3.9898,1.8898,4.0234,16,14.29
25,257.66,243.02,7.6322,4.3922,0.39624,1.524,16,14.64
25.1,258.42,243.46,7.6718,4.5446,-0.36576,0.54864,16,14.96
25.2,259.19,243.91,7.6352,4.5994,-0.21336,1.524,16,15.28
25.3,259.95,244.37,7.6139,4.7518,0.03048,3.9929,16,15.58
25.4,260.71,244.84,7.617,5.1511,1.14E-11,3.6271,16,15.87
25.5,261.48,245.36,7.617,5.5138,0.1524,4.1453,16,16.12
25.6,262.24,245.91,7.6322,5.9284,0.39624,1.9202,16,16.33
25.7,263,246.5,7.6718,6.1204,-0.39624,0.24384,16,16.5
25.8,263.77,247.12,7.6322,6.1448,-1.8898,-0.36576,16,16.65
25.9,264.53,247.73,7.4432,6.1082,-3.3223,-0.33528,16,16.8
26,265.28,248.34,7.111,6.0747,-3.1699,0.36576,16,16.94
26.1,265.99,248.95,6.794,6.1112,-1.6459,0.73152,16,17.04
26.2,266.67,249.56,6.6294,6.1844,-0.762,0.3048,16,17.11
26.3,267.33,250.18,6.5532,6.2149,-1.0363,-0.4572,16,17.15
26.4,267.98,250.8,6.4496,6.1692,-1.585,-1.0058,16,17.18
26.5,268.63,251.42,6.2911,6.0686,-1.8593,0.06096,16,17.21
26.6,269.26,252.02,6.1051,6.0747,-1.7678,1.8593,16,17.24
26.7,269.87,252.63,5.9284,6.2606,-2.0117,2.3165,16,17.24
26.8,270.46,253.26,5.7272,6.4922,-2.5603,1.1887,16,17.2
26.9,271.03,253.91,5.4712,6.6111,-2.6822,-1.1887,16,17.12
27,271.58,254.57,5.2029,6.4922,-2.7737,-2.3165,16,17.01
27.1,272.1,255.22,4.9256,6.2606,-2.286,-1.7069,16,16.88
27.2,272.59,255.84,4.697,6.0899,-1.3716,-0.36576,16,16.75
27.3,273.06,256.45,4.5598,6.0533,-0.1524,0.3048,16,16.61
27.4,273.52,257.06,4.5446,6.0838,0.64008,0.1524,16,16.46
27.5,273.97,257.67,4.6086,6.099,-0.09144,-0.03048,16,16.3
27.6,274.43,258.28,4.5994,6.096,-1.9507,0,16,16.15
27.7,274.89,258.89,4.4044,6.096,-4.1453,0,16,16
27.8,275.34,259.49,3.9898,6.096,-3.5662,0,16,15.85
27.9,275.73,260.1,3.6332,6.096,-4.2062,-0.03048,16,15.63
28,276.1,260.71,3.2126,6.093,-1.8593,0.1524,16,15.39
28.1,276.42,261.32,3.0267,6.1082,-0.3048,0.39624,16,15.1
28.2,276.72,261.93,2.9962,6.1478,0.39624,-0.3048,16,14.79
28.3,277.02,262.55,3.0358,6.1173,0.18288,-1.8898,16,14.47
28.4,277.32,263.16,3.0541,5.9284,-0.06096,-4.1758,16,14.16
28.5,277.63,263.75,3.048,5.5108,0,-3.5357,16,13.88
28.6,277.93,264.3,3.048,5.1572,0,-4.2062,16,13.63
28.7,278.24,264.82,3.048,4.7366,-0.03048,-1.8288,16,13.42
28.8,278.54,265.29,3.045,4.5537,0.03048,-0.33528,16,13.25
28.9,278.85,265.75,3.048,4.5202,0,0.39624,16,13.1
29,279.15,266.2,3.048,4.5598,0,0.12192,16,12.95
29.1,279.46,266.66,3.048,4.572,0.03048,0.12192,16,12.8
29.2,279.76,267.11,3.051,4.5842,-0.09144,0.39624,16,12.65
29.3,280.07,267.57,3.0419,4.6238,0.18288,-0.3048,16,12.5
29.4,280.37,268.04,3.0602,4.5933,0.3048,-1.8898,16,12.33
29.5,280.68,268.49,3.0907,4.4044,-0.36576,-4.1758,16,12.19
29.6,280.99,268.94,3.0541,3.9868,-1.7069,-3.5357,16,12.05
29.7,281.29,269.33,2.8834,3.6332,-2.3165,-4.2062,16,11.96
29.8,281.58,269.7,2.6518,3.2126,-1.1887,-1.8288,16,11.88
29.9,281.85,270.02,2.5329,3.0297,1.1887,-0.33528,16,11.83
30,282.1,270.32,2.6518,2.9962,2.3165,0.36576,16,11.78
30.1,282.37,270.62,2.8834,3.0328,1.7069,0.21336,16,11.75
30.2,282.65,270.92,3.0541,3.0541,0.42672,-0.06096,16,11.73
30.3,282.96,271.23,3.0968,3.048,-0.48768,0.03048,16,11.73
30.4,283.27,271.53,3.048,3.051,-0.48768,-0.03048,16,11.74
30.5,283.57,271.84,2.9992,3.048,0.48768,0,16,11.73
30.6,283.87,272.14,3.048,3.048,1.5545,-0.03048,16,11.73
30.7,284.18,272.45,3.2034,3.045,1.8593,0.03048,16,11.73
30.8,284.5,272.75,3.3894,3.048,1.1887,-0.06096,16,11.75
30.9,284.84,273.06,3.5082,3.0419,0.762,0.21336,16,11.78
31,285.19,273.36,3.5844,3.0632,1.6154,0.27432,16,11.83
31.1,285.55,273.67,3.746,3.0907,3.1699,-0.42672,16,11.88
31.2,285.92,273.98,4.063,3.048,3.2918,-1.4935,16,11.94
31.3,286.33,274.28,4.3922,2.8986,2.1336,-2.0422,16,12.05
31.4,286.77,274.57,4.6055,2.6944,-0.03048,-1.5545,16,12.2
31.5,287.23,274.84,4.6025,2.539,-1.2192,-0.54864,16,12.39
31.6,287.69,275.1,4.4806,2.4841,-0.73152,0.03048,16,12.59
31.7,288.14,275.34,4.4074,2.4872,-0.12192,0.4572,16,12.8
31.8,288.58,275.59,4.3952,2.5329,1.3716,1.7374,16,12.99
31.9,289.02,275.85,4.5324,2.7066,3.2309,2.3774,16,13.17
32,289.47,276.12,4.8555,2.9444,4.3282,1.0668,16,13.35
32.1,289.95,276.41,5.2883,3.051,3.81,-1.2192,16,13.54
32.2,290.48,276.72,5.6693,2.9291,4.572,-2.6822,16,13.76
32.3,291.05,277.01,6.1265,2.6609,2.7737,-1.3106,16,14.04
32.4,291.66,277.28,6.4038,2.5298,0.4572,1.1887,16,14.38
32.5,292.3,277.53,6.4496,2.6487,-0.48768,2.4079,16,14.77
32.6,292.95,277.79,6.4008,2.8895,-0.18288,1.524,16,15.16
32.7,293.59,278.08,6.3825,3.0419,0.03048,0.06096,16,15.51
32.8,294.23,278.39,6.3856,3.048,0,0.09144,16,15.84
32.9,294.87,278.69,6.3856,3.0571,5.68E-12,1.0973,16,16.18
33,295.5,279,6.3856,3.1669,-5.68E-12,2.347,16,16.5
33.1,296.14,279.31,6.3856,3.4016,0,2.8042,16,16.83
33.2,296.78,279.65,6.3856,3.682,0,2.5298,16,17.13
33.3,297.42,280.02,6.3856,3.935,0.06096,2.4689,16,17.4
33.4,298.06,280.42,6.3917,4.1819,-0.18288,2.4994,16,17.64
33.5,298.7,280.83,6.3734,4.4318,-0.27432,3.3833,16,17.87
33.6,299.33,281.28,6.3459,4.7701,0.27432,3.81,16,18.05
33.7,299.97,281.75,6.3734,5.1511,1.524,3.5966,16,18.22
33.8,300.61,282.27,6.5258,5.5108,2.9566,3.749,16,18.34
33.9,301.26,282.82,6.8214,5.8857,3.6271,2.2555,16,18.44
34,301.94,283.41,7.1841,6.1112,2.9566,1.585,16,18.53
34.1,302.66,284.02,7.4798,6.2697,1.5545,1.9507,16,18.64
34.2,303.41,284.65,7.6352,6.4648,0.33528,2.5603,16,18.76
34.3,304.17,285.29,7.6688,6.7208,-0.51816,2.9566,16,18.88
34.4,304.94,285.97,7.617,7.0165,-0.54864,2.1946,16,18.97
34.5,305.7,286.67,7.5621,7.236,0.39624,1.0668,16,19.03
34.6,306.46,287.39,7.6017,7.3426,1.8593,1.0363,16,19.07
34.7,307.22,288.13,7.7876,7.4463,4.1453,1.8593,16,19.09
34.8,307.99,288.87,8.2022,7.6322,3.5662,3.2614,16,19.12
34.9,308.82,289.63,8.5588,7.9583,4.2062,3.5966,16,19.19
35,309.67,290.43,8.9794,8.318,1.8288,2.4384,16,19.24
35.1,310.57,291.26,9.1623,8.5618,0.33528,1.1887,16,19.31
35.2,311.49,292.12,9.1958,8.6807,-0.39624,0.09144,16,19.37
35.3,312.4,292.98,9.1562,8.6898,-0.18288,-0.33528,16,19.42
35.4,313.32,293.85,9.1379,8.6563,0.06096,-0.09144,16,19.47
35.5,314.23,294.72,9.144,8.6472,0,0.03048,16,19.51
35.6,315.15,295.58,9.144,8.6502,0,-0.18288,16,19.57
35.7,316.06,296.45,9.144,8.6319,-0.51816,-0.06096,16,19.61
35.8,316.98,297.31,9.0922,8.6258,1.0363,0.64008,16,19.67
35.9,317.89,298.17,9.1958,8.6898,2.1336,1.0973,16,19.72
36,318.81,299.04,9.4092,8.7996,0.82296,1.463,16,19.77
36.1,319.75,299.92,9.4915,8.9459,-0.79248,1.585,16,19.83
36.2,320.7,300.82,9.4122,9.1044,-2.1946,1.8288,16,19.88
36.3,321.64,301.73,9.1928,9.2873,-1.0058,2.2555,16,19.91
36.4,322.56,302.66,9.0922,9.5128,0.48768,2.6518,16,19.9
36.5,323.47,303.61,9.141,9.778,0.03048,2.9261,16,19.86
36.6,324.38,304.59,9.144,10.071,-0.03048,2.5603,16,19.79
36.7,325.29,305.59,9.141,10.327,0.03048,1.0668,16,19.7
36.8,326.21,306.63,9.144,10.433,0,-1.0668,16,19.58
36.9,327.12,307.67,9.144,10.327,-0.06096,-2.5603,16,19.45
37,328.04,308.7,9.1379,10.071,0.18288,-2.9261,16,19.34
37.1,328.95,309.71,9.1562,9.778,0.36576,-2.8042,16,19.24
37.2,329.87,310.69,9.1928,9.4976,-0.27432,-2.286,16,19.18
37.3,330.79,311.64,9.1653,9.269,-1.8898,-1.3106,16,19.15
37.4,331.7,312.56,8.9764,9.1379,-4.1758,-0.36576,16,19.14
37.5,332.6,313.48,8.5588,9.1013,-3.5662,0.3048,16,19.12
37.6,333.46,314.39,8.2022,9.1318,-4.1758,0.18288,16,19.07
37.7,334.28,315.3,7.7846,9.1501,-1.8593,-0.06096,16,18.98
37.8,335.05,316.22,7.5987,9.144,-0.3048,-0.51816,16,18.83
37.9,335.81,317.13,7.5682,9.0922,0.36576,1.0058,16,18.68
38,336.57,318.04,7.6048,9.1928,0.21336,2.225,16,18.53
38.1,337.33,318.96,7.6261,9.4153,-0.06096,0.82296,16,18.37
38.2,338.09,319.9,7.62,9.4976,0,-0.85344,16,18.19
38.3,338.86,320.85,7.62,9.4122,0.57912,-2.1946,16,18.01
38.4,339.62,321.79,7.6779,9.1928,-1.1582,-1.0058,16,17.83
38.5,340.39,322.71,7.5621,9.0922,-2.5908,0.48768,16,17.68
38.6,341.14,323.62,7.303,9.141,-0.9144,0.03048,16,17.52
38.7,341.87,324.53,7.2116,9.144,0.9144,-0.06096,16,17.34
38.8,342.59,325.45,7.303,9.1379,2.5908,0.18288,16,17.14
38.9,343.32,326.36,7.5621,9.1562,1.1887,0.27432,16,16.96
39,344.08,327.28,7.681,9.1836,-0.6096,-0.33528,16,16.8
39.1,344.85,328.2,7.62,9.1501,0,-1.2802,16,16.65
39.2,345.61,329.11,7.62,9.0221,0,-2.4384,16,16.5
39.3,346.37,330.01,7.62,8.7782,-0.03048,-2.9261,16,16.36
39.4,347.13,330.89,7.617,8.4856,0.03048,-2.3774,16,16.24
39.5,347.9,331.74,7.62,8.2479,0,-1.1582,16,16.16
39.6,348.66,332.56,7.62,8.1321,0.03048,-0.06096,16,16.1
39.7,349.42,333.38,7.623,8.126,-0.03048,-0.06096,16,16.04
39.8,350.18,334.19,7.62,8.1199,0,-1.4021,16,15.99
39.9,350.94,335,7.62,7.9797,0,-2.1031,16,15.94
40,351.71,335.8,7.62,7.7694,0,-1.4935,16,15.91
40.1,352.47,336.58,7.62,7.62,0,-0.42672,16,15.89
40.2,353.23,337.34,7.62,7.5773,0,0.27432,16,15.89
40.3,353.99,338.1,7.62,7.6048,0,0.18288,16,15.89
40.4,354.75,338.86,7.62,7.623,0,0.57912,16,15.89
40.5,355.52,339.62,7.62,7.681,0.03048,-1.2192,16,15.9
40.6,356.28,340.39,7.623,7.559,-0.18288,-2.5603,16,15.89
40.7,357.04,341.14,7.6048,7.303,-0.27432,-1.0058,16,15.9
40.8,357.8,341.87,7.5773,7.2024,0.4572,0.97536,16,15.93
40.9,358.56,342.59,7.623,7.3,1.524,2.6213,16,15.97
41,359.32,343.32,7.7754,7.5621,1.8593,1.1887,16,16
41.1,360.1,344.08,7.9614,7.681,1.1887,-0.6096,16,16.02
41.2,360.9,344.85,8.0802,7.62,0.54864,0,16,16.05
41.3,361.7,345.61,8.1351,7.62,2.0117,0,16,16.09
41.4,362.52,346.37,8.3363,7.62,4.0538,0,16,16.15
41.5,363.35,347.13,8.7417,7.62,3.6271,0,16,16.22
41.6,364.22,347.9,9.1044,7.62,1.6154,0,16,16.32
41.7,365.13,348.66,9.2659,7.62,-0.64008,0,16,16.47
41.8,366.06,349.42,9.2019,7.62,-1.0668,-0.03048,16,16.64
41.9,366.98,350.18,9.0952,7.617,0.36576,0.03048,16,16.8
42,367.89,350.94,9.1318,7.62,1.3411,0,16,16.95
42.1,368.8,351.71,9.2659,7.62,2.3774,0,16,17.09
42.2,369.73,352.47,9.5037,7.62,3.109,0,16,17.26
42.3,370.68,353.23,9.8146,7.62,2.5908,0,16,17.45
42.4,371.66,353.99,10.074,7.62,0.97536,0,16,17.67
42.5,372.67,354.75,10.171,7.62,-1.2192,0.03048,16,17.92
42.6,373.69,355.52,10.049,7.623,-2.225,-0.03048,16,18.17
42.7,374.69,356.28,9.8268,7.62,-1.4326,0,16,18.41
42.8,375.67,357.04,9.6835,7.62,-0.70104,0,16,18.63
42.9,376.64,357.8,9.6134,7.62,-1.2802,0,16,18.84
43,377.6,358.56,9.4854,7.62,-1.8593,-0.03048,16,19.04
43.1,378.55,359.33,9.2994,7.617,-1.5545,0.03048,16,19.22
43.2,379.48,360.09,9.144,7.62,-0.36576,0,16,19.39
43.3,380.4,360.85,9.1074,7.62,0.12192,0,16,19.55
43.4,381.31,361.61,9.1196,7.62,-0.09144,-0.1524,16,19.7
43.5,382.22,362.37,9.1105,7.6048,0.21336,0.21336,16,19.85
43.6,383.13,363.13,9.1318,7.6261,1.524,0.6096,16,20
43.7,384.04,363.9,9.2842,7.6871,2.2555,0.67056,16,20.14
43.8,384.97,364.67,9.5098,7.7541,1.4326,0.97536,16,20.3
43.9,385.92,365.44,9.653,7.8516,-0.1524,1.463,16,20.48
44,386.89,366.23,9.6378,7.998,-1.1278,2.3165,16,20.66
44.1,387.85,367.03,9.525,8.2296,-1.0668,2.8346,16,20.82
44.2,388.81,367.85,9.4183,8.5131,-0.06096,2.7432,16,20.96
44.3,389.75,368.7,9.4122,8.7874,-1.1278,2.3165,16,21.05
44.4,390.69,369.58,9.2994,9.019,-1.8288,1.3106,16,21.11
44.5,391.62,370.48,9.1166,9.1501,-0.6096,0.39624,16,21.14
44.6,392.53,371.4,9.0556,9.1897,0.64008,-0.4572,16,21.13
44.7,393.44,372.32,9.1196,9.144,1.7983,-0.4572,16,21.12
44.8,394.35,373.23,9.2994,9.0983,0.82296,0.36576,16,21.12
44.9,395.28,374.14,9.3817,9.1349,-0.39624,1.3411,16,21.14
45,396.22,375.05,9.3421,9.269,-0.03048,2.3165,16,21.17
45.1,397.15,375.98,9.3391,9.5006,5.68E-12,2.6822,16,21.17
45.2,398.08,376.93,9.3391,9.7688,0.03048,2.8042,16,21.15
45.3,399.02,377.91,9.3421,10.049,-5.68E-12,3.0785,16,21.11
45.4,399.95,378.91,9.3421,10.357,-0.09144,1.9507,16,21.04
45.5,400.89,379.95,9.333,10.552,0.1524,-0.48768,16,20.94
45.6,401.82,381,9.3482,10.503,0.4572,-2.1031,16,20.82
45.7,402.75,382.05,9.3939,10.293,-0.12192,-1.3411,16,20.7
45.8,403.69,383.08,9.3817,10.159,-1.6154,1.6459,16,20.61
45.9,404.63,384.1,9.2202,10.324,-3.6881,3.9624,16,20.53
46,405.55,385.13,8.8514,10.72,-3.871,3.7795,16,20.42
46.1,406.44,386.2,8.4643,11.098,-3.6576,2.1641,16,20.24
46.2,407.29,387.31,8.0985,11.314,-1.6154,0.94488,16,19.98
46.3,408.1,388.44,7.937,11.409,-0.12192,-1.0363,16,19.66
46.4,408.89,389.58,7.9248,11.305,0.48768,-1.4935,16,19.31
46.5,409.68,390.72,7.9736,11.156,0.09144,-0.39624,16,18.96
46.6,410.48,391.83,7.9827,11.116,-0.06096,-1.0668,16,18.65
46.7,411.28,392.94,7.9766,11.009,0.03048,-4.4806,16,18.34
46.8,412.07,394.04,7.9797,10.561,-0.03048,-4.9073,16,18.03
46.9,412.87,395.1,7.9766,10.071,0.03048,-5.0597,16,17.77
47,413.67,396.11,7.9797,9.5646,-0.03048,-5.2121,16,17.56
47.1,414.47,397.06,7.9766,9.0434,0.03048,-4.1148,16,17.41
47.2,415.27,397.97,7.9797,8.6319,0.48768,0.57912,16,17.3
47.3,416.06,398.83,8.0284,8.6898,-0.79248,1.4935,16,17.23
47.4,416.87,399.7,7.9492,8.8392,-2.4689,0.42672,16,17.17
47.5,417.66,400.58,7.7023,8.8819,-1.6459,-0.24384,16,17.08
47.6,418.43,401.47,7.5377,8.8575,0.4572,-0.12192,16,16.96
47.7,419.19,402.36,7.5834,8.8453,2.4079,0.03048,16,16.83
47.8,419.94,403.24,7.8242,8.8483,1.8288,0,16,16.7
47.9,420.73,404.13,8.0071,8.8483,-0.09144,0.03048,16,16.6
48,421.53,405.01,7.998,8.8514,-0.21336,-0.03048,16,16.52
48.1,422.33,405.9,7.9766,8.8483,-5.68E-12,0.03048,16,16.43
48.2,423.12,406.78,7.9766,8.8514,0.03048,-0.03048,16,16.34
48.3,423.92,407.67,7.9797,8.8483,-0.03048,0,16,16.25
48.4,424.72,408.55,7.9766,8.8483,-0.03048,0,16,16.17
48.5,425.52,409.44,7.9736,8.8483,0.06096,5.68E-12,16,16.08
48.6,426.32,410.32,7.9797,8.8483,0.18288,0.03048,16,16
48.7,427.11,411.21,7.998,8.8514,-0.06096,-0.03048,16,15.9
48.8,427.91,412.09,7.9919,8.8483,-0.39624,1.14E-11,16,15.82
48.9,428.71,412.98,7.9522,8.8483,-0.94488,-5.68E-12,16,15.73
49,429.51,413.86,7.8577,8.8483,-1.7678,0,16,15.65
49.1,430.29,414.75,7.681,8.8483,-2.5603,0.03048,16,15.54
49.2,431.06,415.63,7.4249,8.8514,-2.4079,0.67056,16,15.43
49.3,431.8,416.52,7.1841,8.9184,-0.6096,-1.3411,16,15.28
49.4,432.52,417.41,7.1232,8.7843,1.1582,-2.8956,16,15.11
49.5,433.23,418.29,7.239,8.4948,0.67056,-1.0973,16,14.94
49.6,433.96,419.14,7.3061,8.385,-0.70104,1.2497,16,14.82
49.7,434.69,419.97,7.236,8.51,-0.9144,3.2004,16,14.72
49.8,435.41,420.82,7.1445,8.8301,0.79248,1.0363,16,14.59
49.9,436.13,421.71,7.2238,8.9337,2.3165,-2.5298,16,14.42
50,436.85,422.6,7.4554,8.6807,1.6459,-4.2367,16,14.25
50.1,437.59,423.47,7.62,8.257,0.42672,-3.5357,16,14.12
50.2,438.36,424.3,7.6627,7.9035,-0.27432,-4.2062,16,14.06
50.3,439.12,425.09,7.6352,7.4828,-0.21336,-1.8898,16,14.03
50.4,439.89,425.83,7.6139,7.2939,0.06096,-0.27432,16,14.06
50.5,440.65,426.56,7.62,7.2664,0.39624,0.39624,16,14.09
50.6,441.41,427.29,7.6596,7.3061,-0.79248,0.18288,16,14.12
50.7,442.18,428.02,7.5804,7.3243,-1.8288,-0.06096,16,14.16
50.8,442.93,428.75,7.3975,7.3182,-0.64008,1.14E-11,16,14.18
50.9,443.67,429.48,7.3335,7.3182,0.67056,-5.68E-12,16,14.19
51,444.41,430.22,7.4005,7.3182,1.8288,1.14E-11,16,14.19
51.1,445.15,430.95,7.5834,7.3182,0.64008,-1.14E-11,16,14.2
51.2,445.91,431.68,7.6474,7.3182,-0.70104,-5.68E-12,16,14.23
51.3,446.67,432.41,7.5773,7.3182,0.4572,1.71E-11,16,14.26
51.4,447.43,433.14,7.623,7.3182,1.463,-1.14E-11,16,14.29
51.5,448.19,433.88,7.7694,7.3182,2.0726,0.03048,16,14.31
51.6,448.97,434.61,7.9766,7.3213,1.4935,-0.03048,16,14.36
51.7,449.77,435.34,8.126,7.3182,0.54864,-0.06096,16,14.43
51.8,450.58,436.07,8.1808,7.3122,-0.03048,-0.09144,16,14.51
51.9,451.4,436.8,8.1778,7.303,-0.85344,0.1524,16,14.6
52,452.21,437.53,8.0924,7.3182,-1.3106,0.51816,16,14.68
52.1,453.02,438.26,7.9614,7.3701,-0.36576,0.9144,16,14.76
52.2,453.82,439,7.9248,7.4615,0.82296,0.73152,16,14.82
52.3,454.61,439.75,8.0071,7.5347,0.42672,0.27432,16,14.86
52.4,455.41,440.5,8.0498,7.5621,-0.67056,1.0058,16,14.91
52.5,456.22,441.26,7.9827,7.6627,-0.21336,0.94488,16,14.96
52.6,457.02,442.02,7.9614,7.7572,2.0422,1.6459,16,15
52.7,457.81,442.8,8.1656,7.9218,4.2672,4.2672,16,15.01
52.8,458.63,443.59,8.5923,8.3485,3.81,3.3528,16,15.04
52.9,459.49,444.43,8.9733,8.6838,1.8288,4.3282,16,15.06
53,460.38,445.29,9.1562,9.1166,0.4572,1.2497,16,15.09
53.1,461.3,446.21,9.2019,9.2415,-0.57912,-0.82296,16,15.09
53.2,462.22,447.13,9.144,9.1592,0,-0.21336,16,15.09